text_id,side,persona,text,pool,reason,n_raters,raters_raw,human_majority,human_agree
287,a,a die-hard fan who waited years to see this band live,"I felt ... the last time I was at a concert of my favourite band, watching the band walk out on stage felt magical and hearing all my favourite songs live was bliss",Unambiguous,mask_fix,3,joy|joy|joy,joy,1.0
287,b,someone who tagged along with a friend without being a big fan,"I felt ... the last time I was at a concert of my favourite band, watching the band walk out on stage felt magical and hearing all my favourite songs live was bliss",Unambiguous,mask_fix,3,surprise|fear|relief,surprise,0.333
315,a,"the anxious owner of a frail, elderly cat riding out the storm","I felt ... the other day because our fire alarm in the building went off as Tropical Storm Ida came through - we had to stand outside in a torrential downpour. I had my cat with me and she was freaking out as well. My boyfriend told us to go to his car to sit since we were drenched and the rain was not going to stop anytime soon. We got in the car and my cat was still freaking out - my roommate wanted my boyfriend to turn on some music and make it loud. We both told him no because my cat was having trouble with everything going on. Also, she is 17, so she is quite old, so I worry about her stress levels. After we told him no, he then proceeded to sing VERY loudly and when we scowled at him for it, he said ""well she is meowing and stressed either way"", and he did not care that she was having trouble and that I was trying to calm her down. That made me ....",Unambiguous,mask_fix,3,anger|sadness|fear,anger,0.333
315,b,someone recounting a chaotic storm night as a colorful anecdote for friends,"I felt ... the other day because our fire alarm in the building went off as Tropical Storm Ida came through - we had to stand outside in a torrential downpour. I had my cat with me and she was freaking out as well. My boyfriend told us to go to his car to sit since we were drenched and the rain was not going to stop anytime soon. We got in the car and my cat was still freaking out - my roommate wanted my boyfriend to turn on some music and make it loud. We both told him no because my cat was having trouble with everything going on. Also, she is 17, so she is quite old, so I worry about her stress levels. After we told him no, he then proceeded to sing VERY loudly and when we scowled at him for it, he said ""well she is meowing and stressed either way"", and he did not care that she was having trouble and that I was trying to calm her down. That made me ....",Unambiguous,mask_fix,3,anger|fear|disgust,anger,0.333
378,a,an adult child who has been repeatedly gaslit by this parent for years,"I felt ... when my mom did something wrong and immature. When I tried to talk to her about how wrong her behaviour was, she gaslight me and played the vicitm.",Author-Relevant Ambiguous,mask_fix,3,anger|sadness|sadness,sadness,0.667
378,b,"someone estranged from their mother, cautiously trying to reconnect","I felt ... when my mom did something wrong and immature. When I tried to talk to her about how wrong her behaviour was, she gaslight me and played the vicitm.",Author-Relevant Ambiguous,mask_fix,3,sadness|fear|anger,sadness,0.333
441,a,"a woman recently discovering the infidelity, blindsided",I felt ... because my boyfriend cheated on me,Author-Relevant Ambiguous,mask_fix,3,disgust|anger|anger,anger,0.667
441,b,a woman who had long suspected her boyfriend was unfaithful and just got confirmation,I felt ... because my boyfriend cheated on me,Author-Relevant Ambiguous,mask_fix,4,relief|disgust|disgust|anger,disgust,0.5
641,a,a top student who has never questioned their grading before,I felt ... when I got a bad mark on an assignment because of unfair marking.,Unambiguous,mask_fix,3,disgust|fear|anger,disgust,0.333
641,b,a student who has previously filed grievances about inconsistent grading in this course,I felt ... when I got a bad mark on an assignment because of unfair marking.,Unambiguous,mask_fix,3,anger|anger|disgust,anger,0.667
922,a,the narrator on her wedding day,"I got married to my husband. When we said our vows, I ... that they meant them and that I was safe.",Author-Independent Ambiguous,mask_fix,3,disgust|trust|trust,trust,0.667
922,b,a guest attending the wedding ceremony,"I got married to my husband. When we said our vows, I ... that they meant them and that I was safe.",Author-Independent Ambiguous,mask_fix,3,trust|trust|relief,trust,0.667
2105,a,a student who barely scraped by after struggling academically all year,I felt ... when I passed my exams.,Author-Relevant Ambiguous,replacement,4,sadness|relief|relief|relief,relief,0.75
2105,b,a top student who expected to pass easily,I felt ... when I passed my exams.,Author-Relevant Ambiguous,replacement,3,pride|joy|joy,joy,0.667
2168,a,"someone whose closest, oldest friendship is now falling apart",I felt ... when arguing with a friend,Author-Relevant Ambiguous,mask_fix,3,sadness|fear|anger,sadness,0.333
2168,b,someone quick to anger who frequently bickers with casual acquaintances,I felt ... when arguing with a friend,Author-Relevant Ambiguous,mask_fix,3,anger|anger|shame,anger,0.667
2172,a,a young adult,I was diagnosed with fibromyalgia,Author-Relevant Ambiguous,replacement,3,trust|fear|sadness,trust,0.333
2172,b,an elderly person,I was diagnosed with fibromyalgia,Author-Relevant Ambiguous,replacement,4,sadness|sadness|sadness|sadness,sadness,1.0
2182,a,"a child targeted by classmates for something out of their control, like appearance or family background",I was bullied badly and everyone made fun of me in a situation that made me feel ...,Author-Relevant Ambiguous,mask_fix,3,anger|guilt|joy,anger,0.333
2182,b,an adult recalling workplace mockery from colleagues they considered friends but who crossed a line,I was bullied badly and everyone made fun of me in a situation that made me feel ...,Author-Relevant Ambiguous,mask_fix,3,sadness|disgust|sadness,sadness,0.667
2187,a,someone who prides themselves on staying calm and rarely losing their temper,"One day as my sister and I were sharing a car, she decided she was not going to let me have it. She had done this many times before and was doing a horrible job of sharing and helping me get to work. I lost my temper in front of her and my mother. I was slamming doors and yelling. I have not thrown a fit like that ever since. I still feel ... I let my emotions get the best of me.",Author-Relevant Ambiguous,mask_fix,4,guilt|guilt|shame|guilt,guilt,0.75
2187,b,someone raised in a household where yelling and door-slamming were normal ways to express frustration,"One day as my sister and I were sharing a car, she decided she was not going to let me have it. She had done this many times before and was doing a horrible job of sharing and helping me get to work. I lost my temper in front of her and my mother. I was slamming doors and yelling. I have not thrown a fit like that ever since. I still feel ... I let my emotions get the best of me.",Author-Relevant Ambiguous,mask_fix,3,shame|anger|disgust,shame,0.333
2198,a,a devoted England fan,England scored in the 2n minute of the Euros final,Author-Relevant Ambiguous,replacement,3,joy|pride|surprise,joy,0.333
2198,b,a neutral fan watching for the spectacle,England scored in the 2n minute of the Euros final,Author-Relevant Ambiguous,replacement,3,joy|guilt|anger,joy,0.333
2212,a,a pet owner whose cat sleeps beside them,I felt ... when my cat sleeps by me,Author-Relevant Ambiguous,mask_fix,3,joy|joy|joy,joy,1.0
2212,b,a veterinarian discussing normal cat sleeping behavior,I felt ... when my cat sleeps by me,Author-Relevant Ambiguous,mask_fix,3,trust|relief|disgust,trust,0.333
2213,a,the narrator who took the pay cut,My manager asked me to take voluntary pay reduction due to COVID. He promised that my pay would return to normal after 3 months and that I would be rewarded for my sacrifice. I ... him and it all worked out well.,Author-Relevant Ambiguous,mask_fix,3,trust|trust|trust,trust,1.0
2213,b,an HR representative processing a temporary pay reduction,My manager asked me to take voluntary pay reduction due to COVID. He promised that my pay would return to normal after 3 months and that I would be rewarded for my sacrifice. I ... him and it all worked out well.,Author-Relevant Ambiguous,mask_fix,4,disgust|trust|trust|relief,trust,0.5
2224,a,someone who has been let down by travel companions before,I knew I could rely on a friend on holiday as I have had previous bad experiences with holidays with friends,Author-Relevant Ambiguous,replacement,3,fear|fear|guilt,fear,0.667
2224,b,someone who has always had good experiences traveling with friends,I knew I could rely on a friend on holiday as I have had previous bad experiences with holidays with friends,Author-Relevant Ambiguous,replacement,3,trust|joy|relief,trust,0.333
2228,a,an experienced rider approaching a familiar jump,"Approaching a large jump on a horse, I ... the horse to safely get us over it.",Author-Independent Ambiguous,mask_fix,3,pride|pride|fear,pride,0.667
2228,b,a first-time spectator watching the jump from the sidelines,"Approaching a large jump on a horse, I ... the horse to safely get us over it.",Author-Independent Ambiguous,mask_fix,3,trust|trust|fear,trust,0.667
3283,a,a woman who has had to make a difficult reproductive health decision herself,I felt ... when I listened to a man’s pro life views after the passing of the new Texas heartbeat law,Author-Independent Ambiguous,mask_fix,3,joy|fear|trust,joy,0.333
3283,b,a political commentator who disagrees with the law on policy grounds,I felt ... when I listened to a man’s pro life views after the passing of the new Texas heartbeat law,Author-Independent Ambiguous,mask_fix,3,pride|joy|shame,pride,0.333
3290,a,someone with a pronounced fear of insects living alone,I felt ... when I found a bug that was over six inches long in my bathroom when I was home alone and knew I had to handle it myself.,Author-Relevant Ambiguous,replacement,4,joy|fear|fear|fear,fear,0.75
3290,b,someone who dislikes bugs but has dealt with many before,I felt ... when I found a bug that was over six inches long in my bathroom when I was home alone and knew I had to handle it myself.,Author-Relevant Ambiguous,replacement,3,fear|joy|pride,fear,0.333
3319,a,someone casually cleaning up after cooking a big home meal,I felt ... when I looked down at my shoe while washing dishes and saw I had ravioli stuck to it from the pan I had just finished scraping out.,Author-Independent Ambiguous,mask_fix,3,joy|disgust|anger,joy,0.333
3319,b,a professional chef held to strict hygiene standards in their own kitchen,I felt ... when I looked down at my shoe while washing dishes and saw I had ravioli stuck to it from the pan I had just finished scraping out.,Author-Independent Ambiguous,mask_fix,3,disgust|disgust|disgust,disgust,1.0
3328,a,someone eating alone at home who cooked the meal themselves,I felt ... when I ate a meal which had sausages and when i bit into a sausage it had gristle in it,Unambiguous,mask_fix,3,disgust|fear|sadness,disgust,0.333
3328,b,a diner at an expensive restaurant who paid a premium for the meal,I felt ... when I ate a meal which had sausages and when i bit into a sausage it had gristle in it,Unambiguous,mask_fix,3,anger|anger|anger,anger,1.0
3338,a,a close friend who feels protective of the group's trust and friendship bonds,I felt ... when my best friends boyfriend at the time starting texting our other best friend flirty text messages. I was even more ... when I found out that she was responding to these suggestive messages and didn't see an issue with it.,Author-Independent Ambiguous,mask_fix,3,anger|anger|disgust,anger,0.667
3338,b,someone who has been cheated on before and finds this uncomfortably triggering,I felt ... when my best friends boyfriend at the time starting texting our other best friend flirty text messages. I was even more ... when I found out that she was responding to these suggestive messages and didn't see an issue with it.,Author-Independent Ambiguous,mask_fix,3,anger|disgust|disgust,disgust,0.667
3426,a,a teenage girl walking home with a friend late in the evening,"I felt ... when my friend and I were chased through a forest by an older man on our way home. He stood about 20 metres away from us whilst we were sat on a bench for about 15 minutes and then ran after us when we moved, we hid in a bush and he was searching for us until he was deterred by a dog walker.",Unambiguous,mask_fix,3,trust|fear|pride,trust,0.333
3426,b,a martial arts practitioner confident in handling a physical confrontation,"I felt ... when my friend and I were chased through a forest by an older man on our way home. He stood about 20 metres away from us whilst we were sat on a bench for about 15 minutes and then ran after us when we moved, we hid in a bush and he was searching for us until he was deterred by a dog walker.",Unambiguous,mask_fix,4,relief|surprise|disgust|disgust,disgust,0.5
3431,a,a young child having their very first night terror,I felt ... when i had a night terror.,Unambiguous,mask_fix,4,sadness|fear|fear|fear,fear,0.75
3431,b,an adult who has had recurring night terrors for years and recognizes what's happening,I felt ... when i had a night terror.,Unambiguous,mask_fix,3,fear|fear|fear,fear,1.0
3443,a,someone with a pre-existing respiratory condition living alone,I felt ... when I thought I had COVID-19 a few days ago,Unambiguous,mask_fix,3,fear|fear|fear,fear,1.0
3443,b,someone fully vaccinated and boosted with only mild symptoms,I felt ... when I thought I had COVID-19 a few days ago,Unambiguous,mask_fix,3,fear|surprise|fear,fear,0.667
3493,a,someone who was in a committed relationship at the time,I felt ... when I slept with someone I shouldn’t of,Author-Independent Ambiguous,mask_fix,4,guilt|guilt|joy|guilt,guilt,0.75
3493,b,someone who broke a personal promise to a friend not to pursue their sibling,I felt ... when I slept with someone I shouldn’t of,Author-Independent Ambiguous,mask_fix,3,shame|shame|disgust,shame,0.667
3528,a,someone raised in real poverty who still carries anxiety about financial security,"I felt ... whenever I think about how my life could be with another man. I love my boyfriend of two years very much but I still think about my ex a lot because it just felt unresolved (though I'm not entirely sure resolving it would change much). It's mostly because my ex was extremely wealthy and although my current bf and I are well off for our age, it's tough when I consider that I could be flown around in a private jet instead. I feel extremely ... thinking about this and typing it out because I don't want to sound greedy. I just grew up in the lowest income bracket and I can't help but be enticed by money as it was such a barrier growing up. I'm trying really hard to develop a healthier relationship with it as I grow older.",Author-Relevant Ambiguous,replacement,3,shame|trust|trust,trust,0.667
3528,b,someone comfortably well-off who just enjoys fantasizing about a lavish lifestyle,"I felt ... whenever I think about how my life could be with another man. I love my boyfriend of two years very much but I still think about my ex a lot because it just felt unresolved (though I'm not entirely sure resolving it would change much). It's mostly because my ex was extremely wealthy and although my current bf and I are well off for our age, it's tough when I consider that I could be flown around in a private jet instead. I feel extremely ... thinking about this and typing it out because I don't want to sound greedy. I just grew up in the lowest income bracket and I can't help but be enticed by money as it was such a barrier growing up. I'm trying really hard to develop a healthier relationship with it as I grow older.",Author-Relevant Ambiguous,replacement,3,shame|surprise|disgust,shame,0.333
3645,a,a first-generation student whose family sacrificed for her education,I felt ... when I found out I was accepted into graduate school because I was scared that I was not going to make it in and that I was going to have to wait another year to re-apply.,Author-Independent Ambiguous,mask_fix,3,anger|joy|surprise,anger,0.333
3645,b,someone who applied to grad school as a backup option with little personal stake,I felt ... when I found out I was accepted into graduate school because I was scared that I was not going to make it in and that I was going to have to wait another year to re-apply.,Author-Independent Ambiguous,mask_fix,3,relief|relief|anger,relief,0.667
3936,a,a first-generation applicant who feared rejection,I felt ... when I got into university,Author-Independent Ambiguous,mask_fix,3,joy|pride|shame,joy,0.333
3936,b,a legacy applicant whose family has attended for generations,I felt ... when I got into university,Author-Independent Ambiguous,mask_fix,3,disgust|sadness|guilt,disgust,0.333
3975,a,someone who had worked years of insecure temp and contract jobs,I felt ... when I got a job at my current position permanently.,Author-Relevant Ambiguous,replacement,4,guilt|joy|joy|joy,joy,0.75
3975,b,someone converting into a role they were always guaranteed to get,I felt ... when I got a job at my current position permanently.,Author-Relevant Ambiguous,replacement,3,shame|relief|disgust,shame,0.333
4146,a,a broke student living paycheck to paycheck who carefully budgets meals,I felt ... when I was at uni and someone stole my fishcake from the freezer. Had nothing to eat in the evening that day.,Unambiguous,mask_fix,4,sadness|sadness|anger|anger,sadness,0.5
4146,b,a well-off student with plenty of other food options in the shared freezer,I felt ... when I was at uni and someone stole my fishcake from the freezer. Had nothing to eat in the evening that day.,Unambiguous,mask_fix,3,shame|sadness|anger,shame,0.333
4490,a,a parent trying to keep young children calm during the disaster,I felt ... when my family was experiencing a hurricane being stuck in our house. It was ... because two houses behind us caught on fire and our first floor flooded. We were stuck and unable to leave.,Unambiguous,mask_fix,3,fear|relief|fear,fear,0.667
4490,b,an experienced emergency responder who happened to be home during the storm,I felt ... when my family was experiencing a hurricane being stuck in our house. It was ... because two houses behind us caught on fire and our first floor flooded. We were stuck and unable to leave.,Unambiguous,mask_fix,3,joy|guilt|sadness,joy,0.333
4497,a,someone whose home was previously damaged by a lightning strike,"I felt ... when there was a power outage in my home. That day, my wife and I were cuddling in the sitting room when a thunderstorm started. Then ... filled me when thunder hit our roof and all the lights went off.",Unambiguous,mask_fix,4,joy|joy|fear|fear,joy,0.5
4497,b,someone who finds thunderstorms cozy and romantic when safely indoors with a partner,"I felt ... when there was a power outage in my home. That day, my wife and I were cuddling in the sitting room when a thunderstorm started. Then ... filled me when thunder hit our roof and all the lights went off.",Unambiguous,mask_fix,3,joy|fear|joy,joy,0.667
4571,a,a child too intimidated by her harasser's social standing in class to speak up,"In elementary school one of my male classmates starting to sexually harass me everyday, touching me inappropriately in all different places multiple times a day, I was too ... to tell anyone or tell him off.",Author-Relevant Ambiguous,replacement,3,fear|shame|shame,shame,0.667
4571,b,a child who blamed herself for what was happening and thought she'd caused it,"In elementary school one of my male classmates starting to sexually harass me everyday, touching me inappropriately in all different places multiple times a day, I was too ... to tell anyone or tell him off.",Author-Relevant Ambiguous,replacement,3,anger|relief|joy,anger,0.333
4592,a,someone who hates horror and was dragged there by friends,I felt ... when I went to a haunted house amusement park.,Author-Relevant Ambiguous,replacement,3,joy|pride|guilt,joy,0.333
4592,b,a horror enthusiast who seeks out haunted houses for the thrill,I felt ... when I went to a haunted house amusement park.,Author-Relevant Ambiguous,replacement,3,disgust|fear|fear,fear,0.667
4594,a,an ex-partner who has been obsessively checking her former boyfriend's social media,"I felt ... when a man I had feelings for was not responding to my text messages. I have an iPhone and so I use iMessage with others who also have iPhones. When you use iMessage, the chat bubbles are blue, but I noticed one day that the chat bubbles with him were green. That indicates that the recipient does not have an iPhone, or that they are in an area without internet and therefore are getting the messages sent as text messages rather than iMessage. The problem was that he had not been responding and I started wondering if he was seeing my texts at all - then I had a suspicion he had blocked me this entire time. I messaged a mutual friend to ask if he had told them he was angry with me, and I then checked to see if I could still see his profile on social media platforms. I could not. I started getting anxious at the indication that he had blocked me on everything, and that anxiety skyrocketed with each profile I wasn't seeing. My friend told me she could still access his profiles, and it was then I realized he had blocked me on everything.",Author-Independent Ambiguous,mask_fix,3,fear|trust|guilt,fear,0.333
4594,b,someone who recently escaped a controlling relationship and stays alert to warning signs,"I felt ... when a man I had feelings for was not responding to my text messages. I have an iPhone and so I use iMessage with others who also have iPhones. When you use iMessage, the chat bubbles are blue, but I noticed one day that the chat bubbles with him were green. That indicates that the recipient does not have an iPhone, or that they are in an area without internet and therefore are getting the messages sent as text messages rather than iMessage. The problem was that he had not been responding and I started wondering if he was seeing my texts at all - then I had a suspicion he had blocked me this entire time. I messaged a mutual friend to ask if he had told them he was angry with me, and I then checked to see if I could still see his profile on social media platforms. I could not. I started getting anxious at the indication that he had blocked me on everything, and that anxiety skyrocketed with each profile I wasn't seeing. My friend told me she could still access his profiles, and it was then I realized he had blocked me on everything.",Author-Independent Ambiguous,mask_fix,3,fear|sadness|trust,fear,0.333
4874,a,someone in a long-distance relationship reunited after months apart,I felt ... because I was able to see my girlfriend.,Unambiguous,mask_fix,3,surprise|joy|relief,surprise,0.333
4874,b,someone who sees their girlfriend every day as a matter of routine,I felt ... because I was able to see my girlfriend.,Unambiguous,mask_fix,3,pride|joy|joy,joy,0.667
5575,a,a neighbour,I saw someone shouting at their wife very aggressively outside my window,Author-Relevant Ambiguous,replacement,3,sadness|shame|fear,sadness,0.333
5575,b,a passerby,I saw someone shouting at their wife very aggressively outside my window,Author-Relevant Ambiguous,replacement,3,sadness|disgust|sadness,sadness,0.667
5609,a,someone with a diagnosed needle phobia,"I felt ... when I had to have a blood test and the nurse had trouble finding a suitable vein to draw the sample from. I usually do not feel nervous or ... before having a test done but this particular time I did because she had the tourniquet on my arm for a very long time and was pushing and pulling around to try and get a vein. She did get a vein but she did not give me anything to rest my arm on while having my blood drawn so it was a bit of an awkward and uncomfortable angle and I could feel the needle moving around in my arm. Due to this, I felt quite sick and ... and I actually ended up feeling quite hot and I was really anxious that I might faint! Each time I thought about it afterwards, I felt queasy and my arm bruised quite badly afterwards.",Author-Relevant Ambiguous,mask_fix,3,fear|anger|disgust,fear,0.333
5609,b,a frequent blood donor used to needle sticks,"I felt ... when I had to have a blood test and the nurse had trouble finding a suitable vein to draw the sample from. I usually do not feel nervous or ... before having a test done but this particular time I did because she had the tourniquet on my arm for a very long time and was pushing and pulling around to try and get a vein. She did get a vein but she did not give me anything to rest my arm on while having my blood drawn so it was a bit of an awkward and uncomfortable angle and I could feel the needle moving around in my arm. Due to this, I felt quite sick and ... and I actually ended up feeling quite hot and I was really anxious that I might faint! Each time I thought about it afterwards, I felt queasy and my arm bruised quite badly afterwards.",Author-Relevant Ambiguous,mask_fix,3,trust|anger|fear,trust,0.333
5642,a,a wife,My husband had an affair,Author-Relevant Ambiguous,replacement,3,fear|surprise|anger,fear,0.333
5642,b,a girlfriend,My husband had an affair,Author-Relevant Ambiguous,replacement,3,sadness|disgust|anger,sadness,0.333
5688,a,one of the college-age women being flirted with,I felt ... when I watched a grown man try to flirt with new college age girls and I.,Author-Independent Ambiguous,mask_fix,3,disgust|disgust|anger,disgust,0.667
5688,b,a bystander who is simply embarrassed on the man's behalf,I felt ... when I watched a grown man try to flirt with new college age girls and I.,Author-Independent Ambiguous,mask_fix,3,fear|pride|anger,fear,0.333
5704,a,an adult stranger on public transport,Someone flicked a wet bogey on to my cheek. It was ...,Unambiguous,mask_fix,3,disgust|anger|disgust,disgust,0.667
5704,b,a parent whose own toddler did this affectionately,Someone flicked a wet bogey on to my cheek. It was ...,Unambiguous,mask_fix,3,disgust|pride|fear,disgust,0.333
5880,a,"a patient going in for a minor, routine outpatient procedure",I felt ... going in to hospital,Unambiguous,mask_fix,3,fear|fear|fear,fear,1.0
5880,b,"a patient going in for a serious, uncertain diagnosis",I felt ... going in to hospital,Unambiguous,mask_fix,3,fear|fear|fear,fear,1.0
5914,a,a first-time mother with no prior birth experience to compare to,"I was in labour december last year, my pain was worse than I remembered with my previous pregnancies and my waters still hadn’t broken. The ambulance was called and I was ... that something was wrong with my baby or me. We were rushed to hospital and the pain kept intensifying, until my waters broke suddenly and my baby arrived, safe and well.",Unambiguous,mask_fix,3,fear|fear|fear,fear,1.0
5914,b,a mother who previously lost a baby during childbirth,"I was in labour december last year, my pain was worse than I remembered with my previous pregnancies and my waters still hadn’t broken. The ambulance was called and I was ... that something was wrong with my baby or me. We were rushed to hospital and the pain kept intensifying, until my waters broke suddenly and my baby arrived, safe and well.",Unambiguous,mask_fix,3,fear|sadness|fear,fear,0.667
6218,a,someone who lied to protect a loved one from a painful truth,I felt ... because I lied about something,Author-Relevant Ambiguous,replacement,3,guilt|guilt|fear,guilt,0.667
6218,b,someone who lied purely for personal gain and got away with it,I felt ... because I lied about something,Author-Relevant Ambiguous,replacement,3,pride|pride|relief,pride,0.667
6337,a,a horror fan who loves haunted house experiences,I felt ... when i went to an in person ... experience for halloween,Author-Relevant Ambiguous,mask_fix,3,joy|joy|surprise,joy,0.667
6337,b,someone dragged along by friends who hates being scared,I felt ... when i went to an in person ... experience for halloween,Author-Relevant Ambiguous,mask_fix,3,fear|fear|surprise,fear,0.667
6789,a,a family who had already sold their home and had nowhere to go if this deal fell through,I felt ... when we had an our offer accepted for the house we now call our home. We had sold our then current property and we due to exchange in a couple of weeks despite the fact we had nowhere else to go yet. Thankfully everything fell in to place at the last minute and it was a huge ... for us all!,Unambiguous,mask_fix,3,pride|anger|joy,pride,0.333
6789,b,an investor buying an additional property with other housing options available,I felt ... when we had an our offer accepted for the house we now call our home. We had sold our then current property and we due to exchange in a couple of weeks despite the fact we had nowhere else to go yet. Thankfully everything fell in to place at the last minute and it was a huge ... for us all!,Unambiguous,mask_fix,3,joy|fear|disgust,joy,0.333
6869,a,"someone who had been planning a future, like marriage, with this partner",I felt ... when my ex boyfriend of 7 years cheated on me.,Author-Independent Ambiguous,mask_fix,3,disgust|sadness|sadness,sadness,0.667
6869,b,someone who had already been growing distant and suspicious of the relationship,I felt ... when my ex boyfriend of 7 years cheated on me.,Author-Independent Ambiguous,mask_fix,4,shame|anger|anger|anger,anger,0.75
6957,a,"the narrator, the sister who told the story","I felt ... when my I told an ... story about my sister in front of her friends. It was an ... story about when she was learning to potty train as a child. I thought the story was funny but my sister felt really upset and ... that I told it. After I told that story, I felt ... because I ... my sister and made her feel bad when I know that if she would do the same thing to me, that I would be very upset.",Author-Independent Ambiguous,mask_fix,3,guilt|guilt|guilt,guilt,1.0
6957,b,the sister's friend who was present when the story was told,"I felt ... when my I told an ... story about my sister in front of her friends. It was an ... story about when she was learning to potty train as a child. I thought the story was funny but my sister felt really upset and ... that I told it. After I told that story, I felt ... because I ... my sister and made her feel bad when I know that if she would do the same thing to me, that I would be very upset.",Author-Independent Ambiguous,mask_fix,4,trust|sadness|sadness|disgust,sadness,0.5
7179,a,"someone who has lived with chronic depression for years, for whom this is one more low point",I regularly feel ... due to mental illness but the last night I a specific event triggered ... was when my brother was angry at me.,Author-Independent Ambiguous,mask_fix,3,sadness|pride|relief,sadness,0.333
7179,b,"someone who rarely experiences distress, for whom this was an unusually sharp trigger",I regularly feel ... due to mental illness but the last night I a specific event triggered ... was when my brother was angry at me.,Author-Independent Ambiguous,mask_fix,3,disgust|joy|fear,disgust,0.333
7198,a,someone who worked hard and expected it,I got promoted.,Author-Relevant Ambiguous,replacement,4,joy|joy|joy|joy,joy,1.0
7198,b,someone who didn't think they were in the running,I got promoted.,Author-Relevant Ambiguous,replacement,3,guilt|surprise|surprise,surprise,0.667
7200,a,the narrator smelling smoke in their basement,Last night I was ... I could smell smoke in my basement,Author-Relevant Ambiguous,mask_fix,3,anger|fear|fear,fear,0.667
7200,b,a firefighter responding to a routine smoke-smell call,Last night I was ... I could smell smoke in my basement,Author-Relevant Ambiguous,mask_fix,3,fear|disgust|fear,fear,0.667
31015,a,someone with anxious attachment and a history of being abandoned by people they loved,I felt ... when my boyfriend didn't text me back in a timely manner. He has moved to another city for college. We used to hang a lot before he left so when we couldn't see each other like how I wanted to it made me feel very .... I want him to myself which I know is selfish now but then it made me ... and brokenhearted. I cried for a few days. I do have relationship anxiety so I think that was a big part of it. I'm okay now I haven't cried about it. We talked it through and I feel better about the situation.,Unambiguous,mask_fix,4,anger|fear|fear|fear,fear,0.75
31015,b,"someone in a secure, low-conflict relationship who was only mildly disappointed",I felt ... when my boyfriend didn't text me back in a timely manner. He has moved to another city for college. We used to hang a lot before he left so when we couldn't see each other like how I wanted to it made me feel very .... I want him to myself which I know is selfish now but then it made me ... and brokenhearted. I cried for a few days. I do have relationship anxiety so I think that was a big part of it. I'm okay now I haven't cried about it. We talked it through and I feel better about the situation.,Unambiguous,mask_fix,3,sadness|anger|surprise,sadness,0.333
31089,a,"an adult child who had a difficult, strained relationship with their mother",I felt ... because my mother died.,Unambiguous,mask_fix,4,sadness|sadness|surprise|surprise,sadness,0.5
31089,b,an adult child who was extremely close to and emotionally dependent on their mother,I felt ... because my mother died.,Unambiguous,mask_fix,3,fear|pride|pride,pride,0.667
31292,a,the narrator who got the free meal,I felt ... when I went to a restaurant for dinner with a friend. On the evening we went to the restaurant they were running a random competition for diners to win a free meal. We heard an announcement being made and a waitress then appeared at our table and told us that our meal would be free. I felt joy and ... when this happened because it was so unexpected.,Unambiguous,mask_fix,3,disgust|pride|pride,pride,0.667
31292,b,the waitress who delivered the news,I felt ... when I went to a restaurant for dinner with a friend. On the evening we went to the restaurant they were running a random competition for diners to win a free meal. We heard an announcement being made and a waitress then appeared at our table and told us that our meal would be free. I felt joy and ... when this happened because it was so unexpected.,Unambiguous,mask_fix,3,joy|anger|relief,joy,0.333
31387,a,the diner who ordered the steak,"I felt ... when we went to a restaurant in London, and asked for steak done to a particular level, the waiter came out and advised that the steak had not been cooked to his satisfaction, so asked for the steak to be redone, it was at this point that we realised we could fully ... that we were going to get exactly what we had asked for.",Author-Relevant Ambiguous,replacement,3,fear|guilt|surprise,fear,0.333
31387,b,the waiter who caught and corrected the cooking mistake,"I felt ... when we went to a restaurant in London, and asked for steak done to a particular level, the waiter came out and advised that the steak had not been cooked to his satisfaction, so asked for the steak to be redone, it was at this point that we realised we could fully ... that we were going to get exactly what we had asked for.",Author-Relevant Ambiguous,replacement,3,guilt|relief|fear,guilt,0.333
41082,a,a hobbyist art student who has long doubted their own talent,I felt ... when I completed a drawing and my art instructor complimented my skill and attention to detail,Unambiguous,mask_fix,3,guilt|fear|relief,guilt,0.333
41082,b,a professional illustrator taking a casual weekend class for fun,I felt ... when I completed a drawing and my art instructor complimented my skill and attention to detail,Unambiguous,mask_fix,3,pride|shame|sadness,pride,0.333
41208,a,a young athlete who has been mocked for her height her whole life,"I felt ... when I was at a track and field meet in 5th grade. I was running the 100m, and all of the girls I was competing against were much taller than me. They all said to me ""you're not going to win. You're too short. Short people are not fast."" Anyway, I ended up absolutely SMOKING all of them and getting first place. They all looked at me in such disbelief. It was awesome.",Author-Independent Ambiguous,mask_fix,3,pride|pride|pride,pride,1.0
41208,b,a naturally elite sprinter who expects to win every race,"I felt ... when I was at a track and field meet in 5th grade. I was running the 100m, and all of the girls I was competing against were much taller than me. They all said to me ""you're not going to win. You're too short. Short people are not fast."" Anyway, I ended up absolutely SMOKING all of them and getting first place. They all looked at me in such disbelief. It was awesome.",Author-Independent Ambiguous,mask_fix,3,pride|joy|trust,pride,0.333
41228,a,someone who has never lost a loved one and was terrified of this being a first,My grandad recovered from a temporary ailment. I have not lost anyone close to me as yet and I did not feel ready to. This was the closest I have come and I felt a sense of hopelessness and upset and so the ... when it was not life threatening was huge.,Unambiguous,mask_fix,3,pride|fear|joy,pride,0.333
41228,b,someone who has already lost several family members and has grown numb to health scares,My grandad recovered from a temporary ailment. I have not lost anyone close to me as yet and I did not feel ready to. This was the closest I have come and I felt a sense of hopelessness and upset and so the ... when it was not life threatening was huge.,Unambiguous,mask_fix,3,relief|relief|sadness,relief,0.667
41260,a,"a survivor of a controlling, abusive relationship who thought they'd never trust anyone again","I felt ... when I realized that despite my past, I had the ability to love again. After a horrible toxic relationship, I felt as if I would be better off alone forever. I moved to a different city, met new people and was able to fall in love again.",Author-Independent Ambiguous,mask_fix,3,disgust|pride|pride,pride,0.667
41260,b,someone who took a short break after a breakup and started dating again quickly,"I felt ... when I realized that despite my past, I had the ability to love again. After a horrible toxic relationship, I felt as if I would be better off alone forever. I moved to a different city, met new people and was able to fall in love again.",Author-Independent Ambiguous,mask_fix,3,joy|surprise|joy,joy,0.667
41378,a,a longtime pet owner who has never had to euthanize an animal before,I knew I needed to put my dog Holly to sleep. It was awful but I knew it was the right thing to do to stop her suffering she looked so ... most of the time.,Unambiguous,mask_fix,3,sadness|shame|sadness,sadness,0.667
41378,b,a veterinarian who performs euthanasia procedures regularly but this is their own pet,I knew I needed to put my dog Holly to sleep. It was awful but I knew it was the right thing to do to stop her suffering she looked so ... most of the time.,Unambiguous,mask_fix,3,joy|fear|guilt,joy,0.333
41415,a,someone who left a stable job specifically to take this new position,I felt ... when I was laid off from a job I had just started and was excited for.,Author-Independent Ambiguous,mask_fix,4,relief|sadness|surprise|sadness,sadness,0.5
41415,b,someone who had already turned down other offers and had backup options ready regardless,I felt ... when I was laid off from a job I had just started and was excited for.,Author-Independent Ambiguous,mask_fix,3,sadness|sadness|sadness,sadness,1.0
41548,a,someone who was unfaithful and is now facing consequences they know they deserve,I felt ... when my boyfriend found out that I had a secret Tinder (dating app) profile and had used it during our relationship.,Author-Relevant Ambiguous,mask_fix,3,guilt|guilt|disgust,guilt,0.667
41548,b,someone who made the profile impulsively out of insecurity but never actually met anyone or cheated physically,I felt ... when my boyfriend found out that I had a secret Tinder (dating app) profile and had used it during our relationship.,Author-Relevant Ambiguous,mask_fix,3,anger|guilt|anger,anger,0.667
41581,a,someone who terminated for medical necessity,aborted my baby,Author-Relevant Ambiguous,replacement,3,guilt|pride|shame,guilt,0.333
41581,b,someone who terminated under social and family pressure,aborted my baby,Author-Relevant Ambiguous,replacement,3,pride|shame|sadness,pride,0.333
41629,a,a fan of a struggling underdog team,My football team won,Author-Relevant Ambiguous,replacement,3,joy|joy|joy,joy,1.0
41629,b,a fan of a team expected to win easily,My football team won,Author-Relevant Ambiguous,replacement,3,joy|pride|surprise,joy,0.333
41641,a,the birthday teenager,A time o felt ... is when my mom and friends planned a ... bday party for my 17th bday.,Unambiguous,mask_fix,3,joy|joy|surprise,joy,0.667
41641,b,a family friend who helped keep the party secret,A time o felt ... is when my mom and friends planned a ... bday party for my 17th bday.,Unambiguous,mask_fix,3,sadness|surprise|surprise,surprise,0.667
41660,a,the bride's closest lifelong friend,my friends asked me to be maid of honour,Author-Relevant Ambiguous,replacement,3,guilt|sadness|shame,guilt,0.333
41660,b,a newer friend surprised to be chosen over older ones,my friends asked me to be maid of honour,Author-Relevant Ambiguous,replacement,3,surprise|sadness|anger,surprise,0.333
41671,a,the wrestler who won the historic match,I felt ... when I had won the first woman's greco roman style wrestling match in my countries province. I was not told before hand that the tournament I was wrestling at was going to be the first to offer this style of wrestling to women. I was just the first match that was up and I won.,Author-Relevant Ambiguous,mask_fix,3,fear|surprise|pride,fear,0.333
41671,b,a sports journalist reporting on the tournament afterward,I felt ... when I had won the first woman's greco roman style wrestling match in my countries province. I was not told before hand that the tournament I was wrestling at was going to be the first to offer this style of wrestling to women. I was just the first match that was up and I won.,Author-Relevant Ambiguous,mask_fix,4,disgust|pride|joy|joy,joy,0.5
41722,a,"the narrator, raised in a homophobic environment","I felt ... when I was able to hold hands with and kiss my girlfriend in public and not feel any shame, despite growing up in an extremely homophobic environment.",Author-Relevant Ambiguous,mask_fix,3,relief|relief|relief,relief,1.0
41722,b,a passerby who witnesses a couple holding hands in public,"I felt ... when I was able to hold hands with and kiss my girlfriend in public and not feel any shame, despite growing up in an extremely homophobic environment.",Author-Relevant Ambiguous,mask_fix,3,disgust|relief|relief,relief,0.667
41789,a,the patient before open heart surgery,"4 years ago i had open heart surgery done.  I was new to the hospital and knew none of the doctors or nurses, even though I did not know the surgeon I implicitly ... him and his decisions.",Unambiguous,mask_fix,3,disgust|trust|trust,trust,0.667
41789,b,the surgeon performing the operation,"4 years ago i had open heart surgery done.  I was new to the hospital and knew none of the doctors or nurses, even though I did not know the surgeon I implicitly ... him and his decisions.",Unambiguous,mask_fix,3,trust|relief|trust,trust,0.667
41791,a,the narrator whose reputation was defended,"I felt complete ... when I learnt that a colleague of mine defended my reputation in my absence. While some people were trying to defame me, my colleague in a question, took it upon himself to defend my honor and reputation. I was elated when I got wind of it and knew then that this was someone I could really ....",Author-Independent Ambiguous,mask_fix,3,trust|trust|surprise,trust,0.667
41791,b,the colleague who stood up for them,"I felt complete ... when I learnt that a colleague of mine defended my reputation in my absence. While some people were trying to defame me, my colleague in a question, took it upon himself to defend my honor and reputation. I was elated when I got wind of it and knew then that this was someone I could really ....",Author-Independent Ambiguous,mask_fix,3,disgust|pride|guilt,disgust,0.333
41795,a,the narrator elected class president,I felt ... when I was voted class president,Author-Independent Ambiguous,mask_fix,3,guilt|joy|surprise,guilt,0.333
41795,b,a classmate who voted for them,I felt ... when I was voted class president,Author-Independent Ambiguous,mask_fix,4,joy|pride|joy|joy,joy,0.75
41840,a,the narrator working through a habit of bottling up feelings,"I felt ... when I could open up about my feelings to my significant other. Growing up, I would bottle up my feelings. As an adult, I am working toward not doing that so often.",Author-Independent Ambiguous,mask_fix,3,relief|relief|relief,relief,1.0
41840,b,a therapist helping a client learn to open up,"I felt ... when I could open up about my feelings to my significant other. Growing up, I would bottle up my feelings. As an adult, I am working toward not doing that so often.",Author-Independent Ambiguous,mask_fix,3,relief|relief|relief,relief,1.0
41857,a,the narrator seeking a promotion,I felt ... when I was applying for a promotion in work. I looked to my line manager who I ... and gave me great advice and support through the process,Author-Independent Ambiguous,mask_fix,3,trust|trust|guilt,trust,0.667
41857,b,the line manager giving advice and support,I felt ... when I was applying for a promotion in work. I looked to my line manager who I ... and gave me great advice and support through the process,Author-Independent Ambiguous,mask_fix,3,guilt|pride|relief,guilt,0.333
51054,a,a teenager insecure about her appearance after years of being bullied about her teeth,"I felt ... when as a young adult I wore braces on my teeth and I hated them, even though it was my choice to get them. I was visiting my younger sister who was working overseas and we had a brilliant time together. She took lots of photos of us, had them developed (it was the 1990s!) and sent them to my family. In one picture in particular, all I could see were these awful braces. I couldn't see anything else - the fabulous place we were in, the gorgeous outfits we were wearing, how lovely our hair was as we'd treated ourselves to getting blowdries, and I wrote her the most horrible letter saying that the only reason she'd sent that photo was to prove how gorgeous she was compared to me, she knew how ugly I was and that I was sorry I'd ever visited her in the first place. To this day I still feel so awful for writing that letter. She could only see the fun time we were having - I was the one with the complex about my teeth.",Author-Relevant Ambiguous,replacement,3,shame|sadness|guilt,shame,0.333
51054,b,"an adult looking back with hindsight at how she hurt a loving, innocent sister","I felt ... when as a young adult I wore braces on my teeth and I hated them, even though it was my choice to get them. I was visiting my younger sister who was working overseas and we had a brilliant time together. She took lots of photos of us, had them developed (it was the 1990s!) and sent them to my family. In one picture in particular, all I could see were these awful braces. I couldn't see anything else - the fabulous place we were in, the gorgeous outfits we were wearing, how lovely our hair was as we'd treated ourselves to getting blowdries, and I wrote her the most horrible letter saying that the only reason she'd sent that photo was to prove how gorgeous she was compared to me, she knew how ugly I was and that I was sorry I'd ever visited her in the first place. To this day I still feel so awful for writing that letter. She could only see the fun time we were having - I was the one with the complex about my teeth.",Author-Relevant Ambiguous,replacement,4,pride|disgust|anger|shame,pride,0.25
51081,a,someone who started the fight with friends over something trivial,I felt ... when I fought with my friends.,Author-Relevant Ambiguous,mask_fix,3,relief|sadness|sadness,sadness,0.667
51081,b,someone who was defending themselves against friends' unfair accusations,I felt ... when I fought with my friends.,Author-Relevant Ambiguous,mask_fix,3,anger|guilt|anger,anger,0.667
51249,a,two romantic partners who formalized their relationship after years together,I felt ... when I became partners with my partner,Unambiguous,mask_fix,3,shame|joy|joy,joy,0.667
51249,b,two co-founders who formalized a business partnership,I felt ... when I became partners with my partner,Unambiguous,mask_fix,4,joy|joy|relief|relief,joy,0.5
51258,a,someone unable to have children who treats pets as substitute family,I adopted my cat Sandy because she is like my child and she brings me a ton of ....,Unambiguous,mask_fix,3,joy|joy|joy,joy,1.0
51258,b,someone who already has a full house of pets and this is just one more,I adopted my cat Sandy because she is like my child and she brings me a ton of ....,Unambiguous,mask_fix,3,joy|joy|joy,joy,1.0
51263,a,someone who had been quietly attracted to this coworker for a long time,"I felt ... when I asked someone I used to work with for a date. We always got on at work and when I left I was nervous about asking her to go on a date, but when I did I felt instant ... just from the relief of worrying about it and her saying yes.",Author-Independent Ambiguous,mask_fix,3,fear|pride|relief,fear,0.333
51263,b,someone who asked on a casual whim without much invested emotionally,"I felt ... when I asked someone I used to work with for a date. We always got on at work and when I left I was nervous about asking her to go on a date, but when I did I felt instant ... just from the relief of worrying about it and her saying yes.",Author-Independent Ambiguous,mask_fix,3,shame|relief|joy,shame,0.333
51688,a,a socially awkward hobbyist finally excelling at something creative,"I am ... of my D&D campaigns. Between myself and my friends, I am the dungeon master and designer of our tabletop games. I am ... my players enjoyed my work, they invest in the plots, feel emotion from the music and events and that they enjoy our shared story adventures",Unambiguous,mask_fix,3,anger|pride|joy,anger,0.333
51688,b,a professional tabletop game designer testing content with friends,"I am ... of my D&D campaigns. Between myself and my friends, I am the dungeon master and designer of our tabletop games. I am ... my players enjoyed my work, they invest in the plots, feel emotion from the music and events and that they enjoy our shared story adventures",Unambiguous,mask_fix,3,joy|pride|pride,pride,0.667
51710,a,a non-traditional student who juggled work and family while studying,I felt ... when I graduated from school because it took many years and a lot of work to get to the point where I completed the program.,Unambiguous,mask_fix,3,pride|relief|sadness,pride,0.333
51710,b,a full-time student with no outside responsibilities during their studies,I felt ... when I graduated from school because it took many years and a lot of work to get to the point where I completed the program.,Unambiguous,mask_fix,3,joy|pride|sadness,joy,0.333
51835,a,a domestic violence survivor who feared for her safety for months,When my ex partner finally stopped harassing me. He would make me feel so scared that once it stopped I was so ....,Author-Independent Ambiguous,mask_fix,3,joy|shame|fear,joy,0.333
51835,b,someone mildly annoyed by an ex's occasional unwanted messages,When my ex partner finally stopped harassing me. He would make me feel so scared that once it stopped I was so ....,Author-Independent Ambiguous,mask_fix,3,relief|disgust|relief,relief,0.667
52157,a,a young person witnessing their strong parent break down emotionally for the very first time,"I felt ... when it was during Ramadan 2020 during the pandemic. I remember hearing little conversations about my uncle (mothers brother) being ill and I'd always ask of him just to check if he was okay. My family and I had woken up at around 04:00 to pray fajr together. We'd finished praying and we were making dua as we usually do for the deceased and in general and I'm guessing my mum and dad had found out about his death earlier that morning and my mums voice just completely cracked and she broke down completely and just kept saying the words ""he's gone, (uncles name) gone"". It took me and my sister a while to process what we'd just been told and me, my mum and dad were in my parents room just crying for hours. I, personally had never really experienced death or grief in my life before, so this was the first time. Seeing my parents, especially my mum cry was ....",Unambiguous,mask_fix,3,sadness|fear|sadness,sadness,0.667
52157,b,an adult who has already witnessed their mother's grief many times due to prior family losses,"I felt ... when it was during Ramadan 2020 during the pandemic. I remember hearing little conversations about my uncle (mothers brother) being ill and I'd always ask of him just to check if he was okay. My family and I had woken up at around 04:00 to pray fajr together. We'd finished praying and we were making dua as we usually do for the deceased and in general and I'm guessing my mum and dad had found out about his death earlier that morning and my mums voice just completely cracked and she broke down completely and just kept saying the words ""he's gone, (uncles name) gone"". It took me and my sister a while to process what we'd just been told and me, my mum and dad were in my parents room just crying for hours. I, personally had never really experienced death or grief in my life before, so this was the first time. Seeing my parents, especially my mum cry was ....",Unambiguous,mask_fix,3,sadness|sadness|fear,sadness,0.667
52184,a,someone who has faced repeated rejection in competitive activities before,I felt ... when I was rejected from a dance team after spending a year working on my dance skills.,Unambiguous,mask_fix,3,pride|relief|guilt,pride,0.333
52184,b,someone who had never failed at anything they seriously tried before,I felt ... when I was rejected from a dance team after spending a year working on my dance skills.,Unambiguous,mask_fix,3,sadness|sadness|anger,sadness,0.667
52369,a,a new employee still on probation,I DIDNT DO WELL AT WORK WHICH CAUSED A TEAM MEMBER TO BE ANNOYED,Author-Relevant Ambiguous,replacement,4,fear|guilt|guilt|guilt,guilt,0.75
52369,b,a senior employee with a strong track record,I DIDNT DO WELL AT WORK WHICH CAUSED A TEAM MEMBER TO BE ANNOYED,Author-Relevant Ambiguous,replacement,3,guilt|shame|shame,shame,0.667
52458,a,the narrator after nearly forty failed interviews,"I felt ... when I received a job offer immediately after graduating college, especially because I had gone through nearly forty interviews and a hundred applications without positive results.",Author-Relevant Ambiguous,mask_fix,4,shame|relief|joy|joy,joy,0.5
52458,b,a recruiter who extended the job offer,"I felt ... when I received a job offer immediately after graduating college, especially because I had gone through nearly forty interviews and a hundred applications without positive results.",Author-Relevant Ambiguous,mask_fix,3,joy|pride|joy,joy,0.667
52501,a,the narrator's partner announcing the pregnancy,"My partner announced she was pregnant, after many years of miscarriages this ... me because we both thought it would never happen for us.",Unambiguous,mask_fix,3,pride|joy|shame,pride,0.333
52501,b,a doctor confirming a difficult pregnancy after prior miscarriages,"My partner announced she was pregnant, after many years of miscarriages this ... me because we both thought it would never happen for us.",Unambiguous,mask_fix,3,surprise|surprise|joy,surprise,0.667
52520,a,someone who rarely enters competitions,when i won a £500 john lewis voucher,Author-Relevant Ambiguous,replacement,3,joy|joy|pride,joy,0.667
52520,b,someone who enters raffles regularly,when i won a £500 john lewis voucher,Author-Relevant Ambiguous,replacement,3,fear|joy|joy,joy,0.667
52598,a,someone who had been trying to conceive,I got pregnant with my son,Author-Relevant Ambiguous,replacement,4,fear|joy|joy|joy,joy,0.75
52598,b,someone for whom it was unplanned,I got pregnant with my son,Author-Relevant Ambiguous,replacement,3,surprise|disgust|disgust,disgust,0.667
52614,a,the narrator receiving the note,my boyfriend ... me with a handwritten note,Author-Independent Ambiguous,mask_fix,3,surprise|surprise|joy,surprise,0.667
52614,b,the boyfriend who wrote and left the note,my boyfriend ... me with a handwritten note,Author-Independent Ambiguous,mask_fix,3,relief|joy|surprise,relief,0.333
52679,a,a parent teaching their toddler responsibility,"I gave my son some rubbish to put in the bin. I was able to ... him to do this by himself, he is 3 years old .",Author-Independent Ambiguous,mask_fix,3,trust|pride|joy,trust,0.333
52679,b,the 3-year-old being asked to do the task,"I gave my son some rubbish to put in the bin. I was able to ... him to do this by himself, he is 3 years old .",Author-Independent Ambiguous,mask_fix,3,trust|trust|joy,trust,0.667
52709,a,someone not usually trusted with secrets,Someone told me a secret,Author-Relevant Ambiguous,replacement,3,surprise|trust|trust,trust,0.667
52709,b,someone who is everyone's confidant,Someone told me a secret,Author-Relevant Ambiguous,replacement,3,trust|trust|trust,trust,1.0
52777,a,a student who took a risk skipping tutoring,"An example of ... for me was in related to my education. Prior to undergrad, I had been severely behind and informed my teacher that I would need a tutor. I wanted to get one as I had an opportunity to secure one before school began, and it would be very hard for me to find one after school begun. I also knew this would be a financial investment. My teacher told me that she assured me that I would not need a tutor and she would provide all the extra help I needed. I was hesitant at first, considering she had hundreds of other students to help, but in the end, I took her advice and did not get a tutor. That class was amazing. She managed to catch me up completely wherever I needed it and dedicated lots of time for me after school. This was a time where I took a risk and ... my teacher, and this ... payed off.",Author-Independent Ambiguous,mask_fix,3,guilt|guilt|pride,guilt,0.667
52777,b,the teacher who assured the student she didn't need one,"An example of ... for me was in related to my education. Prior to undergrad, I had been severely behind and informed my teacher that I would need a tutor. I wanted to get one as I had an opportunity to secure one before school began, and it would be very hard for me to find one after school begun. I also knew this would be a financial investment. My teacher told me that she assured me that I would not need a tutor and she would provide all the extra help I needed. I was hesitant at first, considering she had hundreds of other students to help, but in the end, I took her advice and did not get a tutor. That class was amazing. She managed to catch me up completely wherever I needed it and dedicated lots of time for me after school. This was a time where I took a risk and ... my teacher, and this ... payed off.",Author-Independent Ambiguous,mask_fix,3,trust|trust|trust,trust,1.0
52822,a,a patient with a rare disease seeing a specialist,"I was diagnosed with a rare blood disease and had to see a specialist. His knowledge and expertise in a field that most doctors I had encountered before knew nothing about, made me ... him greatly.",Unambiguous,mask_fix,3,trust|joy|anger,trust,0.333
52822,b,the specialist treating a rare case,"I was diagnosed with a rare blood disease and had to see a specialist. His knowledge and expertise in a field that most doctors I had encountered before knew nothing about, made me ... him greatly.",Unambiguous,mask_fix,3,pride|pride|joy,pride,0.667
52823,a,a new mother watching her husband hold their baby,My baby was born and I felt a ... for my husband I had never felt before when he first held her whilst I was still beingClosed up where I knew he would always keep her and the rest of our family safe,Author-Independent Ambiguous,mask_fix,3,relief|joy|relief,relief,0.667
52823,b,the husband holding his newborn child for the first time,My baby was born and I felt a ... for my husband I had never felt before when he first held her whilst I was still beingClosed up where I knew he would always keep her and the rest of our family safe,Author-Independent Ambiguous,mask_fix,3,trust|joy|relief,trust,0.333
52828,a,a gym member noticing strict covid protocols,I felt ... when the gym staff were actively checking for covid vax documents and proper ID.,Author-Relevant Ambiguous,mask_fix,3,relief|fear|relief,relief,0.667
52828,b,gym staff enforcing routine vaccine and ID checks,I felt ... when the gym staff were actively checking for covid vax documents and proper ID.,Author-Relevant Ambiguous,mask_fix,3,trust|trust|relief,trust,0.667
52833,a,a team player relying on teammates during a game,I was playing in a team game and had to ... my team mates.,Unambiguous,mask_fix,3,trust|trust|trust,trust,1.0
52833,b,a teammate being relied upon during the game,I was playing in a team game and had to ... my team mates.,Unambiguous,mask_fix,3,sadness|guilt|shame,sadness,0.333
52866,a,the narrator whose mother defended her,I heard my mom giving my aunt hell for treating me crappy. I knew i could ... my mom to stand up for me,Author-Relevant Ambiguous,replacement,4,surprise|pride|pride|pride,pride,0.75
52866,b,the aunt being confronted about her treatment of the narrator,I heard my mom giving my aunt hell for treating me crappy. I knew i could ... my mom to stand up for me,Author-Relevant Ambiguous,replacement,3,trust|joy|relief,trust,0.333
52895,a,a freelancer who received unusual upfront payment,"a client of mine paid me upfront for a project which i never ask clients to do that, but he did it and i had a big massive ... that made my day.",Author-Relevant Ambiguous,mask_fix,4,relief|joy|joy|joy,joy,0.75
52895,b,the client who chose to pay upfront,"a client of mine paid me upfront for a project which i never ask clients to do that, but he did it and i had a big massive ... that made my day.",Author-Relevant Ambiguous,mask_fix,3,surprise|trust|joy,surprise,0.333
61021,a,someone who felt they clearly deserved it,found out I didn't get a promotion,Author-Relevant Ambiguous,replacement,4,anger|sadness|sadness|sadness,sadness,0.75
61021,b,someone who applied without much expectation,found out I didn't get a promotion,Author-Relevant Ambiguous,replacement,3,pride|relief|fear,pride,0.333
61031,a,a wife relying on her husband's steady support,my husband is always there for me and i can ... that no matter what he will be there for our child and do what ittakes to provide for us as a family,Unambiguous,mask_fix,3,trust|relief|pride,trust,0.333
61031,b,the husband providing for his family,my husband is always there for me and i can ... that no matter what he will be there for our child and do what ittakes to provide for us as a family,Unambiguous,mask_fix,3,trust|trust|trust,trust,1.0
61094,a,the narrator moving to a new country with their partner,I felt ... when I moved to a new country with my partner.,Author-Independent Ambiguous,mask_fix,3,relief|joy|joy,joy,0.667
61094,b,a friend back home hearing about the move,I felt ... when I moved to a new country with my partner.,Author-Independent Ambiguous,mask_fix,3,pride|pride|joy,pride,0.667
61099,a,the narrator dangling above shallow water after a zip-line malfunction,"I was on a zip-line and it malfunctioned just as I stepped off the platform, and I was hanging for a couple of moments 20ft above very shallow water. My sister reached across and pulled me back, and I had to ... that she'd be able to hold my weight and not drop me.",Unambiguous,mask_fix,4,shame|fear|fear|fear,fear,0.75
61099,b,the sister reaching to catch her,"I was on a zip-line and it malfunctioned just as I stepped off the platform, and I was hanging for a couple of moments 20ft above very shallow water. My sister reached across and pulled me back, and I had to ... that she'd be able to hold my weight and not drop me.",Unambiguous,mask_fix,3,trust|trust|trust,trust,1.0
