form_neutral_01,Relief,Anger,Guilt,Shame,Anger,Guilt,Pride,Anger,Pride,Trust,Fear,Relief,Anger,Shame,Trust,Sadness,Anger,Fear,Surprise,Joy,Sadness,Relief,Disgust,Sadness,Shame,Relief,Disgust,Joy,Trust,Trust
form_neutral_02,Disgust,Relief,Fear,Pride,Relief,Anger,Guilt,Fear,Fear,Surprise,Anger,Sadness,Trust,Sadness,Joy,Surprise,Disgust,Trust,Surprise,Disgust,Sadness,Surprise,Joy,Sadness,Surprise,Shame,Shame,Joy,Shame,Fear
form_neutral_03,Joy,Guilt,Anger,Relief,Trust,Surprise,Relief,Relief,Joy,Trust,Disgust,Guilt,Fear,Anger,Trust,Joy,Joy,Relief,Anger,Fear,Anger,Anger,Joy,Joy,Guilt,Trust,Fear,Guilt,Fear,Joy
form_neutral_04,Disgust,Anger,Anger,Trust,Sadness,Trust,Anger,Pride,Relief,Guilt,Sadness,Fear,Guilt,Surprise,Relief,Surprise,Disgust,Sadness,Disgust,Guilt,Trust,Anger,Anger,Pride,Joy,Surprise,Joy,Trust,Relief,Pride
form_neutral_05,Guilt,Fear,Disgust,Guilt,Relief,Relief,Pride,Pride,Anger,Pride,Guilt,Pride,Relief,Surprise,Shame,Disgust,Sadness,Joy,Pride,Anger,Anger,Anger,Surprise,Relief,Anger,Joy,Pride,Joy,Sadness,Pride
form_neutral_06,Sadness,Sadness,Relief,Anger,Fear,Shame,Disgust,Surprise,Pride,Joy,Fear,Anger,Trust,Pride,Fear,Sadness,Surprise,Shame,Guilt,Sadness,Shame,Sadness,Fear,Fear,Guilt,Surprise,Anger,Trust,Joy,Sadness
form_neutral_07,Shame,Relief,Shame,Relief,Pride,Trust,Shame,Pride,Joy,Sadness,Sadness,Sadness,Sadness,Pride,Shame,Sadness,Relief,Pride,Shame,Sadness,Relief,Sadness,Sadness,Fear,Relief,Surprise,Pride,Fear,Shame,Sadness
form_neutral_08,Shame,Sadness,Fear,Pride,Fear,Sadness,Guilt,Sadness,Joy,Surprise,Relief,Pride,Trust,Sadness,Joy,Sadness,Relief,Pride,Sadness,Relief,Surprise,Shame,Trust,Relief,Joy,Joy,Fear,Anger,Sadness,Sadness
form_neutral_09,Surprise,Sadness,Sadness,Surprise,Sadness,Anger,Anger,Sadness,Joy,Fear,Joy,Guilt,Pride,Disgust,Fear,Pride,Disgust,Relief,Sadness,Fear,Joy,Relief,Disgust,Disgust,Pride,Joy,Relief,Joy,Guilt,Joy
form_neutral_10,Disgust,Sadness,Surprise,Anger,Disgust,Trust,Sadness,Disgust,Joy,Joy,Sadness,Joy,Joy,Joy,Pride,Sadness,Joy,Sadness,Joy,Sadness,Anger,Anger,Joy,Anger,Joy,Joy,Anger,Sadness,Sadness,Joy
