form_redo_01,Disgust,Sadness,Pride,Fear,Guilt,Fear,Joy,Disgust,Guilt,Fear,Disgust,Fear,Anger,Pride,Pride,Joy,Joy,Pride,Fear,Joy,Guilt,Guilt,Disgust,Pride,Joy,Guilt,Pride,Pride,Sadness
form_redo_02,Trust,Pride,Pride,Sadness,Pride,Joy,Pride,Joy,Shame,Anger,Fear,Relief,Pride,Joy,Guilt,Joy,Pride,Pride,Pride,Joy,Fear,Guilt,Pride,Pride,Relief,Shame,Relief,Pride,Pride
form_redo_03,Guilt,Pride,Anger,Guilt,Fear,Fear,Fear,Fear,Shame,Shame,Shame,Shame,Shame,Relief,Shame,Relief,Joy,Sadness,Guilt,Sadness,Joy,Fear,Pride,Pride,Fear,Fear,Surprise,Pride,Guilt
form_redo_06,Sadness,Fear,Surprise,Joy,Anger,Trust,Pride,Joy,Sadness,Trust,Pride,Surprise,Pride,Joy,Disgust,Shame,Joy,Anger,Disgust,Shame,Anger,Anger,Fear,Joy,Trust,Shame,Trust,Shame,Trust,Trust
form_redo_07,Anger,Joy,Fear,Joy,Relief,Trust,Sadness,Joy,Anger,Shame,Fear,Trust,Relief,Sadness,Disgust,Fear,Joy,Sadness,Fear,Trust,Trust,Shame,Surprise,Joy,Trust,Relief,Sadness,Joy,Anger
form_redo_08,Anger,Guilt,Shame,Fear,Sadness,Joy,Relief,Disgust,Relief,Trust,Sadness,Disgust,Anger,Joy,Fear,Pride,Fear,Sadness,Shame,Surprise,Shame,Guilt,Sadness,Sadness,Relief,Fear,Joy,Relief,Shame
form_redo_09,Guilt,Joy,Relief,Surprise,Joy,Sadness,Pride,Shame,Fear,Sadness,Disgust,Guilt,Anger,Joy,Sadness,Sadness,Pride,Sadness,Relief,Fear,Pride,Joy,Joy,Disgust,Trust,Fear,Sadness,Guilt,Fear
form_redo_10,Fear,Shame,Joy,Joy,Disgust,Sadness,Anger,Trust,Surprise,Fear,Sadness,Anger,Fear,Guilt,Joy,Pride,Joy,Guilt,Fear,Joy,Sadness,Surprise,Joy,Joy,Joy,Relief,Disgust,Joy,Anger
form_redo_10_dup,Fear,Guilt,Joy,Joy,Anger,Sadness,Anger,Relief,Sadness,Fear,Disgust,Shame,Fear,Guilt,Joy,Pride,Joy,Guilt,Fear,Joy,Sadness,Surprise,Joy,Joy,Joy,Relief,Disgust,Joy,Anger
form_redo_11,Fear,Joy,Relief,Anger,Shame,Fear,Pride,Trust,Disgust,Guilt,Relief,Disgust,Fear,Surprise,Joy,Relief,Disgust,Fear,Surprise,Pride,Trust,Pride,Joy,Joy,Fear,Sadness,Trust,Trust,Fear
form_redo_12,Joy,Shame,Relief,Anger,Pride,Fear,Joy,Joy,Pride,Relief,Fear,Joy,Joy,Fear,Disgust,Pride,Trust,Surprise,Fear,Sadness,Trust,Disgust,Sadness,Fear,Joy,Fear,Joy,Guilt,Relief
form_redo_13,Pride,Shame,Relief,Relief,Surprise,Relief,Joy,Sadness,Guilt,Guilt,Pride,Joy,Anger,Disgust,Fear,Fear,Joy,Pride,Sadness,Shame,Trust,Guilt,Relief,Sadness,Joy,Trust,Sadness,Fear,Joy
form_redo_14,Relief,Guilt,Pride,Anger,Shame,Fear,Guilt,Fear,Surprise,Disgust,Anger,Sadness,Fear,Disgust,Guilt,Relief,Disgust,Trust,Pride,Sadness,Joy,Fear,Joy,Disgust,Anger,Trust,Relief,Joy,Disgust
form_redo_15,Fear,Anger,Sadness,Relief,Relief,Sadness,Joy,Surprise,Relief,Pride,Relief,Fear,Joy,Trust,Shame,Pride,Anger,Disgust,Anger,Anger,Sadness,Relief,Fear,Trust,Anger,Guilt,Guilt,Anger,Pride,Fear
form_redo_16,Anger,Relief,Relief,Disgust,Anger,Anger,Anger,Disgust,Guilt,Disgust,Surprise,Joy,Relief,Sadness,Joy,Anger,Relief,Pride,Trust,Pride,Disgust,Anger,Disgust,Trust,Relief,Relief,Joy,Anger,Anger,Relief
form_redo_17,Relief,Trust,Guilt,Joy,Shame,Sadness,Surprise,Surprise,Trust,Sadness,Guilt,Trust,Pride,Joy,Fear,Disgust,Joy,Fear,Fear,Pride,Sadness,Surprise,Guilt,Fear,Fear,Joy,Anger,Joy,Anger
form_redo_18,Sadness,Trust,Anger,Fear,Surprise,Trust,Joy,Sadness,Guilt,Anger,Pride,Surprise,Surprise,Joy,Surprise,Sadness,Fear,Anger,Joy,Joy,Relief,Sadness,Sadness,Joy,Fear,Surprise,Pride,Trust,Surprise
form_redo_19,Sadness,Relief,Guilt,Trust,Guilt,Fear,Joy,Anger,Surprise,Disgust,Trust,Trust,Guilt,Pride,Trust,Anger,Sadness,Trust,Joy,Relief,Joy,Relief,Fear,Fear,Trust,Pride,Disgust,Surprise,Sadness
form_redo_20,Disgust,Guilt,Fear,Trust,Guilt,Disgust,Relief,Sadness,Joy,Joy,Sadness,Fear,Trust,Relief,Fear,Joy,Surprise,Trust,Disgust,Fear,Shame,Sadness,Trust,Joy,Relief,Disgust,Pride,Trust,Anger
form_redo_21,Fear,Sadness,Trust,Trust,Fear,Relief,Joy,Sadness,Shame,Disgust,Fear,Anger,Trust,Trust,Disgust,Joy,Disgust,Surprise,Surprise,Joy,Trust,Sadness,Relief,Relief,Fear,Relief,Disgust,Disgust,Fear
form_redo_04,Trust,Relief,Sadness,Joy,Joy,Relief,Surprise,Pride,Trust,Anger,Trust,Fear,Anger,Sadness,Joy,Trust,Trust,Surprise,Fear,Guilt,Pride,Disgust,Relief,Disgust,Surprise,Pride,Fear,Shame,Joy
form_redo_05,Sadness,Joy,Joy,Disgust,Joy,Surprise,Joy,Sadness,Relief,Fear,Fear,Fear,Disgust,Anger,Joy,Surprise,Relief,Anger,Anger,Anger,Joy,Disgust,Disgust,Trust,Trust,Fear,Fear,Joy,Guilt
