text_id,reason,side,persona,pool,text
287,mask_fix,a,a die-hard fan who waited years to see this band live,Unambiguous,"I felt ... the last time I was at a concert of my favourite band, watching the band walk out on stage felt magical and hearing all my favourite songs live was bliss"
287,mask_fix,b,someone who tagged along with a friend without being a big fan,Unambiguous,"I felt ... the last time I was at a concert of my favourite band, watching the band walk out on stage felt magical and hearing all my favourite songs live was bliss"
315,mask_fix,a,"the anxious owner of a frail, elderly cat riding out the storm",Unambiguous,"I felt ... the other day because our fire alarm in the building went off as Tropical Storm Ida came through - we had to stand outside in a torrential downpour. I had my cat with me and she was freaking out as well. My boyfriend told us to go to his car to sit since we were drenched and the rain was not going to stop anytime soon. We got in the car and my cat was still freaking out - my roommate wanted my boyfriend to turn on some music and make it loud. We both told him no because my cat was having trouble with everything going on. Also, she is 17, so she is quite old, so I worry about her stress levels. After we told him no, he then proceeded to sing VERY loudly and when we scowled at him for it, he said ""well she is meowing and stressed either way"", and he did not care that she was having trouble and that I was trying to calm her down. That made me ...."
315,mask_fix,b,someone recounting a chaotic storm night as a colorful anecdote for friends,Unambiguous,"I felt ... the other day because our fire alarm in the building went off as Tropical Storm Ida came through - we had to stand outside in a torrential downpour. I had my cat with me and she was freaking out as well. My boyfriend told us to go to his car to sit since we were drenched and the rain was not going to stop anytime soon. We got in the car and my cat was still freaking out - my roommate wanted my boyfriend to turn on some music and make it loud. We both told him no because my cat was having trouble with everything going on. Also, she is 17, so she is quite old, so I worry about her stress levels. After we told him no, he then proceeded to sing VERY loudly and when we scowled at him for it, he said ""well she is meowing and stressed either way"", and he did not care that she was having trouble and that I was trying to calm her down. That made me ...."
378,mask_fix,a,an adult child who has been repeatedly gaslit by this parent for years,Author-Relevant Ambiguous,"I felt ... when my mom did something wrong and immature. When I tried to talk to her about how wrong her behaviour was, she gaslight me and played the vicitm."
378,mask_fix,b,"someone estranged from their mother, cautiously trying to reconnect",Author-Relevant Ambiguous,"I felt ... when my mom did something wrong and immature. When I tried to talk to her about how wrong her behaviour was, she gaslight me and played the vicitm."
441,mask_fix,a,"a woman recently discovering the infidelity, blindsided",Author-Relevant Ambiguous,I felt ... because my boyfriend cheated on me
441,mask_fix,b,a woman who had long suspected her boyfriend was unfaithful and just got confirmation,Author-Relevant Ambiguous,I felt ... because my boyfriend cheated on me
641,mask_fix,a,a top student who has never questioned their grading before,Unambiguous,I felt ... when I got a bad mark on an assignment because of unfair marking.
641,mask_fix,b,a student who has previously filed grievances about inconsistent grading in this course,Unambiguous,I felt ... when I got a bad mark on an assignment because of unfair marking.
922,mask_fix,a,the narrator on her wedding day,Author-Independent Ambiguous,"I got married to my husband. When we said our vows, I ... that they meant them and that I was safe."
922,mask_fix,b,a guest attending the wedding ceremony,Author-Independent Ambiguous,"I got married to my husband. When we said our vows, I ... that they meant them and that I was safe."
2105,replacement,a,a student who barely scraped by after struggling academically all year,Author-Relevant Ambiguous,I felt ... when I passed my exams.
2105,replacement,b,a top student who expected to pass easily,Author-Relevant Ambiguous,I felt ... when I passed my exams.
2168,mask_fix,a,"someone whose closest, oldest friendship is now falling apart",Author-Relevant Ambiguous,I felt ... when arguing with a friend
2168,mask_fix,b,someone quick to anger who frequently bickers with casual acquaintances,Author-Relevant Ambiguous,I felt ... when arguing with a friend
2172,replacement,a,a young adult,Author-Relevant Ambiguous,I was diagnosed with fibromyalgia
2172,replacement,b,an elderly person,Author-Relevant Ambiguous,I was diagnosed with fibromyalgia
2182,mask_fix,a,"a child targeted by classmates for something out of their control, like appearance or family background",Author-Relevant Ambiguous,I was bullied badly and everyone made fun of me in a situation that made me feel ...
2182,mask_fix,b,an adult recalling workplace mockery from colleagues they considered friends but who crossed a line,Author-Relevant Ambiguous,I was bullied badly and everyone made fun of me in a situation that made me feel ...
2187,mask_fix,a,someone who prides themselves on staying calm and rarely losing their temper,Author-Relevant Ambiguous,"One day as my sister and I were sharing a car, she decided she was not going to let me have it. She had done this many times before and was doing a horrible job of sharing and helping me get to work. I lost my temper in front of her and my mother. I was slamming doors and yelling. I have not thrown a fit like that ever since. I still feel ... I let my emotions get the best of me."
2187,mask_fix,b,someone raised in a household where yelling and door-slamming were normal ways to express frustration,Author-Relevant Ambiguous,"One day as my sister and I were sharing a car, she decided she was not going to let me have it. She had done this many times before and was doing a horrible job of sharing and helping me get to work. I lost my temper in front of her and my mother. I was slamming doors and yelling. I have not thrown a fit like that ever since. I still feel ... I let my emotions get the best of me."
2198,replacement,a,a devoted England fan,Author-Relevant Ambiguous,England scored in the 2n minute of the Euros final
2198,replacement,b,a neutral fan watching for the spectacle,Author-Relevant Ambiguous,England scored in the 2n minute of the Euros final
2212,mask_fix,a,a pet owner whose cat sleeps beside them,Author-Relevant Ambiguous,I felt ... when my cat sleeps by me
2212,mask_fix,b,a veterinarian discussing normal cat sleeping behavior,Author-Relevant Ambiguous,I felt ... when my cat sleeps by me
2213,mask_fix,a,the narrator who took the pay cut,Author-Relevant Ambiguous,My manager asked me to take voluntary pay reduction due to COVID. He promised that my pay would return to normal after 3 months and that I would be rewarded for my sacrifice. I ... him and it all worked out well.
2213,mask_fix,b,an HR representative processing a temporary pay reduction,Author-Relevant Ambiguous,My manager asked me to take voluntary pay reduction due to COVID. He promised that my pay would return to normal after 3 months and that I would be rewarded for my sacrifice. I ... him and it all worked out well.
2224,replacement,a,someone who has been let down by travel companions before,Author-Relevant Ambiguous,I knew I could rely on a friend on holiday as I have had previous bad experiences with holidays with friends
2224,replacement,b,someone who has always had good experiences traveling with friends,Author-Relevant Ambiguous,I knew I could rely on a friend on holiday as I have had previous bad experiences with holidays with friends
2228,mask_fix,a,an experienced rider approaching a familiar jump,Author-Independent Ambiguous,"Approaching a large jump on a horse, I ... the horse to safely get us over it."
2228,mask_fix,b,a first-time spectator watching the jump from the sidelines,Author-Independent Ambiguous,"Approaching a large jump on a horse, I ... the horse to safely get us over it."
3283,mask_fix,a,a woman who has had to make a difficult reproductive health decision herself,Author-Independent Ambiguous,I felt ... when I listened to a man’s pro life views after the passing of the new Texas heartbeat law
3283,mask_fix,b,a political commentator who disagrees with the law on policy grounds,Author-Independent Ambiguous,I felt ... when I listened to a man’s pro life views after the passing of the new Texas heartbeat law
3290,replacement,a,someone with a pronounced fear of insects living alone,Author-Relevant Ambiguous,I felt ... when I found a bug that was over six inches long in my bathroom when I was home alone and knew I had to handle it myself.
3290,replacement,b,someone who dislikes bugs but has dealt with many before,Author-Relevant Ambiguous,I felt ... when I found a bug that was over six inches long in my bathroom when I was home alone and knew I had to handle it myself.
3319,mask_fix,a,someone casually cleaning up after cooking a big home meal,Author-Independent Ambiguous,I felt ... when I looked down at my shoe while washing dishes and saw I had ravioli stuck to it from the pan I had just finished scraping out.
3319,mask_fix,b,a professional chef held to strict hygiene standards in their own kitchen,Author-Independent Ambiguous,I felt ... when I looked down at my shoe while washing dishes and saw I had ravioli stuck to it from the pan I had just finished scraping out.
3328,mask_fix,a,someone eating alone at home who cooked the meal themselves,Unambiguous,I felt ... when I ate a meal which had sausages and when i bit into a sausage it had gristle in it
3328,mask_fix,b,a diner at an expensive restaurant who paid a premium for the meal,Unambiguous,I felt ... when I ate a meal which had sausages and when i bit into a sausage it had gristle in it
3338,mask_fix,a,a close friend who feels protective of the group's trust and friendship bonds,Author-Independent Ambiguous,I felt ... when my best friends boyfriend at the time starting texting our other best friend flirty text messages. I was even more ... when I found out that she was responding to these suggestive messages and didn't see an issue with it.
3338,mask_fix,b,someone who has been cheated on before and finds this uncomfortably triggering,Author-Independent Ambiguous,I felt ... when my best friends boyfriend at the time starting texting our other best friend flirty text messages. I was even more ... when I found out that she was responding to these suggestive messages and didn't see an issue with it.
3426,mask_fix,a,a teenage girl walking home with a friend late in the evening,Unambiguous,"I felt ... when my friend and I were chased through a forest by an older man on our way home. He stood about 20 metres away from us whilst we were sat on a bench for about 15 minutes and then ran after us when we moved, we hid in a bush and he was searching for us until he was deterred by a dog walker."
3426,mask_fix,b,a martial arts practitioner confident in handling a physical confrontation,Unambiguous,"I felt ... when my friend and I were chased through a forest by an older man on our way home. He stood about 20 metres away from us whilst we were sat on a bench for about 15 minutes and then ran after us when we moved, we hid in a bush and he was searching for us until he was deterred by a dog walker."
3431,mask_fix,a,a young child having their very first night terror,Unambiguous,I felt ... when i had a night terror.
3431,mask_fix,b,an adult who has had recurring night terrors for years and recognizes what's happening,Unambiguous,I felt ... when i had a night terror.
3443,mask_fix,a,someone with a pre-existing respiratory condition living alone,Unambiguous,I felt ... when I thought I had COVID-19 a few days ago
3443,mask_fix,b,someone fully vaccinated and boosted with only mild symptoms,Unambiguous,I felt ... when I thought I had COVID-19 a few days ago
3493,mask_fix,a,someone who was in a committed relationship at the time,Author-Independent Ambiguous,I felt ... when I slept with someone I shouldn’t of
3493,mask_fix,b,someone who broke a personal promise to a friend not to pursue their sibling,Author-Independent Ambiguous,I felt ... when I slept with someone I shouldn’t of
3528,replacement,a,someone raised in real poverty who still carries anxiety about financial security,Author-Relevant Ambiguous,"I felt ... whenever I think about how my life could be with another man. I love my boyfriend of two years very much but I still think about my ex a lot because it just felt unresolved (though I'm not entirely sure resolving it would change much). It's mostly because my ex was extremely wealthy and although my current bf and I are well off for our age, it's tough when I consider that I could be flown around in a private jet instead. I feel extremely ... thinking about this and typing it out because I don't want to sound greedy. I just grew up in the lowest income bracket and I can't help but be enticed by money as it was such a barrier growing up. I'm trying really hard to develop a healthier relationship with it as I grow older."
3528,replacement,b,someone comfortably well-off who just enjoys fantasizing about a lavish lifestyle,Author-Relevant Ambiguous,"I felt ... whenever I think about how my life could be with another man. I love my boyfriend of two years very much but I still think about my ex a lot because it just felt unresolved (though I'm not entirely sure resolving it would change much). It's mostly because my ex was extremely wealthy and although my current bf and I are well off for our age, it's tough when I consider that I could be flown around in a private jet instead. I feel extremely ... thinking about this and typing it out because I don't want to sound greedy. I just grew up in the lowest income bracket and I can't help but be enticed by money as it was such a barrier growing up. I'm trying really hard to develop a healthier relationship with it as I grow older."
3645,mask_fix,a,a first-generation student whose family sacrificed for her education,Author-Independent Ambiguous,I felt ... when I found out I was accepted into graduate school because I was scared that I was not going to make it in and that I was going to have to wait another year to re-apply.
3645,mask_fix,b,someone who applied to grad school as a backup option with little personal stake,Author-Independent Ambiguous,I felt ... when I found out I was accepted into graduate school because I was scared that I was not going to make it in and that I was going to have to wait another year to re-apply.
3936,mask_fix,a,a first-generation applicant who feared rejection,Author-Independent Ambiguous,I felt ... when I got into university
3936,mask_fix,b,a legacy applicant whose family has attended for generations,Author-Independent Ambiguous,I felt ... when I got into university
3975,replacement,a,someone who had worked years of insecure temp and contract jobs,Author-Relevant Ambiguous,I felt ... when I got a job at my current position permanently.
3975,replacement,b,someone converting into a role they were always guaranteed to get,Author-Relevant Ambiguous,I felt ... when I got a job at my current position permanently.
4146,mask_fix,a,a broke student living paycheck to paycheck who carefully budgets meals,Unambiguous,I felt ... when I was at uni and someone stole my fishcake from the freezer. Had nothing to eat in the evening that day.
4146,mask_fix,b,a well-off student with plenty of other food options in the shared freezer,Unambiguous,I felt ... when I was at uni and someone stole my fishcake from the freezer. Had nothing to eat in the evening that day.
4490,mask_fix,a,a parent trying to keep young children calm during the disaster,Unambiguous,I felt ... when my family was experiencing a hurricane being stuck in our house. It was ... because two houses behind us caught on fire and our first floor flooded. We were stuck and unable to leave.
4490,mask_fix,b,an experienced emergency responder who happened to be home during the storm,Unambiguous,I felt ... when my family was experiencing a hurricane being stuck in our house. It was ... because two houses behind us caught on fire and our first floor flooded. We were stuck and unable to leave.
4497,mask_fix,a,someone whose home was previously damaged by a lightning strike,Unambiguous,"I felt ... when there was a power outage in my home. That day, my wife and I were cuddling in the sitting room when a thunderstorm started. Then ... filled me when thunder hit our roof and all the lights went off."
4497,mask_fix,b,someone who finds thunderstorms cozy and romantic when safely indoors with a partner,Unambiguous,"I felt ... when there was a power outage in my home. That day, my wife and I were cuddling in the sitting room when a thunderstorm started. Then ... filled me when thunder hit our roof and all the lights went off."
4571,replacement,a,a child too intimidated by her harasser's social standing in class to speak up,Author-Relevant Ambiguous,"In elementary school one of my male classmates starting to sexually harass me everyday, touching me inappropriately in all different places multiple times a day, I was too ... to tell anyone or tell him off."
4571,replacement,b,a child who blamed herself for what was happening and thought she'd caused it,Author-Relevant Ambiguous,"In elementary school one of my male classmates starting to sexually harass me everyday, touching me inappropriately in all different places multiple times a day, I was too ... to tell anyone or tell him off."
4592,replacement,a,someone who hates horror and was dragged there by friends,Author-Relevant Ambiguous,I felt ... when I went to a haunted house amusement park.
4592,replacement,b,a horror enthusiast who seeks out haunted houses for the thrill,Author-Relevant Ambiguous,I felt ... when I went to a haunted house amusement park.
4594,mask_fix,a,an ex-partner who has been obsessively checking her former boyfriend's social media,Author-Independent Ambiguous,"I felt ... when a man I had feelings for was not responding to my text messages. I have an iPhone and so I use iMessage with others who also have iPhones. When you use iMessage, the chat bubbles are blue, but I noticed one day that the chat bubbles with him were green. That indicates that the recipient does not have an iPhone, or that they are in an area without internet and therefore are getting the messages sent as text messages rather than iMessage. The problem was that he had not been responding and I started wondering if he was seeing my texts at all - then I had a suspicion he had blocked me this entire time. I messaged a mutual friend to ask if he had told them he was angry with me, and I then checked to see if I could still see his profile on social media platforms. I could not. I started getting anxious at the indication that he had blocked me on everything, and that anxiety skyrocketed with each profile I wasn't seeing. My friend told me she could still access his profiles, and it was then I realized he had blocked me on everything."
4594,mask_fix,b,someone who recently escaped a controlling relationship and stays alert to warning signs,Author-Independent Ambiguous,"I felt ... when a man I had feelings for was not responding to my text messages. I have an iPhone and so I use iMessage with others who also have iPhones. When you use iMessage, the chat bubbles are blue, but I noticed one day that the chat bubbles with him were green. That indicates that the recipient does not have an iPhone, or that they are in an area without internet and therefore are getting the messages sent as text messages rather than iMessage. The problem was that he had not been responding and I started wondering if he was seeing my texts at all - then I had a suspicion he had blocked me this entire time. I messaged a mutual friend to ask if he had told them he was angry with me, and I then checked to see if I could still see his profile on social media platforms. I could not. I started getting anxious at the indication that he had blocked me on everything, and that anxiety skyrocketed with each profile I wasn't seeing. My friend told me she could still access his profiles, and it was then I realized he had blocked me on everything."
4874,mask_fix,a,someone in a long-distance relationship reunited after months apart,Unambiguous,I felt ... because I was able to see my girlfriend.
4874,mask_fix,b,someone who sees their girlfriend every day as a matter of routine,Unambiguous,I felt ... because I was able to see my girlfriend.
5575,replacement,a,a neighbour,Author-Relevant Ambiguous,I saw someone shouting at their wife very aggressively outside my window
5575,replacement,b,a passerby,Author-Relevant Ambiguous,I saw someone shouting at their wife very aggressively outside my window
5609,mask_fix,a,someone with a diagnosed needle phobia,Author-Relevant Ambiguous,"I felt ... when I had to have a blood test and the nurse had trouble finding a suitable vein to draw the sample from. I usually do not feel nervous or ... before having a test done but this particular time I did because she had the tourniquet on my arm for a very long time and was pushing and pulling around to try and get a vein. She did get a vein but she did not give me anything to rest my arm on while having my blood drawn so it was a bit of an awkward and uncomfortable angle and I could feel the needle moving around in my arm. Due to this, I felt quite sick and ... and I actually ended up feeling quite hot and I was really anxious that I might faint! Each time I thought about it afterwards, I felt queasy and my arm bruised quite badly afterwards."
5609,mask_fix,b,a frequent blood donor used to needle sticks,Author-Relevant Ambiguous,"I felt ... when I had to have a blood test and the nurse had trouble finding a suitable vein to draw the sample from. I usually do not feel nervous or ... before having a test done but this particular time I did because she had the tourniquet on my arm for a very long time and was pushing and pulling around to try and get a vein. She did get a vein but she did not give me anything to rest my arm on while having my blood drawn so it was a bit of an awkward and uncomfortable angle and I could feel the needle moving around in my arm. Due to this, I felt quite sick and ... and I actually ended up feeling quite hot and I was really anxious that I might faint! Each time I thought about it afterwards, I felt queasy and my arm bruised quite badly afterwards."
5642,replacement,a,a wife,Author-Relevant Ambiguous,My husband had an affair
5642,replacement,b,a girlfriend,Author-Relevant Ambiguous,My husband had an affair
5688,mask_fix,a,one of the college-age women being flirted with,Author-Independent Ambiguous,I felt ... when I watched a grown man try to flirt with new college age girls and I.
5688,mask_fix,b,a bystander who is simply embarrassed on the man's behalf,Author-Independent Ambiguous,I felt ... when I watched a grown man try to flirt with new college age girls and I.
5704,mask_fix,a,an adult stranger on public transport,Unambiguous,Someone flicked a wet bogey on to my cheek. It was ...
5704,mask_fix,b,a parent whose own toddler did this affectionately,Unambiguous,Someone flicked a wet bogey on to my cheek. It was ...
5880,mask_fix,a,"a patient going in for a minor, routine outpatient procedure",Unambiguous,I felt ... going in to hospital
5880,mask_fix,b,"a patient going in for a serious, uncertain diagnosis",Unambiguous,I felt ... going in to hospital
5914,mask_fix,a,a first-time mother with no prior birth experience to compare to,Unambiguous,"I was in labour december last year, my pain was worse than I remembered with my previous pregnancies and my waters still hadn’t broken. The ambulance was called and I was ... that something was wrong with my baby or me. We were rushed to hospital and the pain kept intensifying, until my waters broke suddenly and my baby arrived, safe and well."
5914,mask_fix,b,a mother who previously lost a baby during childbirth,Unambiguous,"I was in labour december last year, my pain was worse than I remembered with my previous pregnancies and my waters still hadn’t broken. The ambulance was called and I was ... that something was wrong with my baby or me. We were rushed to hospital and the pain kept intensifying, until my waters broke suddenly and my baby arrived, safe and well."
6218,replacement,a,someone who lied to protect a loved one from a painful truth,Author-Relevant Ambiguous,I felt ... because I lied about something
6218,replacement,b,someone who lied purely for personal gain and got away with it,Author-Relevant Ambiguous,I felt ... because I lied about something
6337,mask_fix,a,a horror fan who loves haunted house experiences,Author-Relevant Ambiguous,I felt ... when i went to an in person ... experience for halloween
6337,mask_fix,b,someone dragged along by friends who hates being scared,Author-Relevant Ambiguous,I felt ... when i went to an in person ... experience for halloween
6789,mask_fix,a,a family who had already sold their home and had nowhere to go if this deal fell through,Unambiguous,I felt ... when we had an our offer accepted for the house we now call our home. We had sold our then current property and we due to exchange in a couple of weeks despite the fact we had nowhere else to go yet. Thankfully everything fell in to place at the last minute and it was a huge ... for us all!
6789,mask_fix,b,an investor buying an additional property with other housing options available,Unambiguous,I felt ... when we had an our offer accepted for the house we now call our home. We had sold our then current property and we due to exchange in a couple of weeks despite the fact we had nowhere else to go yet. Thankfully everything fell in to place at the last minute and it was a huge ... for us all!
6869,mask_fix,a,"someone who had been planning a future, like marriage, with this partner",Author-Independent Ambiguous,I felt ... when my ex boyfriend of 7 years cheated on me.
6869,mask_fix,b,someone who had already been growing distant and suspicious of the relationship,Author-Independent Ambiguous,I felt ... when my ex boyfriend of 7 years cheated on me.
6957,mask_fix,a,"the narrator, the sister who told the story",Author-Independent Ambiguous,"I felt ... when my I told an ... story about my sister in front of her friends. It was an ... story about when she was learning to potty train as a child. I thought the story was funny but my sister felt really upset and ... that I told it. After I told that story, I felt ... because I ... my sister and made her feel bad when I know that if she would do the same thing to me, that I would be very upset."
6957,mask_fix,b,the sister's friend who was present when the story was told,Author-Independent Ambiguous,"I felt ... when my I told an ... story about my sister in front of her friends. It was an ... story about when she was learning to potty train as a child. I thought the story was funny but my sister felt really upset and ... that I told it. After I told that story, I felt ... because I ... my sister and made her feel bad when I know that if she would do the same thing to me, that I would be very upset."
7179,mask_fix,a,"someone who has lived with chronic depression for years, for whom this is one more low point",Author-Independent Ambiguous,I regularly feel ... due to mental illness but the last night I a specific event triggered ... was when my brother was angry at me.
7179,mask_fix,b,"someone who rarely experiences distress, for whom this was an unusually sharp trigger",Author-Independent Ambiguous,I regularly feel ... due to mental illness but the last night I a specific event triggered ... was when my brother was angry at me.
7198,replacement,a,someone who worked hard and expected it,Author-Relevant Ambiguous,I got promoted.
7198,replacement,b,someone who didn't think they were in the running,Author-Relevant Ambiguous,I got promoted.
7200,mask_fix,a,the narrator smelling smoke in their basement,Author-Relevant Ambiguous,Last night I was ... I could smell smoke in my basement
7200,mask_fix,b,a firefighter responding to a routine smoke-smell call,Author-Relevant Ambiguous,Last night I was ... I could smell smoke in my basement
31015,mask_fix,a,someone with anxious attachment and a history of being abandoned by people they loved,Unambiguous,I felt ... when my boyfriend didn't text me back in a timely manner. He has moved to another city for college. We used to hang a lot before he left so when we couldn't see each other like how I wanted to it made me feel very .... I want him to myself which I know is selfish now but then it made me ... and brokenhearted. I cried for a few days. I do have relationship anxiety so I think that was a big part of it. I'm okay now I haven't cried about it. We talked it through and I feel better about the situation.
31015,mask_fix,b,"someone in a secure, low-conflict relationship who was only mildly disappointed",Unambiguous,I felt ... when my boyfriend didn't text me back in a timely manner. He has moved to another city for college. We used to hang a lot before he left so when we couldn't see each other like how I wanted to it made me feel very .... I want him to myself which I know is selfish now but then it made me ... and brokenhearted. I cried for a few days. I do have relationship anxiety so I think that was a big part of it. I'm okay now I haven't cried about it. We talked it through and I feel better about the situation.
31089,mask_fix,a,"an adult child who had a difficult, strained relationship with their mother",Unambiguous,I felt ... because my mother died.
31089,mask_fix,b,an adult child who was extremely close to and emotionally dependent on their mother,Unambiguous,I felt ... because my mother died.
31292,mask_fix,a,the narrator who got the free meal,Unambiguous,I felt ... when I went to a restaurant for dinner with a friend. On the evening we went to the restaurant they were running a random competition for diners to win a free meal. We heard an announcement being made and a waitress then appeared at our table and told us that our meal would be free. I felt joy and ... when this happened because it was so unexpected.
31292,mask_fix,b,the waitress who delivered the news,Unambiguous,I felt ... when I went to a restaurant for dinner with a friend. On the evening we went to the restaurant they were running a random competition for diners to win a free meal. We heard an announcement being made and a waitress then appeared at our table and told us that our meal would be free. I felt joy and ... when this happened because it was so unexpected.
31387,replacement,a,the diner who ordered the steak,Author-Relevant Ambiguous,"I felt ... when we went to a restaurant in London, and asked for steak done to a particular level, the waiter came out and advised that the steak had not been cooked to his satisfaction, so asked for the steak to be redone, it was at this point that we realised we could fully ... that we were going to get exactly what we had asked for."
31387,replacement,b,the waiter who caught and corrected the cooking mistake,Author-Relevant Ambiguous,"I felt ... when we went to a restaurant in London, and asked for steak done to a particular level, the waiter came out and advised that the steak had not been cooked to his satisfaction, so asked for the steak to be redone, it was at this point that we realised we could fully ... that we were going to get exactly what we had asked for."
41082,mask_fix,a,a hobbyist art student who has long doubted their own talent,Unambiguous,I felt ... when I completed a drawing and my art instructor complimented my skill and attention to detail
41082,mask_fix,b,a professional illustrator taking a casual weekend class for fun,Unambiguous,I felt ... when I completed a drawing and my art instructor complimented my skill and attention to detail
41208,mask_fix,a,a young athlete who has been mocked for her height her whole life,Author-Independent Ambiguous,"I felt ... when I was at a track and field meet in 5th grade. I was running the 100m, and all of the girls I was competing against were much taller than me. They all said to me ""you're not going to win. You're too short. Short people are not fast."" Anyway, I ended up absolutely SMOKING all of them and getting first place. They all looked at me in such disbelief. It was awesome."
41208,mask_fix,b,a naturally elite sprinter who expects to win every race,Author-Independent Ambiguous,"I felt ... when I was at a track and field meet in 5th grade. I was running the 100m, and all of the girls I was competing against were much taller than me. They all said to me ""you're not going to win. You're too short. Short people are not fast."" Anyway, I ended up absolutely SMOKING all of them and getting first place. They all looked at me in such disbelief. It was awesome."
41228,mask_fix,a,someone who has never lost a loved one and was terrified of this being a first,Unambiguous,My grandad recovered from a temporary ailment. I have not lost anyone close to me as yet and I did not feel ready to. This was the closest I have come and I felt a sense of hopelessness and upset and so the ... when it was not life threatening was huge.
41228,mask_fix,b,someone who has already lost several family members and has grown numb to health scares,Unambiguous,My grandad recovered from a temporary ailment. I have not lost anyone close to me as yet and I did not feel ready to. This was the closest I have come and I felt a sense of hopelessness and upset and so the ... when it was not life threatening was huge.
41260,mask_fix,a,"a survivor of a controlling, abusive relationship who thought they'd never trust anyone again",Author-Independent Ambiguous,"I felt ... when I realized that despite my past, I had the ability to love again. After a horrible toxic relationship, I felt as if I would be better off alone forever. I moved to a different city, met new people and was able to fall in love again."
41260,mask_fix,b,someone who took a short break after a breakup and started dating again quickly,Author-Independent Ambiguous,"I felt ... when I realized that despite my past, I had the ability to love again. After a horrible toxic relationship, I felt as if I would be better off alone forever. I moved to a different city, met new people and was able to fall in love again."
41378,mask_fix,a,a longtime pet owner who has never had to euthanize an animal before,Unambiguous,I knew I needed to put my dog Holly to sleep. It was awful but I knew it was the right thing to do to stop her suffering she looked so ... most of the time.
41378,mask_fix,b,a veterinarian who performs euthanasia procedures regularly but this is their own pet,Unambiguous,I knew I needed to put my dog Holly to sleep. It was awful but I knew it was the right thing to do to stop her suffering she looked so ... most of the time.
41415,mask_fix,a,someone who left a stable job specifically to take this new position,Author-Independent Ambiguous,I felt ... when I was laid off from a job I had just started and was excited for.
41415,mask_fix,b,someone who had already turned down other offers and had backup options ready regardless,Author-Independent Ambiguous,I felt ... when I was laid off from a job I had just started and was excited for.
41548,mask_fix,a,someone who was unfaithful and is now facing consequences they know they deserve,Author-Relevant Ambiguous,I felt ... when my boyfriend found out that I had a secret Tinder (dating app) profile and had used it during our relationship.
41548,mask_fix,b,someone who made the profile impulsively out of insecurity but never actually met anyone or cheated physically,Author-Relevant Ambiguous,I felt ... when my boyfriend found out that I had a secret Tinder (dating app) profile and had used it during our relationship.
41581,replacement,a,someone who terminated for medical necessity,Author-Relevant Ambiguous,aborted my baby
41581,replacement,b,someone who terminated under social and family pressure,Author-Relevant Ambiguous,aborted my baby
41629,replacement,a,a fan of a struggling underdog team,Author-Relevant Ambiguous,My football team won
41629,replacement,b,a fan of a team expected to win easily,Author-Relevant Ambiguous,My football team won
41641,mask_fix,a,the birthday teenager,Unambiguous,A time o felt ... is when my mom and friends planned a ... bday party for my 17th bday.
41641,mask_fix,b,a family friend who helped keep the party secret,Unambiguous,A time o felt ... is when my mom and friends planned a ... bday party for my 17th bday.
41660,replacement,a,the bride's closest lifelong friend,Author-Relevant Ambiguous,my friends asked me to be maid of honour
41660,replacement,b,a newer friend surprised to be chosen over older ones,Author-Relevant Ambiguous,my friends asked me to be maid of honour
41671,mask_fix,a,the wrestler who won the historic match,Author-Relevant Ambiguous,I felt ... when I had won the first woman's greco roman style wrestling match in my countries province. I was not told before hand that the tournament I was wrestling at was going to be the first to offer this style of wrestling to women. I was just the first match that was up and I won.
41671,mask_fix,b,a sports journalist reporting on the tournament afterward,Author-Relevant Ambiguous,I felt ... when I had won the first woman's greco roman style wrestling match in my countries province. I was not told before hand that the tournament I was wrestling at was going to be the first to offer this style of wrestling to women. I was just the first match that was up and I won.
41722,mask_fix,a,"the narrator, raised in a homophobic environment",Author-Relevant Ambiguous,"I felt ... when I was able to hold hands with and kiss my girlfriend in public and not feel any shame, despite growing up in an extremely homophobic environment."
41722,mask_fix,b,a passerby who witnesses a couple holding hands in public,Author-Relevant Ambiguous,"I felt ... when I was able to hold hands with and kiss my girlfriend in public and not feel any shame, despite growing up in an extremely homophobic environment."
41789,mask_fix,a,the patient before open heart surgery,Unambiguous,"4 years ago i had open heart surgery done.  I was new to the hospital and knew none of the doctors or nurses, even though I did not know the surgeon I implicitly ... him and his decisions."
41789,mask_fix,b,the surgeon performing the operation,Unambiguous,"4 years ago i had open heart surgery done.  I was new to the hospital and knew none of the doctors or nurses, even though I did not know the surgeon I implicitly ... him and his decisions."
41791,mask_fix,a,the narrator whose reputation was defended,Author-Independent Ambiguous,"I felt complete ... when I learnt that a colleague of mine defended my reputation in my absence. While some people were trying to defame me, my colleague in a question, took it upon himself to defend my honor and reputation. I was elated when I got wind of it and knew then that this was someone I could really ...."
41791,mask_fix,b,the colleague who stood up for them,Author-Independent Ambiguous,"I felt complete ... when I learnt that a colleague of mine defended my reputation in my absence. While some people were trying to defame me, my colleague in a question, took it upon himself to defend my honor and reputation. I was elated when I got wind of it and knew then that this was someone I could really ...."
41795,mask_fix,a,the narrator elected class president,Author-Independent Ambiguous,I felt ... when I was voted class president
41795,mask_fix,b,a classmate who voted for them,Author-Independent Ambiguous,I felt ... when I was voted class president
41840,mask_fix,a,the narrator working through a habit of bottling up feelings,Author-Independent Ambiguous,"I felt ... when I could open up about my feelings to my significant other. Growing up, I would bottle up my feelings. As an adult, I am working toward not doing that so often."
41840,mask_fix,b,a therapist helping a client learn to open up,Author-Independent Ambiguous,"I felt ... when I could open up about my feelings to my significant other. Growing up, I would bottle up my feelings. As an adult, I am working toward not doing that so often."
41857,mask_fix,a,the narrator seeking a promotion,Author-Independent Ambiguous,I felt ... when I was applying for a promotion in work. I looked to my line manager who I ... and gave me great advice and support through the process
41857,mask_fix,b,the line manager giving advice and support,Author-Independent Ambiguous,I felt ... when I was applying for a promotion in work. I looked to my line manager who I ... and gave me great advice and support through the process
51054,replacement,a,a teenager insecure about her appearance after years of being bullied about her teeth,Author-Relevant Ambiguous,"I felt ... when as a young adult I wore braces on my teeth and I hated them, even though it was my choice to get them. I was visiting my younger sister who was working overseas and we had a brilliant time together. She took lots of photos of us, had them developed (it was the 1990s!) and sent them to my family. In one picture in particular, all I could see were these awful braces. I couldn't see anything else - the fabulous place we were in, the gorgeous outfits we were wearing, how lovely our hair was as we'd treated ourselves to getting blowdries, and I wrote her the most horrible letter saying that the only reason she'd sent that photo was to prove how gorgeous she was compared to me, she knew how ugly I was and that I was sorry I'd ever visited her in the first place. To this day I still feel so awful for writing that letter. She could only see the fun time we were having - I was the one with the complex about my teeth."
51054,replacement,b,"an adult looking back with hindsight at how she hurt a loving, innocent sister",Author-Relevant Ambiguous,"I felt ... when as a young adult I wore braces on my teeth and I hated them, even though it was my choice to get them. I was visiting my younger sister who was working overseas and we had a brilliant time together. She took lots of photos of us, had them developed (it was the 1990s!) and sent them to my family. In one picture in particular, all I could see were these awful braces. I couldn't see anything else - the fabulous place we were in, the gorgeous outfits we were wearing, how lovely our hair was as we'd treated ourselves to getting blowdries, and I wrote her the most horrible letter saying that the only reason she'd sent that photo was to prove how gorgeous she was compared to me, she knew how ugly I was and that I was sorry I'd ever visited her in the first place. To this day I still feel so awful for writing that letter. She could only see the fun time we were having - I was the one with the complex about my teeth."
51081,mask_fix,a,someone who started the fight with friends over something trivial,Author-Relevant Ambiguous,I felt ... when I fought with my friends.
51081,mask_fix,b,someone who was defending themselves against friends' unfair accusations,Author-Relevant Ambiguous,I felt ... when I fought with my friends.
51249,mask_fix,a,two romantic partners who formalized their relationship after years together,Unambiguous,I felt ... when I became partners with my partner
51249,mask_fix,b,two co-founders who formalized a business partnership,Unambiguous,I felt ... when I became partners with my partner
51258,mask_fix,a,someone unable to have children who treats pets as substitute family,Unambiguous,I adopted my cat Sandy because she is like my child and she brings me a ton of ....
51258,mask_fix,b,someone who already has a full house of pets and this is just one more,Unambiguous,I adopted my cat Sandy because she is like my child and she brings me a ton of ....
51263,mask_fix,a,someone who had been quietly attracted to this coworker for a long time,Author-Independent Ambiguous,"I felt ... when I asked someone I used to work with for a date. We always got on at work and when I left I was nervous about asking her to go on a date, but when I did I felt instant ... just from the relief of worrying about it and her saying yes."
51263,mask_fix,b,someone who asked on a casual whim without much invested emotionally,Author-Independent Ambiguous,"I felt ... when I asked someone I used to work with for a date. We always got on at work and when I left I was nervous about asking her to go on a date, but when I did I felt instant ... just from the relief of worrying about it and her saying yes."
51688,mask_fix,a,a socially awkward hobbyist finally excelling at something creative,Unambiguous,"I am ... of my D&D campaigns. Between myself and my friends, I am the dungeon master and designer of our tabletop games. I am ... my players enjoyed my work, they invest in the plots, feel emotion from the music and events and that they enjoy our shared story adventures"
51688,mask_fix,b,a professional tabletop game designer testing content with friends,Unambiguous,"I am ... of my D&D campaigns. Between myself and my friends, I am the dungeon master and designer of our tabletop games. I am ... my players enjoyed my work, they invest in the plots, feel emotion from the music and events and that they enjoy our shared story adventures"
51710,mask_fix,a,a non-traditional student who juggled work and family while studying,Unambiguous,I felt ... when I graduated from school because it took many years and a lot of work to get to the point where I completed the program.
51710,mask_fix,b,a full-time student with no outside responsibilities during their studies,Unambiguous,I felt ... when I graduated from school because it took many years and a lot of work to get to the point where I completed the program.
51835,mask_fix,a,a domestic violence survivor who feared for her safety for months,Author-Independent Ambiguous,When my ex partner finally stopped harassing me. He would make me feel so scared that once it stopped I was so ....
51835,mask_fix,b,someone mildly annoyed by an ex's occasional unwanted messages,Author-Independent Ambiguous,When my ex partner finally stopped harassing me. He would make me feel so scared that once it stopped I was so ....
52157,mask_fix,a,a young person witnessing their strong parent break down emotionally for the very first time,Unambiguous,"I felt ... when it was during Ramadan 2020 during the pandemic. I remember hearing little conversations about my uncle (mothers brother) being ill and I'd always ask of him just to check if he was okay. My family and I had woken up at around 04:00 to pray fajr together. We'd finished praying and we were making dua as we usually do for the deceased and in general and I'm guessing my mum and dad had found out about his death earlier that morning and my mums voice just completely cracked and she broke down completely and just kept saying the words ""he's gone, (uncles name) gone"". It took me and my sister a while to process what we'd just been told and me, my mum and dad were in my parents room just crying for hours. I, personally had never really experienced death or grief in my life before, so this was the first time. Seeing my parents, especially my mum cry was ...."
52157,mask_fix,b,an adult who has already witnessed their mother's grief many times due to prior family losses,Unambiguous,"I felt ... when it was during Ramadan 2020 during the pandemic. I remember hearing little conversations about my uncle (mothers brother) being ill and I'd always ask of him just to check if he was okay. My family and I had woken up at around 04:00 to pray fajr together. We'd finished praying and we were making dua as we usually do for the deceased and in general and I'm guessing my mum and dad had found out about his death earlier that morning and my mums voice just completely cracked and she broke down completely and just kept saying the words ""he's gone, (uncles name) gone"". It took me and my sister a while to process what we'd just been told and me, my mum and dad were in my parents room just crying for hours. I, personally had never really experienced death or grief in my life before, so this was the first time. Seeing my parents, especially my mum cry was ...."
52184,mask_fix,a,someone who has faced repeated rejection in competitive activities before,Unambiguous,I felt ... when I was rejected from a dance team after spending a year working on my dance skills.
52184,mask_fix,b,someone who had never failed at anything they seriously tried before,Unambiguous,I felt ... when I was rejected from a dance team after spending a year working on my dance skills.
52369,replacement,a,a new employee still on probation,Author-Relevant Ambiguous,I DIDNT DO WELL AT WORK WHICH CAUSED A TEAM MEMBER TO BE ANNOYED
52369,replacement,b,a senior employee with a strong track record,Author-Relevant Ambiguous,I DIDNT DO WELL AT WORK WHICH CAUSED A TEAM MEMBER TO BE ANNOYED
52458,mask_fix,a,the narrator after nearly forty failed interviews,Author-Relevant Ambiguous,"I felt ... when I received a job offer immediately after graduating college, especially because I had gone through nearly forty interviews and a hundred applications without positive results."
52458,mask_fix,b,a recruiter who extended the job offer,Author-Relevant Ambiguous,"I felt ... when I received a job offer immediately after graduating college, especially because I had gone through nearly forty interviews and a hundred applications without positive results."
52501,mask_fix,a,the narrator's partner announcing the pregnancy,Unambiguous,"My partner announced she was pregnant, after many years of miscarriages this ... me because we both thought it would never happen for us."
52501,mask_fix,b,a doctor confirming a difficult pregnancy after prior miscarriages,Unambiguous,"My partner announced she was pregnant, after many years of miscarriages this ... me because we both thought it would never happen for us."
52520,replacement,a,someone who rarely enters competitions,Author-Relevant Ambiguous,when i won a £500 john lewis voucher
52520,replacement,b,someone who enters raffles regularly,Author-Relevant Ambiguous,when i won a £500 john lewis voucher
52598,replacement,a,someone who had been trying to conceive,Author-Relevant Ambiguous,I got pregnant with my son
52598,replacement,b,someone for whom it was unplanned,Author-Relevant Ambiguous,I got pregnant with my son
52614,mask_fix,a,the narrator receiving the note,Author-Independent Ambiguous,my boyfriend ... me with a handwritten note
52614,mask_fix,b,the boyfriend who wrote and left the note,Author-Independent Ambiguous,my boyfriend ... me with a handwritten note
52679,mask_fix,a,a parent teaching their toddler responsibility,Author-Independent Ambiguous,"I gave my son some rubbish to put in the bin. I was able to ... him to do this by himself, he is 3 years old ."
52679,mask_fix,b,the 3-year-old being asked to do the task,Author-Independent Ambiguous,"I gave my son some rubbish to put in the bin. I was able to ... him to do this by himself, he is 3 years old ."
52709,replacement,a,someone not usually trusted with secrets,Author-Relevant Ambiguous,Someone told me a secret
52709,replacement,b,someone who is everyone's confidant,Author-Relevant Ambiguous,Someone told me a secret
52777,mask_fix,a,a student who took a risk skipping tutoring,Author-Independent Ambiguous,"An example of ... for me was in related to my education. Prior to undergrad, I had been severely behind and informed my teacher that I would need a tutor. I wanted to get one as I had an opportunity to secure one before school began, and it would be very hard for me to find one after school begun. I also knew this would be a financial investment. My teacher told me that she assured me that I would not need a tutor and she would provide all the extra help I needed. I was hesitant at first, considering she had hundreds of other students to help, but in the end, I took her advice and did not get a tutor. That class was amazing. She managed to catch me up completely wherever I needed it and dedicated lots of time for me after school. This was a time where I took a risk and ... my teacher, and this ... payed off."
52777,mask_fix,b,the teacher who assured the student she didn't need one,Author-Independent Ambiguous,"An example of ... for me was in related to my education. Prior to undergrad, I had been severely behind and informed my teacher that I would need a tutor. I wanted to get one as I had an opportunity to secure one before school began, and it would be very hard for me to find one after school begun. I also knew this would be a financial investment. My teacher told me that she assured me that I would not need a tutor and she would provide all the extra help I needed. I was hesitant at first, considering she had hundreds of other students to help, but in the end, I took her advice and did not get a tutor. That class was amazing. She managed to catch me up completely wherever I needed it and dedicated lots of time for me after school. This was a time where I took a risk and ... my teacher, and this ... payed off."
52822,mask_fix,a,a patient with a rare disease seeing a specialist,Unambiguous,"I was diagnosed with a rare blood disease and had to see a specialist. His knowledge and expertise in a field that most doctors I had encountered before knew nothing about, made me ... him greatly."
52822,mask_fix,b,the specialist treating a rare case,Unambiguous,"I was diagnosed with a rare blood disease and had to see a specialist. His knowledge and expertise in a field that most doctors I had encountered before knew nothing about, made me ... him greatly."
52823,mask_fix,a,a new mother watching her husband hold their baby,Author-Independent Ambiguous,My baby was born and I felt a ... for my husband I had never felt before when he first held her whilst I was still beingClosed up where I knew he would always keep her and the rest of our family safe
52823,mask_fix,b,the husband holding his newborn child for the first time,Author-Independent Ambiguous,My baby was born and I felt a ... for my husband I had never felt before when he first held her whilst I was still beingClosed up where I knew he would always keep her and the rest of our family safe
52828,mask_fix,a,a gym member noticing strict covid protocols,Author-Relevant Ambiguous,I felt ... when the gym staff were actively checking for covid vax documents and proper ID.
52828,mask_fix,b,gym staff enforcing routine vaccine and ID checks,Author-Relevant Ambiguous,I felt ... when the gym staff were actively checking for covid vax documents and proper ID.
52833,mask_fix,a,a team player relying on teammates during a game,Unambiguous,I was playing in a team game and had to ... my team mates.
52833,mask_fix,b,a teammate being relied upon during the game,Unambiguous,I was playing in a team game and had to ... my team mates.
52866,replacement,a,the narrator whose mother defended her,Author-Relevant Ambiguous,I heard my mom giving my aunt hell for treating me crappy. I knew i could ... my mom to stand up for me
52866,replacement,b,the aunt being confronted about her treatment of the narrator,Author-Relevant Ambiguous,I heard my mom giving my aunt hell for treating me crappy. I knew i could ... my mom to stand up for me
52895,mask_fix,a,a freelancer who received unusual upfront payment,Author-Relevant Ambiguous,"a client of mine paid me upfront for a project which i never ask clients to do that, but he did it and i had a big massive ... that made my day."
52895,mask_fix,b,the client who chose to pay upfront,Author-Relevant Ambiguous,"a client of mine paid me upfront for a project which i never ask clients to do that, but he did it and i had a big massive ... that made my day."
61021,replacement,a,someone who felt they clearly deserved it,Author-Relevant Ambiguous,found out I didn't get a promotion
61021,replacement,b,someone who applied without much expectation,Author-Relevant Ambiguous,found out I didn't get a promotion
61031,mask_fix,a,a wife relying on her husband's steady support,Unambiguous,my husband is always there for me and i can ... that no matter what he will be there for our child and do what ittakes to provide for us as a family
61031,mask_fix,b,the husband providing for his family,Unambiguous,my husband is always there for me and i can ... that no matter what he will be there for our child and do what ittakes to provide for us as a family
61094,mask_fix,a,the narrator moving to a new country with their partner,Author-Independent Ambiguous,I felt ... when I moved to a new country with my partner.
61094,mask_fix,b,a friend back home hearing about the move,Author-Independent Ambiguous,I felt ... when I moved to a new country with my partner.
61099,mask_fix,a,the narrator dangling above shallow water after a zip-line malfunction,Unambiguous,"I was on a zip-line and it malfunctioned just as I stepped off the platform, and I was hanging for a couple of moments 20ft above very shallow water. My sister reached across and pulled me back, and I had to ... that she'd be able to hold my weight and not drop me."
61099,mask_fix,b,the sister reaching to catch her,Unambiguous,"I was on a zip-line and it malfunctioned just as I stepped off the platform, and I was hanging for a couple of moments 20ft above very shallow water. My sister reached across and pulled me back, and I had to ... that she'd be able to hold my weight and not drop me."
