,round_number,original_emotion,text_id,timestamp,prolific_id,anger,boredom,disgust,fear,guilt,joy,pride,relief,sadness,shame,surprise,trust,emotion,event_duration,emotion_duration,intensity,confidence,event_familiarity,suddenness,familiarity,predict_event,pleasantness,unpleasantness,goal_relevance,chance_responsblt,self_responsblt,other_responsblt,predict_conseq,goal_support,urgency,self_control,other_control,chance_control,accept_conseq,standards,social_norms,attention,not_consider,effort,age,gender,education,ethnicity,extravert,critical,dependable,anxious,open,quiet,sympathetic,disorganized,calm,conventional,original_demographics
143,test,surprise,7200,2021-12-06 11:08:56,e543a8c7c3ecbf69cd1adc27630a1ce2,1,3,1,1,1,2,2,1,3,1,1,1,no-emotion,minutes,minutes,1,2,2,4,1,1,2,4,4,3,2,2,2,1,4,2,1,3,2,1,1,5,2,4,21,Male,Undergraduate degree (BA/BSc/other),European,2,5,5,6,5,7,6,3,4,1,ORIGINAL
261,test,disgust,5688,2021-12-06 11:12:42,699b38a6c3a419a73854c252a949a0f6,2,2,2,2,2,2,2,2,2,2,2,2,no-emotion,seconds,minutes,1,4,1,1,2,2,3,1,2,3,3,3,3,3,1,1,1,1,1,2,3,1,1,1,39,Male,Undergraduate degree (BA/BSc/other),European,4,4,5,5,6,6,5,2,3,2,ORIGINAL
299,test,trust,41795,2021-12-06 11:13:37,ebbf9b9111249d391f9f7173fb511290,1,2,1,1,1,3,2,4,1,1,1,3,no-emotion,minutes,weeks,1,3,4,2,4,4,3,1,1,1,3,4,4,3,2,2,4,1,1,1,1,1,1,2,28,Male,Graduate degree (MA/MSc/MPhil/other),European,3,5,5,1,6,5,2,6,7,4,ORIGINAL
697,test,guilt,6407,2021-12-06 14:26:39,56f44d1c5fd6bd083c41f86ae9691d28,1,2,1,1,1,3,3,1,1,1,1,1,no-emotion,minutes,days,1,5,1,4,4,1,5,1,1,4,5,5,4,4,1,5,5,5,5,1,1,1,1,1,36,Male,Undergraduate degree (BA/BSc/other),European,5,4,6,2,5,5,6,1,7,4,ORIGINAL
758,test,surprise,41744,2021-12-06 14:26:44,f8fcfeefa3c227f18c514e80d4f36049,1,2,1,1,1,3,2,1,1,1,1,1,no-emotion,seconds,hours,1,5,5,5,5,5,3,1,1,1,1,2,4,2,1,1,2,2,3,1,1,1,1,1,32,Male,High school,Indigenous,6,5,7,4,6,6,6,2,4,4,ORIGINAL
759,test,shame,52373,2021-12-06 14:26:44,f8fcfeefa3c227f18c514e80d4f36049,1,2,1,1,1,3,2,1,1,1,1,1,no-emotion,minutes,days,2,4,3,3,2,3,1,4,2,1,2,1,3,1,5,5,2,1,5,2,1,5,1,3,32,Male,High school,Indigenous,6,5,7,4,6,6,6,2,4,4,ORIGINAL
1241,test,disgust,5720,2021-12-06 16:44:16,9c0978c82f1a6881748f321c121e693d,1,1,1,1,1,3,4,4,2,1,1,2,boredom,seconds,minutes,3,3,3,2,1,1,1,3,1,1,4,1,1,2,1,3,1,1,1,1,1,2,1,1,20,Male,Undergraduate degree (BA/BSc/other),European,6,3,6,2,6,6,5,2,4,1,ORIGINAL
1290,test,surprise,52625,2021-12-06 16:47:32,0cf0e8d7395d91c5ef0f0599ed86fa43,1,2,1,1,1,1,1,1,1,1,1,3,no-emotion,minutes,weeks,1,3,3,4,3,3,1,4,1,3,1,4,2,1,2,1,5,3,2,2,2,3,3,2,57,Female,Undergraduate degree (BA/BSc/other),European,2,2,6,5,3,5,6,4,4,6,ORIGINAL
1437,test,anger,657,2021-12-06 18:38:54,fff42165e32ba63f37ee61595d8e8c09,1,1,1,1,1,1,1,1,1,1,1,1,no-emotion,weeks,days,2,3,1,1,5,5,3,3,1,1,1,5,3,1,1,1,5,1,3,1,1,1,1,1,20,Female,High school,Mixed North American (White) and Southeast Asian,3,1,6,5,5,6,7,3,4,4,ORIGINAL
1596,test,guilt,3514,2021-12-06 18:53:26,babe212ccd05c881b939628905ecd6e6,1,2,1,1,2,2,2,2,1,2,1,3,no-emotion,hours,days,2,1,2,2,3,2,4,2,4,4,5,3,3,3,3,5,5,1,3,3,4,4,3,3,32,Male,Doctorate degree (PhD/other),European,2,5,7,5,5,6,4,2,6,5,ORIGINAL
2020,test,trust,31378,2021-12-08 17:42:47,44c957a36c781e58bef49cb519d7a064,1,1,1,1,1,1,1,1,1,1,1,1,no-emotion,minutes,weeks,1,4,2,4,2,1,1,2,1,1,1,5,1,1,4,2,4,1,5,1,1,5,2,2,25,Male,Undergraduate degree (BA/BSc/other),East Asian,2,2,4,5,6,6,4,4,4,3,ORIGINAL
2252,test,disgust,5720,2021-12-08 18:00:02,d5cc381b92b92fbc511c99f12bb94ab1,1,3,1,2,1,2,1,2,2,1,1,2,no-emotion,seconds,hours,1,2,1,3,4,2,2,4,3,2,3,3,4,2,2,3,3,1,1,3,3,3,3,2,30,Male,Undergraduate degree (BA/BSc/other),European,3,5,5,5,5,6,4,3,5,4,ORIGINAL
2305,test,surprise,52625,2021-12-08 18:16:51,c66a8d72b970eebd717fa5ecd5705da9,1,3,1,1,1,1,1,1,2,1,1,4,no-emotion,minutes,days,4,2,5,4,3,3,1,3,1,3,2,5,2,1,1,3,5,1,5,2,1,1,4,3,23,Female,High school,European,3,4,5,7,6,4,6,5,1,1,ORIGINAL
2496,test,joy,3639,2021-12-08 18:19:46,796928b242cf12ad0559e00c97f3942d,1,1,1,1,1,4,1,1,1,1,1,5,no-emotion,days,minutes,1,4,5,1,3,5,3,3,3,3,3,3,3,3,3,3,3,3,3,3,3,3,3,3,61,Female,High school,North American,6,1,7,2,6,2,7,1,6,1,ORIGINAL
2676,test,disgust,3283,2021-12-08 18:41:12,b2ed8087973ac0280028ee0c4fdded34,1,1,1,1,1,3,3,2,1,1,1,2,boredom,minutes,minutes,3,3,2,3,3,3,1,5,3,3,3,5,3,1,3,1,5,3,3,3,1,4,1,3,40,Female,High school,European,7,1,7,4,6,1,7,1,7,1,ORIGINAL
2802,test,anger,437,2021-12-08 18:53:36,62e7bf0557a43dde22e9bb247ef0ecfc,1,4,1,1,2,2,1,1,1,1,1,1,no-emotion,minutes,days,3,3,5,3,3,2,1,4,3,2,1,5,3,2,4,5,5,2,4,1,1,5,3,2,27,Male,Graduate degree (MA/MSc/MPhil/other),European,5,3,6,5,5,5,6,5,4,5,ORIGINAL
3320,test,anger,494,2021-12-08 19:14:06,8d98f97353d254653bef919781451f3d,1,2,1,1,1,3,1,1,1,1,1,1,no-emotion,hours,hours,3,1,4,3,4,4,2,3,2,1,1,5,3,2,2,1,5,1,4,5,3,2,1,2,24,Female,Undergraduate degree (BA/BSc/other),North American,2,3,5,6,3,7,6,5,6,5,ORIGINAL
3371,test,surprise,52520,2021-12-08 19:18:34,e79121b1513b81813d59c5892351d47f,1,2,1,1,1,2,2,1,1,1,1,4,no-emotion,minutes,days,3,4,3,2,2,2,4,1,1,3,1,4,1,4,2,1,5,1,5,1,1,2,1,1,25,Male,High school,Australian/New Zealander,6,2,6,1,6,5,7,5,7,1,ORIGINAL
3740,test,disgust,3348,2021-12-10 20:10:47,582248aa95c64995098ed1cb32f90f1c,1,2,1,1,1,3,1,2,1,1,2,3,no-emotion,seconds,hours,1,5,1,5,1,1,3,3,1,1,1,2,1,3,1,1,5,1,5,1,1,2,1,1,18,Male,High school,South Asian,2,5,5,5,5,7,6,3,3,2,ORIGINAL
4006,test,guilt,6403,2021-12-13 16:36:21,398478da4a36f943707253ef59bb6342,1,3,1,1,1,3,1,4,1,1,1,2,no-emotion,seconds,minutes,4,5,3,5,1,1,1,5,3,1,5,1,1,1,3,1,1,1,1,1,1,1,1,1,28,Male,High school,African,2,2,4,3,5,7,5,4,5,2,COPIED: Welcomeback!
4166,test,fear,6337,2021-12-13 16:36:52,6ed81b663fe4ab5108fa408490629d47,1,1,1,1,1,2,1,1,2,1,1,2,no-emotion,hours,days,1,1,1,1,3,4,4,1,1,4,1,1,2,3,4,3,4,3,1,1,1,1,1,1,62,Female,Secondary education,European,1,5,6,7,4,7,7,2,3,2,ORIGINAL
4521,test,fear,272,2021-12-13 20:55:27,250ff6a1371796052b3b99d7fc4c8674,1,3,1,1,1,1,1,1,1,1,1,1,no-emotion,hours,minutes,1,1,5,1,1,5,3,3,3,1,5,3,5,5,3,5,5,1,5,1,1,4,3,3,21,Female,High school,North American,1,4,7,5,5,7,6,1,5,4,ORIGINAL
4523,test,shame,31179,2021-12-13 20:55:27,a7fb6e028910f8f4a09e01fe590d07da,3,1,1,1,1,3,2,1,1,1,1,3,no-emotion,seconds,weeks,1,2,5,1,3,4,5,1,5,1,5,1,5,5,2,5,1,1,5,1,5,3,1,1,55,Female,Undergraduate degree (BA/BSc/other),European,5,5,6,5,6,3,4,2,3,3,ORIGINAL
4817,test,sadness,52176,2021-12-14 00:15:13,3660adf6f2594e8307b2fd0e7bd00500,1,2,1,1,1,2,1,1,2,1,1,3,boredom,hours,days,3,1,1,1,1,5,3,3,1,3,3,1,3,1,1,1,3,1,4,3,1,1,4,2,58,Male,Graduate degree (MA/MSc/MPhil/other),European,5,5,7,1,7,4,5,4,5,3,ORIGINAL
4930,test,trust,2211,2021-12-14 09:09:34,78a5d1b6b4d832c1f20cb040d389752a,1,3,1,1,1,3,3,4,1,1,1,3,no-emotion,minutes,hours,2,4,5,1,5,4,4,1,3,1,5,1,5,4,3,4,1,1,5,3,1,3,1,1,30,Female,Undergraduate degree (BA/BSc/other),European,6,4,6,5,7,1,3,4,5,7,ORIGINAL
5839,balance_1,trust,61055,2021-12-21 10:04:25,193577897d3dd26a7d7462c0a844e4d1,1,1,1,1,1,3,4,3,1,1,1,5,no-emotion,minutes,days,1,3,1,1,1,1,1,1,2,1,1,1,1,1,1,1,1,1,1,1,1,1,1,1,46,Female,Graduate degree (MA/MSc/MPhil/other),European,6,1,7,1,6,5,6,1,7,2,ORIGINAL
5989,balance_3,disgust,5502,2021-12-21 19:29:30,6f7855d907a351d05655740fd1703eda,1,1,1,1,1,4,4,3,1,1,1,4,no-emotion,minutes,days,3,2,3,5,3,3,1,5,1,4,1,4,1,1,5,3,2,1,3,2,1,4,3,1,38,Female,High school,European,4,2,5,4,5,6,6,2,4,4,ORIGINAL
