,text_id,recon_share,n_top,recon_winners,reader_majority,majority_share,author_emotion,author_matches_readers
0,21,0.6,1,['anger'],anger,0.6,anger,True
1,23,1.0,1,['anger'],anger,1.0,anger,True
2,26,0.6,1,['anger'],anger,0.6,anger,True
3,30,0.8,1,['anger'],anger,0.8,anger,True
4,39,0.6,1,['anger'],anger,0.6,anger,True
6,60,0.8,1,['anger'],anger,0.8,anger,True
7,68,1.0,1,['anger'],anger,1.0,anger,True
8,69,0.8,1,['anger'],anger,0.8,anger,True
9,71,1.0,1,['boredom'],boredom,1.0,boredom,True
10,74,0.8,1,['boredom'],boredom,0.8,boredom,True
11,81,1.0,1,['boredom'],boredom,1.0,boredom,True
12,84,1.0,1,['boredom'],boredom,1.0,boredom,True
13,86,0.4,1,['pride'],pride,0.4,pride,True
15,90,0.4,1,['anger'],anger,0.4,anger,True
16,93,0.6,1,['anger'],anger,0.6,anger,True
17,96,0.8,1,['guilt'],guilt,0.8,guilt,True
19,213,0.8,1,['anger'],anger,0.8,anger,True
20,220,1.0,1,['boredom'],boredom,1.0,boredom,True
21,224,0.8,1,['boredom'],boredom,0.8,boredom,True
22,228,0.8,1,['boredom'],boredom,0.8,boredom,True
23,230,1.0,1,['boredom'],boredom,1.0,boredom,True
24,249,0.8,1,['anger'],anger,0.8,disgust,False
26,255,1.0,1,['disgust'],disgust,1.0,disgust,True
27,256,1.0,1,['disgust'],disgust,1.0,disgust,True
28,261,0.8,1,['fear'],fear,0.8,fear,True
29,271,0.6,1,['relief'],relief,0.6,fear,False
30,272,0.6,1,['fear'],fear,0.6,fear,True
31,276,0.4,1,['fear'],fear,0.4,fear,True
32,280,0.6,1,['sadness'],sadness,0.6,guilt,False
33,281,0.8,1,['shame'],shame,0.8,guilt,False
34,287,0.8,1,['joy'],joy,0.8,joy,True
35,289,1.0,1,['joy'],joy,1.0,joy,True
36,294,0.6,1,['pride'],pride,0.6,joy,False
37,299,0.8,1,['joy'],joy,0.8,joy,True
39,314,1.0,1,['sadness'],sadness,1.0,anger,False
40,315,1.0,1,['anger'],anger,1.0,anger,True
41,323,0.8,1,['anger'],anger,0.8,anger,True
42,340,1.0,1,['anger'],anger,1.0,anger,True
43,347,0.6,1,['sadness'],sadness,0.6,anger,False
44,348,0.6,1,['anger'],anger,0.6,anger,True
45,349,0.6,1,['anger'],anger,0.6,anger,True
46,352,0.6,1,['anger'],anger,0.6,anger,True
47,358,0.8,1,['anger'],anger,0.8,anger,True
48,363,0.4,1,['anger'],anger,0.4,anger,True
49,367,0.6,1,['shame'],shame,0.6,anger,False
51,381,0.6,1,['anger'],anger,0.6,anger,True
52,382,0.6,1,['no-emotion'],no-emotion,0.6,anger,False
53,387,0.8,1,['anger'],anger,0.8,anger,True
54,393,0.6,1,['sadness'],sadness,0.6,anger,False
55,399,0.8,1,['anger'],anger,0.8,anger,True
57,414,1.0,1,['fear'],fear,1.0,anger,False
58,417,1.0,1,['anger'],anger,1.0,anger,True
59,428,0.8,1,['anger'],anger,0.8,anger,True
60,429,0.4,1,['anger'],anger,0.4,anger,True
61,437,0.8,1,['anger'],anger,0.8,anger,True
62,438,0.8,1,['anger'],anger,0.8,anger,True
63,439,0.8,1,['anger'],anger,0.8,anger,True
64,441,0.6,1,['anger'],anger,0.6,anger,True
65,449,0.8,1,['sadness'],sadness,0.8,anger,False
67,458,1.0,1,['anger'],anger,1.0,anger,True
68,466,0.8,1,['anger'],anger,0.8,anger,True
69,468,0.4,1,['anger'],anger,0.4,anger,True
70,476,0.6,1,['anger'],anger,0.6,anger,True
71,479,0.6,1,['anger'],anger,0.6,anger,True
72,481,0.8,1,['anger'],anger,0.8,anger,True
73,494,0.6,1,['anger'],anger,0.6,anger,True
74,495,0.6,1,['no-emotion'],no-emotion,0.6,anger,False
75,510,0.4,1,['fear'],fear,0.4,anger,False
76,517,0.6,1,['disgust'],disgust,0.6,anger,False
77,521,0.4,1,['anger'],anger,0.4,anger,True
78,525,0.6,1,['anger'],anger,0.6,anger,True
79,548,0.4,1,['sadness'],sadness,0.4,anger,False
80,553,0.6,1,['anger'],anger,0.6,anger,True
81,559,0.6,1,['anger'],anger,0.6,anger,True
82,560,0.8,1,['anger'],anger,0.8,anger,True
83,562,1.0,1,['anger'],anger,1.0,anger,True
84,564,1.0,1,['anger'],anger,1.0,anger,True
85,583,0.8,1,['anger'],anger,0.8,anger,True
86,588,0.6,1,['anger'],anger,0.6,anger,True
87,589,0.8,1,['disgust'],disgust,0.8,anger,False
88,594,0.8,1,['sadness'],sadness,0.8,anger,False
89,612,0.8,1,['anger'],anger,0.8,anger,True
90,614,0.4,1,['shame'],shame,0.4,anger,False
91,617,0.8,1,['anger'],anger,0.8,anger,True
92,620,0.8,1,['disgust'],disgust,0.8,anger,False
93,623,0.6,1,['sadness'],sadness,0.6,anger,False
94,628,1.0,1,['anger'],anger,1.0,anger,True
95,641,0.8,1,['anger'],anger,0.8,anger,True
97,670,0.8,1,['anger'],anger,0.8,anger,True
98,678,0.6,1,['anger'],anger,0.6,anger,True
99,686,0.8,1,['relief'],relief,0.8,anger,False
101,690,0.6,1,['shame'],shame,0.6,anger,False
102,697,0.6,1,['anger'],anger,0.6,boredom,False
103,711,0.6,1,['boredom'],boredom,0.6,boredom,True
105,720,0.6,1,['boredom'],boredom,0.6,boredom,True
106,726,0.4,1,['fear'],fear,0.4,boredom,False
107,734,0.6,1,['boredom'],boredom,0.6,boredom,True
108,736,1.0,1,['boredom'],boredom,1.0,boredom,True
109,740,0.6,1,['trust'],trust,0.6,boredom,False
110,743,0.6,1,['anger'],anger,0.6,boredom,False
111,744,1.0,1,['boredom'],boredom,1.0,boredom,True
112,745,1.0,1,['disgust'],disgust,1.0,disgust,True
113,751,0.8,1,['anger'],anger,0.8,disgust,False
114,762,1.0,1,['fear'],fear,1.0,fear,True
117,783,0.8,1,['joy'],joy,0.8,joy,True
118,784,1.0,1,['joy'],joy,1.0,joy,True
119,786,1.0,1,['joy'],joy,1.0,joy,True
120,787,0.8,1,['joy'],joy,0.8,joy,True
121,797,1.0,1,['pride'],pride,1.0,joy,False
122,815,1.0,1,['sadness'],sadness,1.0,sadness,True
123,816,0.4,1,['surprise'],surprise,0.4,sadness,False
126,910,0.6,1,['joy'],joy,0.6,no-emotion,False
127,912,0.6,1,['relief'],relief,0.6,no-emotion,False
128,915,0.8,1,['no-emotion'],no-emotion,0.8,no-emotion,True
129,916,0.8,1,['surprise'],surprise,0.8,surprise,True
130,922,0.4,1,['anger'],anger,0.4,trust,False
131,923,0.6,1,['joy'],joy,0.6,trust,False
132,2105,0.6,1,['relief'],relief,0.6,joy,False
133,2109,0.8,1,['sadness'],sadness,0.8,no-emotion,False
136,2118,0.6,1,['anger'],anger,0.6,no-emotion,False
137,2120,0.6,1,['relief'],relief,0.6,no-emotion,False
138,2129,0.4,1,['pride'],pride,0.4,pride,True
139,2134,0.8,1,['pride'],pride,0.8,pride,True
140,2138,0.8,1,['pride'],pride,0.8,pride,True
141,2142,0.8,1,['joy'],joy,0.8,pride,False
142,2143,1.0,1,['pride'],pride,1.0,pride,True
143,2144,0.4,1,['pride'],pride,0.4,relief,False
144,2145,1.0,1,['pride'],pride,1.0,relief,False
145,2158,0.4,1,['fear'],fear,0.4,relief,False
146,2161,0.6,1,['joy'],joy,0.6,relief,False
147,2163,1.0,1,['sadness'],sadness,1.0,sadness,True
149,2169,1.0,1,['sadness'],sadness,1.0,sadness,True
150,2172,0.6,1,['sadness'],sadness,0.6,sadness,True
151,2179,1.0,1,['sadness'],sadness,1.0,sadness,True
153,2182,0.6,1,['sadness'],sadness,0.6,shame,False
154,2187,0.6,1,['guilt'],guilt,0.6,shame,False
156,2194,0.6,1,['pride'],pride,0.6,surprise,False
158,2198,1.0,1,['joy'],joy,1.0,surprise,False
160,2211,0.8,1,['trust'],trust,0.8,trust,True
161,2212,0.6,1,['trust'],trust,0.6,trust,True
164,2224,0.6,1,['trust'],trust,0.6,trust,True
165,2225,0.4,1,['trust'],trust,0.4,trust,True
166,2226,0.6,1,['boredom'],boredom,0.6,trust,False
167,2227,0.6,1,['relief'],relief,0.6,trust,False
169,2230,0.6,1,['fear'],fear,0.6,trust,False
170,2231,1.0,1,['trust'],trust,1.0,trust,True
171,3107,0.6,1,['shame'],shame,0.6,anger,False
172,3113,0.8,1,['anger'],anger,0.8,anger,True
174,3118,1.0,1,['anger'],anger,1.0,anger,True
175,3131,1.0,1,['boredom'],boredom,1.0,boredom,True
176,3137,0.8,1,['boredom'],boredom,0.8,boredom,True
177,3138,0.6,1,['fear'],fear,0.6,boredom,False
178,3140,0.6,1,['sadness'],sadness,0.6,boredom,False
179,3143,0.6,1,['boredom'],boredom,0.6,boredom,True
180,3150,0.6,1,['no-emotion'],no-emotion,0.6,boredom,False
181,3157,0.8,1,['boredom'],boredom,0.8,boredom,True
182,3159,1.0,1,['boredom'],boredom,1.0,boredom,True
183,3170,0.8,1,['fear'],fear,0.8,boredom,False
184,3187,1.0,1,['boredom'],boredom,1.0,boredom,True
185,3189,0.8,1,['boredom'],boredom,0.8,boredom,True
186,3192,0.8,1,['boredom'],boredom,0.8,boredom,True
187,3195,0.8,1,['boredom'],boredom,0.8,boredom,True
188,3207,0.8,1,['boredom'],boredom,0.8,boredom,True
189,3211,0.6,1,['boredom'],boredom,0.6,boredom,True
190,3214,0.4,1,['boredom'],boredom,0.4,boredom,True
191,3220,0.8,1,['boredom'],boredom,0.8,boredom,True
192,3223,0.8,1,['boredom'],boredom,0.8,boredom,True
193,3225,1.0,1,['boredom'],boredom,1.0,boredom,True
194,3231,1.0,1,['boredom'],boredom,1.0,boredom,True
195,3233,1.0,1,['boredom'],boredom,1.0,boredom,True
196,3237,1.0,1,['boredom'],boredom,1.0,boredom,True
197,3248,1.0,1,['disgust'],disgust,1.0,disgust,True
198,3254,0.8,1,['disgust'],disgust,0.8,disgust,True
199,3260,1.0,1,['anger'],anger,1.0,disgust,False
200,3263,0.6,1,['disgust'],disgust,0.6,disgust,True
201,3264,0.8,1,['anger'],anger,0.8,disgust,False
202,3267,0.6,1,['disgust'],disgust,0.6,disgust,True
203,3272,0.4,1,['shame'],shame,0.4,disgust,False
204,3274,1.0,1,['disgust'],disgust,1.0,disgust,True
205,3283,0.4,1,['disgust'],disgust,0.4,disgust,True
206,3285,0.6,1,['surprise'],surprise,0.6,disgust,False
208,3290,0.6,1,['fear'],fear,0.6,disgust,False
209,3292,0.8,1,['disgust'],disgust,0.8,disgust,True
210,3302,0.4,1,['anger'],anger,0.4,disgust,False
211,3315,0.8,1,['anger'],anger,0.8,disgust,False
213,3320,0.4,1,['anger'],anger,0.4,disgust,False
214,3321,1.0,1,['disgust'],disgust,1.0,disgust,True
216,3328,1.0,1,['disgust'],disgust,1.0,disgust,True
217,3338,1.0,1,['anger'],anger,1.0,disgust,False
218,3339,0.6,1,['anger'],anger,0.6,disgust,False
219,3344,1.0,1,['disgust'],disgust,1.0,disgust,True
220,3347,1.0,1,['disgust'],disgust,1.0,disgust,True
221,3348,0.4,1,['disgust'],disgust,0.4,disgust,True
222,3360,0.6,1,['boredom'],boredom,0.6,fear,False
223,3361,0.8,1,['fear'],fear,0.8,fear,True
224,3366,0.6,1,['fear'],fear,0.6,fear,True
226,3373,0.6,1,['fear'],fear,0.6,fear,True
227,3378,0.8,1,['fear'],fear,0.8,fear,True
228,3399,0.8,1,['fear'],fear,0.8,fear,True
229,3401,0.6,1,['fear'],fear,0.6,fear,True
230,3404,0.6,1,['fear'],fear,0.6,fear,True
231,3414,1.0,1,['fear'],fear,1.0,fear,True
232,3422,0.8,1,['fear'],fear,0.8,fear,True
234,3426,0.8,1,['fear'],fear,0.8,fear,True
235,3427,0.6,1,['fear'],fear,0.6,fear,True
236,3431,1.0,1,['fear'],fear,1.0,fear,True
237,3436,1.0,1,['fear'],fear,1.0,fear,True
238,3437,1.0,1,['fear'],fear,1.0,fear,True
240,3442,1.0,1,['fear'],fear,1.0,fear,True
241,3443,0.8,1,['fear'],fear,0.8,fear,True
242,3450,1.0,1,['fear'],fear,1.0,fear,True
243,3451,1.0,1,['fear'],fear,1.0,fear,True
244,3462,0.8,1,['fear'],fear,0.8,fear,True
245,3467,0.6,1,['fear'],fear,0.6,fear,True
246,3469,1.0,1,['fear'],fear,1.0,fear,True
247,3474,1.0,1,['fear'],fear,1.0,fear,True
249,3481,0.6,1,['shame'],shame,0.6,guilt,False
250,3492,0.8,1,['guilt'],guilt,0.8,guilt,True
251,3493,0.6,1,['shame'],shame,0.6,guilt,False
252,3498,1.0,1,['sadness'],sadness,1.0,guilt,False
253,3502,0.8,1,['guilt'],guilt,0.8,guilt,True
254,3514,0.4,1,['anger'],anger,0.4,guilt,False
255,3519,0.6,1,['guilt'],guilt,0.6,guilt,True
256,3522,0.8,1,['guilt'],guilt,0.8,guilt,True
257,3523,1.0,1,['guilt'],guilt,1.0,guilt,True
258,3525,1.0,1,['guilt'],guilt,1.0,guilt,True
259,3528,0.6,1,['sadness'],sadness,0.6,guilt,False
260,3533,0.4,1,['guilt'],guilt,0.4,guilt,True
262,3538,0.6,1,['joy'],joy,0.6,joy,True
263,3542,0.8,1,['joy'],joy,0.8,joy,True
265,3576,1.0,1,['joy'],joy,1.0,joy,True
266,3579,0.8,1,['fear'],fear,0.8,joy,False
267,3584,1.0,1,['joy'],joy,1.0,joy,True
269,3587,1.0,1,['joy'],joy,1.0,joy,True
270,3589,0.8,1,['joy'],joy,0.8,joy,True
271,3601,1.0,1,['joy'],joy,1.0,joy,True
272,3603,0.6,1,['pride'],pride,0.6,joy,False
273,3604,0.6,1,['pride'],pride,0.6,joy,False
275,3612,0.8,1,['joy'],joy,0.8,joy,True
276,3615,0.8,1,['joy'],joy,0.8,joy,True
277,3618,0.6,1,['joy'],joy,0.6,joy,True
278,3620,0.8,1,['joy'],joy,0.8,joy,True
279,3639,0.6,1,['joy'],joy,0.6,joy,True
280,3641,0.6,1,['relief'],relief,0.6,joy,False
281,3644,1.0,1,['joy'],joy,1.0,joy,True
282,3645,0.8,1,['relief'],relief,0.8,joy,False
283,3647,0.8,1,['joy'],joy,0.8,joy,True
284,3649,1.0,1,['pride'],pride,1.0,joy,False
285,3651,0.6,1,['relief'],relief,0.6,joy,False
286,3662,0.4,1,['joy'],joy,0.4,no-emotion,False
288,3676,0.6,1,['no-emotion'],no-emotion,0.6,no-emotion,True
289,3686,0.4,1,['disgust'],disgust,0.4,no-emotion,False
290,3687,0.4,1,['anger'],anger,0.4,no-emotion,False
291,3697,0.4,1,['shame'],shame,0.4,no-emotion,False
292,3701,1.0,1,['sadness'],sadness,1.0,no-emotion,False
293,3704,0.4,1,['sadness'],sadness,0.4,no-emotion,False
294,3706,0.4,1,['no-emotion'],no-emotion,0.4,no-emotion,True
295,3708,0.6,1,['pride'],pride,0.6,no-emotion,False
296,3709,0.6,1,['no-emotion'],no-emotion,0.6,no-emotion,True
297,3710,0.6,1,['no-emotion'],no-emotion,0.6,no-emotion,True
298,3712,0.6,1,['no-emotion'],no-emotion,0.6,no-emotion,True
299,3725,0.6,1,['no-emotion'],no-emotion,0.6,no-emotion,True
300,3726,0.8,1,['no-emotion'],no-emotion,0.8,no-emotion,True
301,3733,0.6,1,['pride'],pride,0.6,no-emotion,False
302,3734,0.8,1,['sadness'],sadness,0.8,no-emotion,False
305,3773,0.6,1,['joy'],joy,0.6,no-emotion,False
306,3779,1.0,1,['pride'],pride,1.0,pride,True
307,3797,0.8,1,['joy'],joy,0.8,pride,False
308,3804,1.0,1,['pride'],pride,1.0,pride,True
309,3811,0.6,1,['pride'],pride,0.6,pride,True
310,3816,0.8,1,['pride'],pride,0.8,pride,True
311,3819,1.0,1,['pride'],pride,1.0,pride,True
312,3827,0.8,1,['pride'],pride,0.8,pride,True
313,3830,1.0,1,['pride'],pride,1.0,pride,True
314,3833,0.6,1,['anger'],anger,0.6,pride,False
315,3836,0.6,1,['pride'],pride,0.6,pride,True
316,3850,0.6,1,['joy'],joy,0.6,pride,False
317,3857,0.8,1,['pride'],pride,0.8,pride,True
318,3859,0.6,1,['joy'],joy,0.6,pride,False
320,3866,0.6,1,['pride'],pride,0.6,pride,True
321,3868,0.6,1,['joy'],joy,0.6,pride,False
322,3873,0.6,1,['pride'],pride,0.6,pride,True
323,3882,0.6,1,['relief'],relief,0.6,pride,False
324,3884,0.6,1,['surprise'],surprise,0.6,pride,False
325,3887,0.4,1,['pride'],pride,0.4,pride,True
326,3890,0.8,1,['relief'],relief,0.8,relief,True
327,3893,0.6,1,['joy'],joy,0.6,relief,False
330,3926,0.6,1,['relief'],relief,0.6,relief,True
331,3934,0.6,1,['relief'],relief,0.6,relief,True
332,3936,0.6,1,['pride'],pride,0.6,relief,False
333,3937,1.0,1,['relief'],relief,1.0,relief,True
334,3942,1.0,1,['relief'],relief,1.0,relief,True
335,3944,0.8,1,['relief'],relief,0.8,relief,True
336,3948,1.0,1,['relief'],relief,1.0,relief,True
337,3964,0.6,1,['relief'],relief,0.6,relief,True
338,3966,0.8,1,['relief'],relief,0.8,relief,True
339,3969,0.8,1,['relief'],relief,0.8,relief,True
340,3973,1.0,1,['relief'],relief,1.0,relief,True
342,3983,0.8,1,['relief'],relief,0.8,relief,True
343,3991,0.8,1,['relief'],relief,0.8,relief,True
344,3998,0.8,1,['relief'],relief,0.8,relief,True
346,4146,0.8,1,['anger'],anger,0.8,anger,True
347,4150,0.8,1,['anger'],anger,0.8,anger,True
348,4151,1.0,1,['fear'],fear,1.0,anger,False
349,4155,0.6,1,['sadness'],sadness,0.6,anger,False
350,4163,0.6,1,['boredom'],boredom,0.6,boredom,True
351,4165,0.6,1,['joy'],joy,0.6,boredom,False
352,4170,0.6,1,['boredom'],boredom,0.6,boredom,True
353,4174,1.0,1,['boredom'],boredom,1.0,boredom,True
354,4213,0.8,1,['boredom'],boredom,0.8,boredom,True
355,4215,1.0,1,['boredom'],boredom,1.0,boredom,True
356,4217,1.0,1,['boredom'],boredom,1.0,boredom,True
357,4254,0.8,1,['boredom'],boredom,0.8,boredom,True
359,4281,0.8,1,['sadness'],sadness,0.8,boredom,False
360,4288,1.0,1,['boredom'],boredom,1.0,boredom,True
361,4290,0.8,1,['sadness'],sadness,0.8,boredom,False
362,4304,1.0,1,['boredom'],boredom,1.0,boredom,True
363,4306,0.4,1,['boredom'],boredom,0.4,boredom,True
364,4317,0.8,1,['sadness'],sadness,0.8,boredom,False
365,4327,0.6,1,['disgust'],disgust,0.6,disgust,True
366,4337,0.6,1,['disgust'],disgust,0.6,disgust,True
367,4343,0.8,1,['anger'],anger,0.8,disgust,False
368,4348,1.0,1,['sadness'],sadness,1.0,disgust,False
369,4364,0.8,1,['fear'],fear,0.8,disgust,False
370,4387,0.4,1,['disgust'],disgust,0.4,disgust,True
371,4400,0.8,1,['disgust'],disgust,0.8,disgust,True
372,4408,0.6,1,['sadness'],sadness,0.6,disgust,False
373,4410,0.8,1,['anger'],anger,0.8,disgust,False
374,4431,0.8,1,['disgust'],disgust,0.8,disgust,True
375,4454,1.0,1,['disgust'],disgust,1.0,disgust,True
376,4461,0.6,1,['fear'],fear,0.6,disgust,False
378,4490,1.0,1,['fear'],fear,1.0,fear,True
379,4496,1.0,1,['fear'],fear,1.0,fear,True
380,4497,1.0,1,['fear'],fear,1.0,fear,True
381,4504,1.0,1,['fear'],fear,1.0,fear,True
382,4510,0.4,1,['surprise'],surprise,0.4,fear,False
383,4517,1.0,1,['fear'],fear,1.0,fear,True
384,4519,0.8,1,['fear'],fear,0.8,fear,True
385,4538,0.6,1,['surprise'],surprise,0.6,fear,False
386,4539,0.8,1,['fear'],fear,0.8,fear,True
387,4571,0.6,1,['fear'],fear,0.6,fear,True
389,4579,0.8,1,['fear'],fear,0.8,fear,True
390,4582,1.0,1,['fear'],fear,1.0,fear,True
391,4583,0.6,1,['fear'],fear,0.6,fear,True
392,4592,0.6,1,['fear'],fear,0.6,fear,True
393,4594,0.6,1,['fear'],fear,0.6,fear,True
394,4600,0.6,1,['fear'],fear,0.6,fear,True
395,4609,0.6,1,['fear'],fear,0.6,fear,True
396,4633,0.6,1,['sadness'],sadness,0.6,fear,False
398,4639,1.0,1,['fear'],fear,1.0,fear,True
399,4649,0.4,1,['guilt'],guilt,0.4,guilt,True
400,4655,0.6,1,['guilt'],guilt,0.6,guilt,True
401,4659,0.6,1,['guilt'],guilt,0.6,guilt,True
402,4666,0.8,1,['shame'],shame,0.8,guilt,False
403,4671,0.6,1,['guilt'],guilt,0.6,guilt,True
404,4692,0.6,1,['guilt'],guilt,0.6,guilt,True
405,4706,0.6,1,['guilt'],guilt,0.6,guilt,True
406,4745,0.8,1,['joy'],joy,0.8,joy,True
407,4759,0.8,1,['relief'],relief,0.8,joy,False
408,4763,1.0,1,['joy'],joy,1.0,joy,True
409,4768,1.0,1,['joy'],joy,1.0,joy,True
410,4773,1.0,1,['joy'],joy,1.0,joy,True
411,4778,0.6,1,['relief'],relief,0.6,joy,False
412,4780,0.6,1,['joy'],joy,0.6,joy,True
413,4802,0.8,1,['joy'],joy,0.8,joy,True
414,4804,0.6,1,['pride'],pride,0.6,joy,False
415,4814,0.6,1,['joy'],joy,0.6,joy,True
416,4817,0.8,1,['pride'],pride,0.8,joy,False
417,4821,0.6,1,['pride'],pride,0.6,joy,False
418,4842,0.6,1,['joy'],joy,0.6,joy,True
419,4868,0.6,1,['pride'],pride,0.6,joy,False
420,4874,1.0,1,['joy'],joy,1.0,joy,True
421,4904,0.6,1,['fear'],fear,0.6,no-emotion,False
422,4925,0.4,1,['shame'],shame,0.4,no-emotion,False
423,4928,0.4,1,['guilt'],guilt,0.4,no-emotion,False
424,4929,0.6,1,['joy'],joy,0.6,no-emotion,False
425,4930,1.0,1,['sadness'],sadness,1.0,no-emotion,False
426,4940,0.6,1,['pride'],pride,0.6,no-emotion,False
427,4943,0.4,1,['sadness'],sadness,0.4,no-emotion,False
428,4976,0.4,1,['guilt'],guilt,0.4,no-emotion,False
430,4987,0.8,1,['pride'],pride,0.8,no-emotion,False
431,5103,1.0,1,['sadness'],sadness,1.0,anger,False
432,5105,0.6,1,['sadness'],sadness,0.6,anger,False
433,5109,0.6,1,['sadness'],sadness,0.6,anger,False
434,5123,0.4,1,['anger'],anger,0.4,anger,True
435,5130,0.6,1,['anger'],anger,0.6,anger,True
436,5145,0.8,1,['anger'],anger,0.8,anger,True
437,5149,0.6,1,['anger'],anger,0.6,anger,True
438,5158,0.8,1,['anger'],anger,0.8,anger,True
439,5166,1.0,1,['anger'],anger,1.0,anger,True
440,5189,1.0,1,['anger'],anger,1.0,anger,True
441,5206,1.0,1,['sadness'],sadness,1.0,anger,False
442,5208,1.0,1,['anger'],anger,1.0,anger,True
443,5210,0.4,1,['sadness'],sadness,0.4,anger,False
445,5238,0.8,1,['sadness'],sadness,0.8,anger,False
446,5240,0.8,1,['boredom'],boredom,0.8,boredom,True
447,5243,0.6,1,['anger'],anger,0.6,boredom,False
449,5254,0.4,1,['surprise'],surprise,0.4,boredom,False
450,5257,0.6,1,['boredom'],boredom,0.6,boredom,True
451,5263,1.0,1,['boredom'],boredom,1.0,boredom,True
452,5276,0.6,1,['boredom'],boredom,0.6,boredom,True
453,5284,0.8,1,['boredom'],boredom,0.8,boredom,True
454,5298,0.6,1,['boredom'],boredom,0.6,boredom,True
455,5306,1.0,1,['boredom'],boredom,1.0,boredom,True
456,5307,0.8,1,['boredom'],boredom,0.8,boredom,True
457,5329,0.8,1,['guilt'],guilt,0.8,boredom,False
458,5339,0.6,1,['boredom'],boredom,0.6,boredom,True
459,5341,1.0,1,['boredom'],boredom,1.0,boredom,True
460,5356,0.6,1,['relief'],relief,0.6,boredom,False
461,5361,0.8,1,['boredom'],boredom,0.8,boredom,True
462,5371,0.4,1,['no-emotion'],no-emotion,0.4,boredom,False
463,5382,0.8,1,['boredom'],boredom,0.8,boredom,True
464,5388,0.8,1,['anger'],anger,0.8,boredom,False
465,5389,0.8,1,['boredom'],boredom,0.8,boredom,True
466,5413,0.4,1,['no-emotion'],no-emotion,0.4,boredom,False
467,5420,0.8,1,['boredom'],boredom,0.8,boredom,True
468,5454,0.6,1,['boredom'],boredom,0.6,boredom,True
469,5456,1.0,1,['anger'],anger,1.0,boredom,False
470,5471,1.0,1,['boredom'],boredom,1.0,boredom,True
471,5481,1.0,1,['boredom'],boredom,1.0,boredom,True
472,5502,0.8,1,['disgust'],disgust,0.8,disgust,True
473,5515,1.0,1,['disgust'],disgust,1.0,disgust,True
474,5517,0.8,1,['surprise'],surprise,0.8,disgust,False
475,5524,0.6,1,['sadness'],sadness,0.6,disgust,False
476,5538,0.8,1,['sadness'],sadness,0.8,disgust,False
478,5550,0.8,1,['disgust'],disgust,0.8,disgust,True
479,5556,0.6,1,['disgust'],disgust,0.6,disgust,True
481,5567,0.6,1,['disgust'],disgust,0.6,disgust,True
483,5572,0.8,1,['disgust'],disgust,0.8,disgust,True
484,5575,0.4,1,['anger'],anger,0.4,disgust,False
486,5580,1.0,1,['disgust'],disgust,1.0,disgust,True
487,5600,0.6,1,['disgust'],disgust,0.6,disgust,True
488,5601,0.8,1,['relief'],relief,0.8,disgust,False
489,5603,0.4,1,['disgust'],disgust,0.4,disgust,True
490,5605,1.0,1,['disgust'],disgust,1.0,disgust,True
491,5609,0.6,1,['fear'],fear,0.6,disgust,False
492,5627,1.0,1,['disgust'],disgust,1.0,disgust,True
493,5629,0.8,1,['anger'],anger,0.8,disgust,False
494,5632,0.6,1,['sadness'],sadness,0.6,disgust,False
495,5639,0.6,1,['anger'],anger,0.6,disgust,False
496,5641,0.8,1,['anger'],anger,0.8,disgust,False
497,5642,0.6,1,['anger'],anger,0.6,disgust,False
498,5653,0.6,1,['sadness'],sadness,0.6,disgust,False
499,5654,0.8,1,['disgust'],disgust,0.8,disgust,True
500,5658,1.0,1,['disgust'],disgust,1.0,disgust,True
501,5661,0.6,1,['anger'],anger,0.6,disgust,False
502,5680,1.0,1,['disgust'],disgust,1.0,disgust,True
503,5684,0.6,1,['anger'],anger,0.6,disgust,False
504,5688,0.6,1,['disgust'],disgust,0.6,disgust,True
505,5689,1.0,1,['disgust'],disgust,1.0,disgust,True
507,5700,0.6,1,['anger'],anger,0.6,disgust,False
508,5704,1.0,1,['disgust'],disgust,1.0,disgust,True
509,5705,0.8,1,['disgust'],disgust,0.8,disgust,True
510,5720,0.6,1,['disgust'],disgust,0.6,disgust,True
511,5725,0.6,1,['fear'],fear,0.6,fear,True
512,5727,0.6,1,['fear'],fear,0.6,fear,True
513,5730,1.0,1,['fear'],fear,1.0,fear,True
514,5734,1.0,1,['fear'],fear,1.0,fear,True
515,5752,0.8,1,['fear'],fear,0.8,fear,True
516,5753,0.6,1,['fear'],fear,0.6,fear,True
517,5754,0.6,1,['fear'],fear,0.6,fear,True
518,5766,0.6,1,['anger'],anger,0.6,fear,False
519,5769,1.0,1,['fear'],fear,1.0,fear,True
522,5796,1.0,1,['fear'],fear,1.0,fear,True
523,5798,0.8,1,['joy'],joy,0.8,fear,False
524,5802,0.6,1,['guilt'],guilt,0.6,fear,False
525,5810,0.6,1,['fear'],fear,0.6,fear,True
526,5813,1.0,1,['fear'],fear,1.0,fear,True
527,5830,0.8,1,['fear'],fear,0.8,fear,True
528,5841,0.8,1,['fear'],fear,0.8,fear,True
529,5848,0.8,1,['fear'],fear,0.8,fear,True
530,5856,1.0,1,['fear'],fear,1.0,fear,True
531,5873,0.8,1,['fear'],fear,0.8,fear,True
532,5880,1.0,1,['fear'],fear,1.0,fear,True
533,5892,0.8,1,['fear'],fear,0.8,fear,True
534,5901,0.6,1,['sadness'],sadness,0.6,fear,False
535,5914,0.8,1,['fear'],fear,0.8,fear,True
536,5916,0.6,1,['fear'],fear,0.6,fear,True
537,5920,0.6,1,['fear'],fear,0.6,fear,True
538,5929,0.8,1,['fear'],fear,0.8,fear,True
539,5931,0.8,1,['fear'],fear,0.8,fear,True
541,5951,0.6,1,['fear'],fear,0.6,fear,True
542,5953,0.8,1,['fear'],fear,0.8,fear,True
543,5955,0.6,1,['fear'],fear,0.6,fear,True
544,5964,1.0,1,['fear'],fear,1.0,fear,True
546,5986,0.8,1,['guilt'],guilt,0.8,guilt,True
547,5996,0.6,1,['guilt'],guilt,0.6,guilt,True
548,6101,0.8,1,['boredom'],boredom,0.8,boredom,True
549,6106,1.0,1,['boredom'],boredom,1.0,boredom,True
551,6122,0.4,1,['surprise'],surprise,0.4,boredom,False
552,6124,0.8,1,['boredom'],boredom,0.8,boredom,True
554,6143,1.0,1,['boredom'],boredom,1.0,boredom,True
555,6144,0.8,1,['relief'],relief,0.8,boredom,False
556,6154,0.6,1,['boredom'],boredom,0.6,boredom,True
558,6161,0.4,1,['joy'],joy,0.4,boredom,False
559,6162,0.6,1,['boredom'],boredom,0.6,boredom,True
561,6174,0.6,1,['boredom'],boredom,0.6,boredom,True
562,6178,0.8,1,['boredom'],boredom,0.8,boredom,True
563,6181,1.0,1,['boredom'],boredom,1.0,boredom,True
565,6204,0.4,1,['fear'],fear,0.4,boredom,False
566,6210,0.6,1,['joy'],joy,0.6,boredom,False
567,6218,0.8,1,['guilt'],guilt,0.8,disgust,False
568,6221,1.0,1,['anger'],anger,1.0,disgust,False
570,6228,1.0,1,['disgust'],disgust,1.0,disgust,True
571,6235,0.6,1,['disgust'],disgust,0.6,disgust,True
572,6249,1.0,1,['disgust'],disgust,1.0,disgust,True
573,6258,0.6,1,['sadness'],sadness,0.6,disgust,False
574,6277,0.6,1,['disgust'],disgust,0.6,disgust,True
575,6281,1.0,1,['disgust'],disgust,1.0,disgust,True
576,6283,0.8,1,['disgust'],disgust,0.8,disgust,True
577,6288,1.0,1,['disgust'],disgust,1.0,disgust,True
579,6294,0.8,1,['anger'],anger,0.8,disgust,False
580,6304,0.6,1,['disgust'],disgust,0.6,disgust,True
581,6306,0.4,1,['anger'],anger,0.4,disgust,False
582,6307,0.6,1,['disgust'],disgust,0.6,disgust,True
583,6308,1.0,1,['disgust'],disgust,1.0,disgust,True
584,6315,0.6,1,['fear'],fear,0.6,fear,True
585,6320,0.6,1,['shame'],shame,0.6,fear,False
586,6324,1.0,1,['fear'],fear,1.0,fear,True
587,6329,1.0,1,['fear'],fear,1.0,fear,True
588,6333,1.0,1,['fear'],fear,1.0,fear,True
589,6337,0.6,1,['fear'],fear,0.6,fear,True
590,6339,0.8,1,['fear'],fear,0.8,fear,True
591,6364,0.8,1,['fear'],fear,0.8,fear,True
592,6366,0.8,1,['fear'],fear,0.8,fear,True
593,6370,0.6,1,['surprise'],surprise,0.6,fear,False
594,6374,1.0,1,['fear'],fear,1.0,fear,True
595,6375,0.6,1,['fear'],fear,0.6,fear,True
596,6389,0.6,1,['fear'],fear,0.6,fear,True
597,6392,0.8,1,['guilt'],guilt,0.8,guilt,True
598,6397,0.8,1,['guilt'],guilt,0.8,guilt,True
599,6403,0.6,1,['anger'],anger,0.6,guilt,False
600,6407,0.4,1,['surprise'],surprise,0.4,guilt,False
601,6418,0.8,1,['guilt'],guilt,0.8,guilt,True
602,6422,0.6,1,['guilt'],guilt,0.6,guilt,True
603,6423,0.6,1,['joy'],joy,0.6,guilt,False
604,6424,0.8,1,['guilt'],guilt,0.8,guilt,True
605,6436,1.0,1,['pride'],pride,1.0,joy,False
606,6440,1.0,1,['joy'],joy,1.0,joy,True
607,6443,0.6,1,['surprise'],surprise,0.6,joy,False
608,6450,0.6,1,['surprise'],surprise,0.6,joy,False
609,6468,1.0,1,['joy'],joy,1.0,joy,True
610,6472,1.0,1,['relief'],relief,1.0,joy,False
611,6492,1.0,1,['joy'],joy,1.0,joy,True
612,6499,1.0,1,['pride'],pride,1.0,joy,False
613,6502,1.0,1,['joy'],joy,1.0,joy,True
614,6508,1.0,1,['joy'],joy,1.0,joy,True
615,6519,0.8,1,['joy'],joy,0.8,joy,True
616,6524,0.8,1,['joy'],joy,0.8,joy,True
617,6535,1.0,1,['anger'],anger,1.0,no-emotion,False
618,6537,0.6,1,['surprise'],surprise,0.6,no-emotion,False
619,6546,0.8,1,['boredom'],boredom,0.8,no-emotion,False
620,6565,0.4,1,['guilt'],guilt,0.4,no-emotion,False
621,6573,0.8,1,['fear'],fear,0.8,no-emotion,False
623,6579,1.0,1,['fear'],fear,1.0,no-emotion,False
625,6590,0.4,1,['joy'],joy,0.4,no-emotion,False
626,6595,1.0,1,['sadness'],sadness,1.0,no-emotion,False
627,6598,0.6,1,['pride'],pride,0.6,no-emotion,False
628,6602,0.4,1,['boredom'],boredom,0.4,no-emotion,False
629,6603,0.4,1,['boredom'],boredom,0.4,no-emotion,False
630,6609,1.0,1,['sadness'],sadness,1.0,no-emotion,False
631,6613,0.8,1,['boredom'],boredom,0.8,no-emotion,False
632,6619,1.0,1,['boredom'],boredom,1.0,no-emotion,False
633,6625,0.6,1,['relief'],relief,0.6,no-emotion,False
634,6629,1.0,1,['boredom'],boredom,1.0,no-emotion,False
635,6630,0.8,1,['boredom'],boredom,0.8,no-emotion,False
636,6649,0.6,1,['joy'],joy,0.6,pride,False
637,6652,1.0,1,['pride'],pride,1.0,pride,True
638,6696,0.6,1,['pride'],pride,0.6,pride,True
639,6716,0.6,1,['joy'],joy,0.6,pride,False
640,6717,1.0,1,['pride'],pride,1.0,pride,True
641,6720,0.8,1,['pride'],pride,0.8,pride,True
642,6728,0.8,1,['pride'],pride,0.8,pride,True
643,6729,0.6,1,['joy'],joy,0.6,pride,False
644,6732,0.8,1,['pride'],pride,0.8,pride,True
645,6736,1.0,1,['relief'],relief,1.0,relief,True
647,6761,0.8,1,['relief'],relief,0.8,relief,True
648,6768,1.0,1,['relief'],relief,1.0,relief,True
649,6773,0.8,1,['relief'],relief,0.8,relief,True
650,6779,0.8,1,['relief'],relief,0.8,relief,True
651,6789,0.8,1,['relief'],relief,0.8,relief,True
652,6796,0.6,1,['relief'],relief,0.6,relief,True
653,6799,1.0,1,['relief'],relief,1.0,relief,True
654,6801,0.6,1,['pride'],pride,0.6,relief,False
655,6804,0.6,1,['relief'],relief,0.6,relief,True
656,6808,0.6,1,['surprise'],surprise,0.6,relief,False
657,6810,0.8,1,['relief'],relief,0.8,relief,True
658,6815,0.8,1,['relief'],relief,0.8,relief,True
659,6829,0.8,1,['sadness'],sadness,0.8,sadness,True
660,6831,0.8,1,['sadness'],sadness,0.8,sadness,True
661,6835,1.0,1,['sadness'],sadness,1.0,sadness,True
663,6848,1.0,1,['sadness'],sadness,1.0,sadness,True
664,6852,0.6,1,['sadness'],sadness,0.6,sadness,True
665,6864,0.6,1,['sadness'],sadness,0.6,sadness,True
666,6869,0.6,1,['anger'],anger,0.6,sadness,False
667,6879,0.6,1,['anger'],anger,0.6,sadness,False
668,6885,0.8,1,['sadness'],sadness,0.8,sadness,True
669,6899,0.6,1,['relief'],relief,0.6,sadness,False
670,6906,0.4,1,['anger'],anger,0.4,sadness,False
671,6907,0.6,1,['sadness'],sadness,0.6,sadness,True
672,6915,1.0,1,['anger'],anger,1.0,sadness,False
673,6916,0.8,1,['sadness'],sadness,0.8,sadness,True
674,6920,0.8,1,['sadness'],sadness,0.8,sadness,True
675,6928,1.0,1,['sadness'],sadness,1.0,sadness,True
676,6933,0.4,1,['fear'],fear,0.4,sadness,False
677,6938,0.8,1,['guilt'],guilt,0.8,shame,False
678,6944,0.6,1,['sadness'],sadness,0.6,shame,False
679,6950,0.6,1,['guilt'],guilt,0.6,shame,False
681,6954,0.4,1,['shame'],shame,0.4,shame,True
682,6957,0.8,1,['guilt'],guilt,0.8,shame,False
683,6968,0.6,1,['fear'],fear,0.6,surprise,False
684,6981,0.6,1,['joy'],joy,0.6,surprise,False
685,6987,0.8,1,['surprise'],surprise,0.8,surprise,True
686,6989,0.8,1,['pride'],pride,0.8,surprise,False
687,6992,1.0,1,['joy'],joy,1.0,surprise,False
688,6997,1.0,1,['surprise'],surprise,1.0,surprise,True
689,7100,0.6,1,['sadness'],sadness,0.6,no-emotion,False
690,7113,0.6,1,['surprise'],surprise,0.6,pride,False
691,7118,1.0,1,['sadness'],sadness,1.0,pride,False
692,7125,0.8,1,['pride'],pride,0.8,pride,True
693,7128,0.6,1,['joy'],joy,0.6,pride,False
694,7134,1.0,1,['pride'],pride,1.0,pride,True
695,7135,0.8,1,['pride'],pride,0.8,pride,True
696,7143,0.4,1,['relief'],relief,0.4,relief,True
697,7144,0.8,1,['pride'],pride,0.8,relief,False
698,7146,1.0,1,['sadness'],sadness,1.0,sadness,True
699,7147,0.4,1,['disgust'],disgust,0.4,sadness,False
700,7157,0.8,1,['sadness'],sadness,0.8,sadness,True
702,7161,0.6,1,['sadness'],sadness,0.6,sadness,True
703,7164,1.0,1,['sadness'],sadness,1.0,sadness,True
704,7175,0.6,1,['anger'],anger,0.6,sadness,False
706,7180,1.0,1,['anger'],anger,1.0,sadness,False
707,7187,1.0,1,['sadness'],sadness,1.0,sadness,True
708,7192,0.6,1,['sadness'],sadness,0.6,sadness,True
709,7193,0.8,1,['sadness'],sadness,0.8,sadness,True
710,7198,0.6,1,['pride'],pride,0.6,surprise,False
711,7200,0.6,1,['fear'],fear,0.6,surprise,False
712,7204,0.6,1,['relief'],relief,0.6,trust,False
713,31009,0.6,1,['sadness'],sadness,0.6,sadness,True
714,31015,1.0,1,['sadness'],sadness,1.0,sadness,True
716,31029,1.0,1,['sadness'],sadness,1.0,sadness,True
717,31034,1.0,1,['sadness'],sadness,1.0,sadness,True
718,31056,1.0,1,['sadness'],sadness,1.0,sadness,True
719,31060,0.8,1,['sadness'],sadness,0.8,sadness,True
720,31062,0.6,1,['sadness'],sadness,0.6,sadness,True
721,31067,1.0,1,['sadness'],sadness,1.0,sadness,True
722,31070,0.8,1,['sadness'],sadness,0.8,sadness,True
723,31077,1.0,1,['sadness'],sadness,1.0,sadness,True
724,31083,1.0,1,['sadness'],sadness,1.0,sadness,True
725,31089,1.0,1,['sadness'],sadness,1.0,sadness,True
726,31098,1.0,1,['sadness'],sadness,1.0,sadness,True
727,31114,1.0,1,['sadness'],sadness,1.0,sadness,True
728,31116,0.6,1,['sadness'],sadness,0.6,sadness,True
729,31118,1.0,1,['sadness'],sadness,1.0,sadness,True
730,31124,0.8,1,['shame'],shame,0.8,shame,True
731,31129,0.8,1,['shame'],shame,0.8,shame,True
732,31141,0.6,1,['shame'],shame,0.6,shame,True
734,31145,0.6,1,['guilt'],guilt,0.6,shame,False
735,31146,0.6,1,['guilt'],guilt,0.6,shame,False
736,31147,1.0,1,['guilt'],guilt,1.0,shame,False
737,31154,0.4,1,['shame'],shame,0.4,shame,True
738,31174,0.8,1,['guilt'],guilt,0.8,shame,False
740,31179,0.4,1,['guilt'],guilt,0.4,shame,False
742,31181,0.6,1,['surprise'],surprise,0.6,surprise,True
743,31183,0.8,1,['surprise'],surprise,0.8,surprise,True
744,31203,0.8,1,['pride'],pride,0.8,surprise,False
745,31207,0.6,1,['relief'],relief,0.6,surprise,False
746,31220,0.8,1,['surprise'],surprise,0.8,surprise,True
747,31227,1.0,1,['joy'],joy,1.0,surprise,False
748,31233,0.4,1,['guilt'],guilt,0.4,surprise,False
749,31234,0.6,1,['relief'],relief,0.6,surprise,False
750,31240,0.8,1,['joy'],joy,0.8,surprise,False
751,31269,0.8,1,['pride'],pride,0.8,surprise,False
752,31280,0.6,1,['surprise'],surprise,0.6,surprise,True
754,31286,0.8,1,['surprise'],surprise,0.8,surprise,True
755,31292,1.0,1,['surprise'],surprise,1.0,surprise,True
756,31304,0.6,1,['trust'],trust,0.6,trust,True
757,31307,0.6,1,['relief'],relief,0.6,trust,False
758,31313,0.6,1,['sadness'],sadness,0.6,trust,False
759,31317,0.6,1,['sadness'],sadness,0.6,trust,False
760,31330,0.8,1,['trust'],trust,0.8,trust,True
761,31332,1.0,1,['trust'],trust,1.0,trust,True
762,31338,0.4,1,['pride'],pride,0.4,trust,False
763,31340,0.8,1,['pride'],pride,0.8,trust,False
764,31346,0.8,1,['pride'],pride,0.8,trust,False
766,31360,0.6,1,['sadness'],sadness,0.6,trust,False
767,31361,0.6,1,['relief'],relief,0.6,trust,False
768,31378,0.6,1,['trust'],trust,0.6,trust,True
769,31382,0.6,1,['surprise'],surprise,0.6,trust,False
770,31387,0.6,1,['relief'],relief,0.6,trust,False
771,31390,1.0,1,['relief'],relief,1.0,trust,False
772,31398,0.6,1,['relief'],relief,0.6,trust,False
773,31415,0.6,1,['trust'],trust,0.6,trust,True
774,31421,0.8,1,['surprise'],surprise,0.8,trust,False
775,41006,0.6,1,['no-emotion'],no-emotion,0.6,no-emotion,True
776,41007,0.8,1,['boredom'],boredom,0.8,no-emotion,False
778,41017,0.4,1,['no-emotion'],no-emotion,0.4,no-emotion,True
779,41018,0.4,1,['relief'],relief,0.4,no-emotion,False
780,41020,0.6,1,['boredom'],boredom,0.6,no-emotion,False
781,41023,0.8,1,['no-emotion'],no-emotion,0.8,no-emotion,True
782,41045,0.4,1,['no-emotion'],no-emotion,0.4,no-emotion,True
784,41051,0.6,1,['boredom'],boredom,0.6,no-emotion,False
785,41052,0.8,1,['pride'],pride,0.8,pride,True
786,41058,0.8,1,['relief'],relief,0.8,pride,False
787,41082,1.0,1,['pride'],pride,1.0,pride,True
788,41097,0.8,1,['pride'],pride,0.8,pride,True
789,41102,0.6,1,['joy'],joy,0.6,pride,False
790,41109,1.0,1,['pride'],pride,1.0,pride,True
791,41111,0.8,1,['pride'],pride,0.8,pride,True
792,41128,0.6,1,['pride'],pride,0.6,pride,True
793,41142,1.0,1,['pride'],pride,1.0,pride,True
794,41167,1.0,1,['pride'],pride,1.0,pride,True
795,41201,0.6,1,['relief'],relief,0.6,pride,False
796,41202,0.8,1,['pride'],pride,0.8,pride,True
797,41208,0.6,1,['pride'],pride,0.6,pride,True
798,41209,1.0,1,['pride'],pride,1.0,pride,True
799,41210,0.8,1,['pride'],pride,0.8,pride,True
800,41220,0.8,1,['relief'],relief,0.8,relief,True
801,41225,0.4,1,['relief'],relief,0.4,relief,True
802,41228,0.8,1,['relief'],relief,0.8,relief,True
803,41236,0.8,1,['joy'],joy,0.8,relief,False
804,41239,1.0,1,['relief'],relief,1.0,relief,True
806,41260,0.6,1,['relief'],relief,0.6,relief,True
807,41262,0.6,1,['relief'],relief,0.6,relief,True
808,41271,0.8,1,['relief'],relief,0.8,relief,True
809,41278,1.0,1,['relief'],relief,1.0,relief,True
811,41296,0.8,1,['relief'],relief,0.8,relief,True
812,41299,0.6,1,['relief'],relief,0.6,relief,True
813,41311,0.6,1,['relief'],relief,0.6,relief,True
814,41319,0.8,1,['relief'],relief,0.8,relief,True
816,41348,1.0,1,['relief'],relief,1.0,relief,True
817,41349,0.8,1,['relief'],relief,0.8,relief,True
818,41352,1.0,1,['relief'],relief,1.0,relief,True
819,41360,1.0,1,['relief'],relief,1.0,relief,True
820,41363,1.0,1,['relief'],relief,1.0,relief,True
821,41377,0.6,1,['sadness'],sadness,0.6,sadness,True
822,41378,1.0,1,['sadness'],sadness,1.0,sadness,True
823,41397,1.0,1,['relief'],relief,1.0,sadness,False
824,41402,0.8,1,['pride'],pride,0.8,sadness,False
825,41407,0.8,1,['guilt'],guilt,0.8,sadness,False
827,41425,0.6,1,['relief'],relief,0.6,sadness,False
828,41448,1.0,1,['sadness'],sadness,1.0,sadness,True
829,41479,1.0,1,['sadness'],sadness,1.0,sadness,True
830,41481,1.0,1,['sadness'],sadness,1.0,sadness,True
831,41503,0.6,1,['sadness'],sadness,0.6,sadness,True
833,41515,1.0,1,['sadness'],sadness,1.0,sadness,True
834,41529,0.6,1,['fear'],fear,0.6,sadness,False
837,41583,0.6,1,['shame'],shame,0.6,shame,True
838,41586,0.8,1,['shame'],shame,0.8,shame,True
839,41589,1.0,1,['shame'],shame,1.0,shame,True
841,41606,0.6,1,['guilt'],guilt,0.6,shame,False
842,41607,1.0,1,['sadness'],sadness,1.0,shame,False
843,41621,0.6,1,['surprise'],surprise,0.6,surprise,True
844,41628,0.8,1,['surprise'],surprise,0.8,surprise,True
845,41629,0.6,1,['joy'],joy,0.6,surprise,False
846,41630,0.8,1,['joy'],joy,0.8,surprise,False
848,41641,0.8,1,['surprise'],surprise,0.8,surprise,True
849,41642,0.8,1,['joy'],joy,0.8,surprise,False
850,41648,0.6,1,['joy'],joy,0.6,surprise,False
851,41651,0.6,1,['surprise'],surprise,0.6,surprise,True
852,41654,0.6,1,['pride'],pride,0.6,surprise,False
853,41658,0.6,1,['joy'],joy,0.6,surprise,False
854,41660,0.6,1,['pride'],pride,0.6,surprise,False
855,41661,0.6,1,['surprise'],surprise,0.6,surprise,True
856,41664,0.8,1,['anger'],anger,0.8,surprise,False
857,41671,0.6,1,['surprise'],surprise,0.6,surprise,True
858,41674,0.8,1,['surprise'],surprise,0.8,surprise,True
859,41681,0.6,1,['surprise'],surprise,0.6,surprise,True
860,41688,0.8,1,['surprise'],surprise,0.8,surprise,True
861,41693,0.6,1,['anger'],anger,0.6,surprise,False
862,41722,0.6,1,['relief'],relief,0.6,surprise,False
863,41744,0.6,1,['surprise'],surprise,0.6,surprise,True
865,41760,0.6,1,['surprise'],surprise,0.6,surprise,True
866,41763,1.0,1,['joy'],joy,1.0,surprise,False
867,41769,0.8,1,['pride'],pride,0.8,surprise,False
868,41778,0.8,1,['relief'],relief,0.8,trust,False
869,41779,0.8,1,['trust'],trust,0.8,trust,True
870,41780,0.8,1,['relief'],relief,0.8,trust,False
871,41789,1.0,1,['trust'],trust,1.0,trust,True
873,41794,0.8,1,['trust'],trust,0.8,trust,True
874,41795,0.4,1,['pride'],pride,0.4,trust,False
875,41801,0.8,1,['trust'],trust,0.8,trust,True
876,41814,0.6,1,['trust'],trust,0.6,trust,True
877,41826,0.6,1,['pride'],pride,0.6,trust,False
878,41830,0.4,1,['no-emotion'],no-emotion,0.4,trust,False
880,41840,0.6,1,['relief'],relief,0.6,trust,False
882,41847,0.8,1,['pride'],pride,0.8,trust,False
884,41862,0.8,1,['fear'],fear,0.8,trust,False
885,41871,0.4,1,['pride'],pride,0.4,trust,False
886,41872,0.8,1,['joy'],joy,0.8,trust,False
887,41882,0.8,1,['pride'],pride,0.8,trust,False
888,41895,1.0,1,['joy'],joy,1.0,trust,False
889,41912,0.8,1,['trust'],trust,0.8,trust,True
890,51005,0.8,1,['guilt'],guilt,0.8,guilt,True
891,51014,0.6,1,['shame'],shame,0.6,guilt,False
893,51023,0.6,1,['guilt'],guilt,0.6,guilt,True
894,51041,0.6,1,['sadness'],sadness,0.6,guilt,False
895,51047,1.0,1,['guilt'],guilt,1.0,guilt,True
896,51051,0.8,1,['guilt'],guilt,0.8,guilt,True
897,51053,0.6,1,['guilt'],guilt,0.6,guilt,True
898,51054,0.6,1,['shame'],shame,0.6,guilt,False
899,51061,0.6,1,['shame'],shame,0.6,guilt,False
900,51065,0.4,1,['guilt'],guilt,0.4,guilt,True
901,51067,0.8,1,['guilt'],guilt,0.8,guilt,True
902,51081,0.6,1,['sadness'],sadness,0.6,guilt,False
903,51082,0.6,1,['shame'],shame,0.6,guilt,False
904,51085,0.8,1,['guilt'],guilt,0.8,guilt,True
906,51096,0.6,1,['pride'],pride,0.6,joy,False
907,51111,0.8,1,['pride'],pride,0.8,joy,False
908,51131,1.0,1,['joy'],joy,1.0,joy,True
909,51136,1.0,1,['joy'],joy,1.0,joy,True
910,51139,0.6,1,['joy'],joy,0.6,joy,True
911,51145,0.6,1,['joy'],joy,0.6,joy,True
912,51153,0.6,1,['joy'],joy,0.6,joy,True
915,51184,0.8,1,['joy'],joy,0.8,joy,True
916,51185,0.8,1,['pride'],pride,0.8,joy,False
917,51208,0.6,1,['pride'],pride,0.6,joy,False
918,51227,0.6,1,['joy'],joy,0.6,joy,True
919,51231,1.0,1,['pride'],pride,1.0,joy,False
920,51236,1.0,1,['joy'],joy,1.0,joy,True
922,51241,0.4,1,['no-emotion'],no-emotion,0.4,joy,False
923,51249,1.0,1,['joy'],joy,1.0,joy,True
924,51258,1.0,1,['joy'],joy,1.0,joy,True
925,51259,1.0,1,['joy'],joy,1.0,joy,True
926,51263,0.6,1,['joy'],joy,0.6,joy,True
927,51268,1.0,1,['pride'],pride,1.0,joy,False
928,51275,0.8,1,['sadness'],sadness,0.8,joy,False
930,51278,0.8,1,['joy'],joy,0.8,joy,True
931,51281,0.8,1,['joy'],joy,0.8,joy,True
932,51285,0.6,1,['joy'],joy,0.6,joy,True
933,51287,0.6,1,['pride'],pride,0.6,joy,False
934,51289,0.6,1,['joy'],joy,0.6,joy,True
935,51292,1.0,1,['pride'],pride,1.0,joy,False
936,51294,1.0,1,['joy'],joy,1.0,joy,True
937,51300,0.8,1,['joy'],joy,0.8,joy,True
938,51302,1.0,1,['joy'],joy,1.0,joy,True
939,51324,0.8,1,['fear'],fear,0.8,joy,False
940,51328,0.6,1,['relief'],relief,0.6,joy,False
941,51329,0.6,1,['joy'],joy,0.6,joy,True
943,51353,0.6,1,['sadness'],sadness,0.6,no-emotion,False
944,51355,0.8,1,['relief'],relief,0.8,no-emotion,False
945,51390,0.8,1,['no-emotion'],no-emotion,0.8,no-emotion,True
946,51394,0.8,1,['fear'],fear,0.8,no-emotion,False
947,51395,0.8,1,['no-emotion'],no-emotion,0.8,no-emotion,True
948,51414,0.6,1,['sadness'],sadness,0.6,no-emotion,False
949,51415,0.8,1,['joy'],joy,0.8,no-emotion,False
950,51416,0.4,1,['guilt'],guilt,0.4,no-emotion,False
951,51435,0.6,1,['fear'],fear,0.6,no-emotion,False
953,51441,1.0,1,['boredom'],boredom,1.0,no-emotion,False
954,51442,0.6,1,['boredom'],boredom,0.6,no-emotion,False
955,51445,0.8,1,['no-emotion'],no-emotion,0.8,no-emotion,True
956,51454,0.8,1,['joy'],joy,0.8,no-emotion,False
957,51458,0.4,1,['relief'],relief,0.4,no-emotion,False
958,51465,0.6,1,['anger'],anger,0.6,no-emotion,False
959,51472,0.4,1,['relief'],relief,0.4,no-emotion,False
961,51479,1.0,1,['joy'],joy,1.0,no-emotion,False
962,51484,0.4,1,['fear'],fear,0.4,no-emotion,False
963,51487,1.0,1,['sadness'],sadness,1.0,no-emotion,False
964,51503,0.8,1,['no-emotion'],no-emotion,0.8,no-emotion,True
965,51515,0.4,1,['fear'],fear,0.4,no-emotion,False
967,51530,0.4,1,['surprise'],surprise,0.4,no-emotion,False
968,51531,1.0,1,['no-emotion'],no-emotion,1.0,no-emotion,True
972,51556,0.6,1,['no-emotion'],no-emotion,0.6,no-emotion,True
973,51562,0.8,1,['boredom'],boredom,0.8,no-emotion,False
974,51575,0.6,1,['joy'],joy,0.6,pride,False
975,51577,0.6,1,['relief'],relief,0.6,pride,False
976,51591,0.6,1,['pride'],pride,0.6,pride,True
977,51592,0.4,1,['joy'],joy,0.4,pride,False
978,51593,1.0,1,['pride'],pride,1.0,pride,True
979,51595,0.6,1,['pride'],pride,0.6,pride,True
980,51597,1.0,1,['joy'],joy,1.0,pride,False
981,51598,0.6,1,['relief'],relief,0.6,pride,False
982,51607,0.8,1,['pride'],pride,0.8,pride,True
983,51611,0.8,1,['relief'],relief,0.8,pride,False
984,51613,0.6,1,['pride'],pride,0.6,pride,True
986,51626,0.8,1,['pride'],pride,0.8,pride,True
987,51632,0.8,1,['pride'],pride,0.8,pride,True
988,51635,1.0,1,['pride'],pride,1.0,pride,True
989,51639,0.6,1,['joy'],joy,0.6,pride,False
990,51652,0.8,1,['pride'],pride,0.8,pride,True
991,51653,1.0,1,['joy'],joy,1.0,pride,False
992,51670,0.8,1,['pride'],pride,0.8,pride,True
993,51674,0.8,1,['pride'],pride,0.8,pride,True
994,51687,0.6,1,['pride'],pride,0.6,pride,True
995,51688,0.8,1,['pride'],pride,0.8,pride,True
996,51694,0.6,1,['pride'],pride,0.6,pride,True
997,51705,0.6,1,['pride'],pride,0.6,pride,True
998,51708,0.8,1,['pride'],pride,0.8,pride,True
999,51710,0.8,1,['pride'],pride,0.8,pride,True
1000,51713,0.8,1,['joy'],joy,0.8,pride,False
1001,51720,0.8,1,['pride'],pride,0.8,pride,True
1002,51730,1.0,1,['pride'],pride,1.0,pride,True
1003,51732,0.6,1,['joy'],joy,0.6,pride,False
1005,51751,0.8,1,['pride'],pride,0.8,pride,True
1006,51758,0.6,1,['joy'],joy,0.6,pride,False
1007,51768,0.6,1,['pride'],pride,0.6,pride,True
1008,51774,0.8,1,['pride'],pride,0.8,pride,True
1010,51792,0.8,1,['pride'],pride,0.8,pride,True
1011,51795,0.4,1,['no-emotion'],no-emotion,0.4,pride,False
1012,51799,0.8,1,['pride'],pride,0.8,pride,True
1013,51801,0.6,1,['surprise'],surprise,0.6,pride,False
1014,51804,0.8,1,['pride'],pride,0.8,pride,True
1015,51805,0.6,1,['pride'],pride,0.6,pride,True
1016,51807,0.6,1,['pride'],pride,0.6,pride,True
1017,51808,0.8,1,['joy'],joy,0.8,pride,False
1018,51821,0.8,1,['pride'],pride,0.8,relief,False
1019,51826,0.8,1,['relief'],relief,0.8,relief,True
1020,51835,0.6,1,['relief'],relief,0.6,relief,True
1021,51837,0.8,1,['relief'],relief,0.8,relief,True
1022,51849,0.6,1,['relief'],relief,0.6,relief,True
1023,51857,0.8,1,['relief'],relief,0.8,relief,True
1024,51866,0.8,1,['relief'],relief,0.8,relief,True
1025,51881,0.6,1,['fear'],fear,0.6,relief,False
1026,51882,0.4,1,['sadness'],sadness,0.4,relief,False
1027,51883,0.6,1,['relief'],relief,0.6,relief,True
1028,51889,1.0,1,['relief'],relief,1.0,relief,True
1029,51896,0.8,1,['relief'],relief,0.8,relief,True
1030,51897,0.8,1,['relief'],relief,0.8,relief,True
1031,51901,0.6,1,['relief'],relief,0.6,relief,True
1032,51915,0.4,1,['relief'],relief,0.4,relief,True
1033,51918,0.8,1,['relief'],relief,0.8,relief,True
1034,51919,1.0,1,['relief'],relief,1.0,relief,True
1036,51926,0.8,1,['joy'],joy,0.8,relief,False
1037,51929,0.6,1,['relief'],relief,0.6,relief,True
1038,51930,0.6,1,['fear'],fear,0.6,relief,False
1040,51946,0.6,1,['anger'],anger,0.6,relief,False
1041,51949,0.8,1,['relief'],relief,0.8,relief,True
1042,51953,1.0,1,['relief'],relief,1.0,relief,True
1043,51957,0.8,1,['relief'],relief,0.8,relief,True
1044,51962,0.8,1,['joy'],joy,0.8,relief,False
1045,51982,0.8,1,['relief'],relief,0.8,relief,True
1046,51992,0.8,1,['joy'],joy,0.8,relief,False
1047,51996,1.0,1,['relief'],relief,1.0,relief,True
1048,52004,0.6,1,['joy'],joy,0.6,relief,False
1049,52012,0.8,1,['relief'],relief,0.8,relief,True
1050,52015,0.6,1,['relief'],relief,0.6,relief,True
1051,52018,0.6,1,['relief'],relief,0.6,relief,True
1052,52020,1.0,1,['relief'],relief,1.0,relief,True
1053,52029,0.8,1,['relief'],relief,0.8,relief,True
1054,52036,0.8,1,['relief'],relief,0.8,relief,True
1055,52045,1.0,1,['relief'],relief,1.0,relief,True
1056,52046,0.6,1,['relief'],relief,0.6,relief,True
1057,52049,1.0,1,['sadness'],sadness,1.0,sadness,True
1058,52050,1.0,1,['sadness'],sadness,1.0,sadness,True
1059,52051,1.0,1,['sadness'],sadness,1.0,sadness,True
1060,52064,0.8,1,['sadness'],sadness,0.8,sadness,True
1061,52077,1.0,1,['sadness'],sadness,1.0,sadness,True
1062,52079,1.0,1,['sadness'],sadness,1.0,sadness,True
1064,52088,1.0,1,['sadness'],sadness,1.0,sadness,True
1065,52102,1.0,1,['sadness'],sadness,1.0,sadness,True
1067,52118,1.0,1,['sadness'],sadness,1.0,sadness,True
1068,52132,0.6,1,['sadness'],sadness,0.6,sadness,True
1069,52138,0.8,1,['sadness'],sadness,0.8,sadness,True
1070,52149,0.8,1,['sadness'],sadness,0.8,sadness,True
1071,52157,1.0,1,['sadness'],sadness,1.0,sadness,True
1073,52184,0.8,1,['sadness'],sadness,0.8,sadness,True
1074,52196,0.8,1,['sadness'],sadness,0.8,sadness,True
1075,52197,0.6,1,['sadness'],sadness,0.6,sadness,True
1076,52198,0.6,1,['sadness'],sadness,0.6,sadness,True
1077,52202,1.0,1,['sadness'],sadness,1.0,sadness,True
1078,52217,0.8,1,['sadness'],sadness,0.8,sadness,True
1079,52225,0.8,1,['sadness'],sadness,0.8,sadness,True
1080,52251,1.0,1,['sadness'],sadness,1.0,sadness,True
1081,52252,1.0,1,['fear'],fear,1.0,sadness,False
1082,52256,1.0,1,['sadness'],sadness,1.0,sadness,True
1083,52282,1.0,1,['sadness'],sadness,1.0,sadness,True
1084,52284,0.6,1,['sadness'],sadness,0.6,sadness,True
1086,52290,1.0,1,['sadness'],sadness,1.0,sadness,True
1087,52305,1.0,1,['shame'],shame,1.0,shame,True
1088,52312,0.6,1,['anger'],anger,0.6,shame,False
1089,52316,0.6,1,['shame'],shame,0.6,shame,True
1090,52323,0.8,1,['shame'],shame,0.8,shame,True
1091,52327,0.8,1,['guilt'],guilt,0.8,shame,False
1092,52330,0.6,1,['fear'],fear,0.6,shame,False
1093,52337,0.4,1,['shame'],shame,0.4,shame,True
1094,52338,0.6,1,['guilt'],guilt,0.6,shame,False
1095,52339,0.6,1,['guilt'],guilt,0.6,shame,False
1096,52341,0.8,1,['shame'],shame,0.8,shame,True
1097,52343,0.8,1,['shame'],shame,0.8,shame,True
1098,52347,1.0,1,['shame'],shame,1.0,shame,True
1099,52356,1.0,1,['shame'],shame,1.0,shame,True
1100,52365,0.8,1,['guilt'],guilt,0.8,shame,False
1101,52368,1.0,1,['relief'],relief,1.0,shame,False
1103,52371,0.8,1,['fear'],fear,0.8,shame,False
1104,52373,0.6,1,['shame'],shame,0.6,shame,True
1105,52374,0.6,1,['shame'],shame,0.6,shame,True
1106,52378,0.6,1,['guilt'],guilt,0.6,shame,False
1107,52396,0.8,1,['shame'],shame,0.8,shame,True
1108,52398,1.0,1,['shame'],shame,1.0,shame,True
1109,52420,0.4,1,['joy'],joy,0.4,surprise,False
1110,52428,0.6,1,['sadness'],sadness,0.6,surprise,False
1111,52434,1.0,1,['pride'],pride,1.0,surprise,False
1112,52441,0.6,1,['joy'],joy,0.6,surprise,False
1113,52444,0.4,1,['surprise'],surprise,0.4,surprise,True
1114,52448,0.8,1,['surprise'],surprise,0.8,surprise,True
1115,52451,0.6,1,['sadness'],sadness,0.6,surprise,False
1116,52452,0.8,1,['anger'],anger,0.8,surprise,False
1117,52458,0.6,1,['relief'],relief,0.6,surprise,False
1118,52467,0.6,1,['joy'],joy,0.6,surprise,False
1119,52472,1.0,1,['joy'],joy,1.0,surprise,False
1120,52487,0.6,1,['pride'],pride,0.6,surprise,False
1122,52501,0.8,1,['surprise'],surprise,0.8,surprise,True
1123,52502,0.4,1,['joy'],joy,0.4,surprise,False
1124,52520,0.4,1,['joy'],joy,0.4,surprise,False
1125,52521,0.8,1,['surprise'],surprise,0.8,surprise,True
1126,52530,0.8,1,['surprise'],surprise,0.8,surprise,True
1127,52533,1.0,1,['surprise'],surprise,1.0,surprise,True
1128,52534,0.6,1,['joy'],joy,0.6,surprise,False
1129,52541,0.6,1,['joy'],joy,0.6,surprise,False
1130,52550,0.6,1,['pride'],pride,0.6,surprise,False
1131,52551,0.6,1,['joy'],joy,0.6,surprise,False
1132,52558,1.0,1,['joy'],joy,1.0,surprise,False
1133,52562,0.8,1,['surprise'],surprise,0.8,surprise,True
1136,52579,0.6,1,['joy'],joy,0.6,surprise,False
1137,52584,0.4,1,['surprise'],surprise,0.4,surprise,True
1138,52591,0.8,1,['joy'],joy,0.8,surprise,False
1140,52594,0.8,1,['joy'],joy,0.8,surprise,False
1142,52598,0.6,1,['joy'],joy,0.6,surprise,False
1144,52625,0.6,1,['sadness'],sadness,0.6,surprise,False
1145,52626,0.8,1,['relief'],relief,0.8,surprise,False
1146,52627,0.6,1,['fear'],fear,0.6,surprise,False
1147,52628,0.4,1,['joy'],joy,0.4,surprise,False
1148,52633,0.8,1,['relief'],relief,0.8,surprise,False
1149,52635,1.0,1,['joy'],joy,1.0,surprise,False
1150,52637,0.8,1,['surprise'],surprise,0.8,surprise,True
1153,52658,0.6,1,['pride'],pride,0.6,trust,False
1154,52667,1.0,1,['joy'],joy,1.0,trust,False
1155,52679,0.8,1,['pride'],pride,0.8,trust,False
1156,52689,0.6,1,['trust'],trust,0.6,trust,True
1157,52703,0.8,1,['joy'],joy,0.8,trust,False
1158,52704,0.8,1,['relief'],relief,0.8,trust,False
1159,52706,0.8,1,['pride'],pride,0.8,trust,False
1160,52709,0.6,1,['trust'],trust,0.6,trust,True
1161,52716,0.6,1,['trust'],trust,0.6,trust,True
1163,52731,0.8,1,['trust'],trust,0.8,trust,True
1164,52732,0.8,1,['joy'],joy,0.8,trust,False
1165,52738,0.6,1,['fear'],fear,0.6,trust,False
1167,52742,0.6,1,['joy'],joy,0.6,trust,False
1168,52768,0.6,1,['pride'],pride,0.6,trust,False
1170,52778,0.6,1,['trust'],trust,0.6,trust,True
1171,52782,0.8,1,['trust'],trust,0.8,trust,True
1172,52784,0.6,1,['relief'],relief,0.6,trust,False
1173,52802,0.8,1,['fear'],fear,0.8,trust,False
1174,52821,0.6,1,['relief'],relief,0.6,trust,False
1175,52822,1.0,1,['trust'],trust,1.0,trust,True
1176,52823,0.6,1,['joy'],joy,0.6,trust,False
1177,52826,0.6,1,['trust'],trust,0.6,trust,True
1178,52827,0.6,1,['relief'],relief,0.6,trust,False
1179,52828,0.6,1,['relief'],relief,0.6,trust,False
1181,52833,0.8,1,['trust'],trust,0.8,trust,True
1182,52857,0.6,1,['trust'],trust,0.6,trust,True
1183,52859,0.6,1,['pride'],pride,0.6,trust,False
1184,52860,1.0,1,['trust'],trust,1.0,trust,True
1185,52866,0.6,1,['trust'],trust,0.6,trust,True
1186,52874,0.8,1,['relief'],relief,0.8,trust,False
1188,61003,0.4,1,['surprise'],surprise,0.4,surprise,True
1189,61018,0.8,1,['anger'],anger,0.8,surprise,False
1190,61021,0.6,1,['sadness'],sadness,0.6,surprise,False
1191,61031,1.0,1,['trust'],trust,1.0,trust,True
1192,61055,0.4,1,['fear'],fear,0.4,trust,False
1193,61071,0.8,1,['trust'],trust,0.8,trust,True
1194,61094,0.6,1,['fear'],fear,0.6,trust,False
1195,61096,0.8,1,['trust'],trust,0.8,trust,True
1196,61097,0.8,1,['joy'],joy,0.8,trust,False
1197,61098,0.4,1,['pride'],pride,0.4,trust,False
1198,61099,0.8,1,['trust'],trust,0.8,trust,True
