,text_id,category,tv,expected,excess
0,21,author_relevant,0.6666666666666666,0.7999999999999998,-0.13333333333333325
1,2105,author_relevant,0.5,0.4333333333333333,0.06666666666666671
2,2142,author_independent,0.33333333333333337,0.4,-0.06666666666666665
3,2143,unambiguous,0.25,0.36190476190476195,-0.11190476190476192
4,2161,author_independent,0.5833333333333333,0.5053571428571428,0.07797619047619045
5,2163,unambiguous,0.33333333333333337,0.30952380952380953,0.023809523809523864
6,2168,author_relevant,0.5,0.4,0.1
7,2172,author_relevant,0.5,0.49285714285714277,0.0071428571428572285
8,2182,author_relevant,0.6666666666666666,0.7499999999999999,-0.08333333333333326
9,2187,author_relevant,0.6666666666666666,0.5785714285714285,0.08809523809523814
10,2198,author_relevant,0.5,0.5999999999999999,-0.09999999999999995
11,2211,unambiguous,0.6666666666666666,0.5,0.16666666666666666
12,2212,author_relevant,0.6666666666666667,0.4833333333333333,0.1833333333333334
13,2213,author_relevant,0.5416666666666667,0.3761904761904762,0.16547619047619047
14,2218,author_relevant,0.8333333333333334,0.5833333333333333,0.2500000000000001
15,2224,author_relevant,0.6666666666666666,0.5499999999999999,0.11666666666666672
16,2228,author_independent,0.6666666666666666,0.5,0.16666666666666663
17,249,author_independent,0.5416666666666666,0.5571428571428572,-0.015476190476190477
18,253,author_relevant,0.8333333333333333,0.7285714285714284,0.10476190476190478
19,272,author_independent,0.16666666666666669,0.16666666666666666,2.7755575615628914e-17
20,276,author_independent,0.26666666666666666,0.43869047619047624,-0.17202380952380958
21,281,author_independent,0.5,0.30000000000000004,0.20000000000000004
22,287,unambiguous,0.6666666666666666,0.5666666666666667,0.1
23,31015,unambiguous,0.8333333333333333,0.6499999999999999,0.18333333333333346
24,31060,unambiguous,0.5,0.5833333333333333,-0.08333333333333326
25,3107,author_independent,0.5,0.7,-0.19999999999999998
26,31077,unambiguous,0.33333333333333337,0.3333333333333333,5.551115123125783e-17
27,31089,unambiguous,0.75,0.3928571428571428,0.35714285714285715
28,31147,author_relevant,0.5,0.4761904761904762,0.02380952380952378
29,31154,author_relevant,0.5,0.6714285714285715,-0.17142857142857146
30,3117,author_relevant,0.8333333333333334,0.4571428571428571,0.3761904761904763
31,31177,author_independent,0.6666666666666666,0.6499999999999999,0.01666666666666672
32,31179,author_independent,0.6666666666666666,0.55,0.11666666666666667
33,3118,unambiguous,0.33333333333333337,0.41666666666666663,-0.08333333333333331
34,31181,author_relevant,0.7333333333333334,0.569047619047619,0.1642857142857144
35,31207,author_relevant,0.6666666666666667,0.3666666666666667,0.30000000000000004
36,31234,author_relevant,0.5666666666666667,0.5636904761904762,0.0029761904761904656
37,31292,unambiguous,0.8333333333333333,0.5999999999999999,0.23333333333333345
38,31313,author_relevant,0.41666666666666663,0.5333333333333333,-0.1166666666666667
39,31317,author_relevant,0.3666666666666666,0.532142857142857,-0.16547619047619047
40,31346,author_relevant,0.33333333333333337,0.41666666666666663,-0.08333333333333331
41,31378,author_relevant,0.3333333333333333,0.4666666666666667,-0.13333333333333336
42,31387,author_relevant,0.8333333333333333,0.7499999999999999,0.08333333333333337
43,31398,author_relevant,1.0,0.7791666666666667,0.22083333333333333
44,315,unambiguous,0.5,0.5999999999999999,-0.09999999999999995
45,3267,author_independent,1.0,0.5214285714285714,0.47857142857142854
46,3283,author_independent,1.0,0.8,0.1999999999999999
47,3290,author_relevant,0.5,0.5642857142857143,-0.06428571428571431
48,3292,unambiguous,0.2,0.39226190476190476,-0.19226190476190474
49,3319,author_independent,0.3333333333333333,0.2333333333333333,0.1
50,3328,unambiguous,0.8333333333333333,0.5999999999999999,0.23333333333333334
51,3338,author_independent,0.6666666666666666,0.6499999999999999,0.01666666666666672
52,3339,author_independent,0.5,0.49999999999999994,2.7755575615628914e-17
53,3344,unambiguous,0.5,0.3666666666666667,0.13333333333333333
54,3348,author_relevant,0.8333333333333333,0.5999999999999999,0.2333333333333334
55,3370,author_independent,0.7333333333333333,0.5803571428571428,0.15297619047619043
56,340,unambiguous,0.33333333333333337,0.3472222222222222,-0.01388888888888884
57,3426,unambiguous,0.8333333333333333,0.5333333333333333,0.30000000000000004
58,3431,unambiguous,0.125,0.14285714285714288,-0.017857142857142877
59,3443,unambiguous,0.16666666666666669,0.30000000000000004,-0.13333333333333333
60,3469,unambiguous,0.0,0.0,0.0
61,3481,author_independent,0.3333333333333333,0.48333333333333334,-0.15000000000000002
62,3493,author_independent,0.5,0.41428571428571437,0.08571428571428566
63,3514,author_independent,1.0,0.7,0.30000000000000004
64,3528,author_relevant,0.5,0.49999999999999994,2.7755575615628914e-17
65,3538,author_relevant,0.5416666666666667,0.338095238095238,0.20357142857142865
66,3579,author_relevant,0.5,0.41666666666666663,0.0833333333333334
67,3618,author_relevant,0.4583333333333333,0.3396825396825396,0.11865079365079371
68,3620,unambiguous,0.5416666666666666,0.5333333333333333,0.008333333333333331
69,3639,author_independent,0.33333333333333337,0.3928571428571429,-0.059523809523809534
70,3641,author_relevant,0.7333333333333333,0.6321428571428571,0.10119047619047622
71,3645,author_independent,0.6666666666666666,0.6333333333333333,0.0333333333333333
72,3649,author_independent,0.5333333333333334,0.2761904761904762,0.2571428571428572
73,378,author_relevant,0.3333333333333333,0.44999999999999996,-0.11666666666666664
74,3833,author_independent,0.33333333333333337,0.3333333333333333,5.551115123125783e-17
75,3857,unambiguous,0.5,0.7,-0.19999999999999998
76,3864,author_independent,0.5,0.5499999999999999,-0.04999999999999996
77,387,unambiguous,0.75,0.6,0.15000000000000002
78,3936,author_independent,0.6666666666666666,0.8,-0.13333333333333333
79,3937,unambiguous,0.375,0.4928571428571429,-0.11785714285714288
80,3942,unambiguous,0.5416666666666667,0.4666666666666667,0.07500000000000004
81,3964,author_independent,0.3,0.2589285714285714,0.04107142857142859
82,3966,unambiguous,0.4666666666666667,0.569642857142857,-0.10297619047619039
83,3975,author_relevant,0.6666666666666666,0.7,-0.033333333333333326
84,41082,unambiguous,0.8333333333333333,0.7,0.13333333333333336
85,4117,author_independent,0.16666666666666669,0.30000000000000004,-0.13333333333333333
86,41208,author_independent,0.33333333333333337,0.41666666666666663,-0.08333333333333331
87,41228,unambiguous,0.5,0.6499999999999999,-0.14999999999999994
88,41239,unambiguous,0.0,0.0,0.0
89,41260,author_independent,0.6666666666666666,0.5333333333333333,0.13333333333333328
90,41311,author_independent,0.3333333333333333,0.43333333333333335,-0.10000000000000003
91,41378,unambiguous,0.6666666666666667,0.5166666666666666,0.15000000000000005
92,414,author_independent,0.6666666666666667,0.2666666666666667,0.4
93,41415,author_independent,0.4166666666666667,0.4666666666666667,-0.04999999999999996
94,4146,unambiguous,0.25,0.4214285714285714,-0.17142857142857143
95,4150,unambiguous,0.6666666666666666,0.5833333333333333,0.0833333333333334
96,41548,author_relevant,0.5,0.6,-0.1
97,41581,author_relevant,0.5,0.5999999999999999,-0.09999999999999995
98,41600,author_relevant,0.4,0.5178571428571428,-0.11785714285714285
99,41606,author_relevant,0.20833333333333331,0.3761904761904762,-0.16785714285714287
100,41629,author_relevant,0.33333333333333337,0.41666666666666663,-0.08333333333333331
101,41641,unambiguous,0.3333333333333333,0.38333333333333336,-0.050000000000000044
102,41660,author_relevant,0.9999999999999999,0.7999999999999999,0.19999999999999996
103,41671,author_relevant,0.5416666666666666,0.55,-0.008333333333333387
104,41688,unambiguous,0.8333333333333333,0.7999999999999999,0.033333333333333326
105,41722,author_relevant,0.5,0.4833333333333333,0.016666666666666663
106,41744,author_relevant,0.6666666666666666,0.5333333333333333,0.13333333333333333
107,41759,author_relevant,0.7333333333333334,0.6928571428571428,0.0404761904761905
108,41789,unambiguous,0.33333333333333337,0.3333333333333333,5.551115123125783e-17
109,41791,author_independent,0.6666666666666666,0.6333333333333333,0.0333333333333333
110,41795,author_independent,0.375,0.5285714285714286,-0.15357142857142858
111,41840,author_independent,0.6666666666666666,0.4666666666666666,0.2
112,41857,author_independent,0.6666666666666666,0.75,-0.08333333333333331
113,41862,author_relevant,0.5416666666666666,0.6285714285714286,-0.08690476190476187
114,437,unambiguous,0.25,0.2142857142857143,0.0357142857142857
115,4387,author_independent,0.6666666666666666,0.5999999999999999,0.06666666666666671
116,441,author_relevant,1.0,0.5499999999999998,0.4500000000000001
117,4410,author_independent,1.0,0.42142857142857143,0.5785714285714285
118,4431,unambiguous,0.125,0.14285714285714288,-0.017857142857142877
119,4454,unambiguous,0.4333333333333333,0.35833333333333334,0.07499999999999997
120,4490,unambiguous,0.6666666666666666,0.55,0.11666666666666664
121,4497,unambiguous,0.6666666666666666,0.42857142857142855,0.23809523809523808
122,4510,author_independent,0.8749999999999999,0.5857142857142856,0.28928571428571426
123,4519,unambiguous,0.5,0.3714285714285714,0.12857142857142861
124,4571,author_relevant,0.8333333333333333,0.6,0.23333333333333334
125,4573,author_relevant,0.8333333333333333,0.5499999999999999,0.2833333333333334
126,458,unambiguous,0.5833333333333333,0.55,0.03333333333333327
127,4592,author_relevant,0.6666666666666667,0.5166666666666666,0.15000000000000005
128,4594,author_independent,0.5,0.7,-0.19999999999999998
129,4609,author_independent,0.7083333333333333,0.5333333333333332,0.17500000000000007
130,4636,author_independent,0.5952380952380951,0.5839285714285714,0.01130952380952377
131,4671,author_independent,0.4,0.5821428571428571,-0.18214285714285713
132,476,author_independent,0.6666666666666666,0.49999999999999994,0.16666666666666666
133,481,unambiguous,0.16666666666666669,0.16666666666666666,2.7755575615628914e-17
134,4817,author_independent,0.2916666666666667,0.39523809523809517,-0.1035714285714285
135,4868,author_independent,0.29166666666666663,0.47857142857142854,-0.1869047619047619
136,4874,unambiguous,0.5,0.39999999999999997,0.10000000000000003
137,494,author_independent,0.5,0.5166666666666666,-0.01666666666666658
138,51023,author_independent,0.5666666666666667,0.5821428571428571,-0.015476190476190477
139,5105,author_relevant,0.6666666666666666,0.6999999999999998,-0.033333333333333215
140,51054,author_relevant,0.8333333333333333,0.7785714285714285,0.05476190476190479
141,51081,author_relevant,0.6666666666666666,0.5333333333333333,0.13333333333333336
142,51082,author_independent,1.0,0.6821428571428572,0.3178571428571428
143,51236,unambiguous,0.0,0.0,0.0
144,51249,unambiguous,0.4166666666666667,0.30952380952380953,0.10714285714285718
145,51258,unambiguous,0.0,0.0,0.0
146,51263,author_independent,0.5,0.5999999999999999,-0.09999999999999995
147,51275,author_relevant,0.875,0.4928571428571429,0.3821428571428571
148,51285,author_independent,0.5,0.6357142857142857,-0.1357142857142857
149,5130,author_independent,0.16666666666666666,0.3666666666666667,-0.20000000000000004
150,51329,author_relevant,0.16666666666666669,0.16666666666666666,2.7755575615628914e-17
151,51577,author_independent,0.7083333333333333,0.5357142857142857,0.17261904761904762
152,51593,unambiguous,0.5416666666666666,0.6047619047619047,-0.0630952380952381
153,51598,author_relevant,0.6666666666666666,0.48333333333333334,0.18333333333333326
154,51632,unambiguous,0.3666666666666667,0.4017857142857143,-0.035119047619047605
155,51653,author_relevant,0.0,0.2666666666666667,-0.2666666666666667
156,5166,unambiguous,0.5,0.6499999999999999,-0.15
157,51688,unambiguous,0.16666666666666666,0.38333333333333336,-0.2166666666666667
158,51705,author_independent,0.8333333333333333,0.45833333333333337,0.37499999999999994
159,51710,unambiguous,0.5,0.7,-0.19999999999999998
160,51713,author_independent,0.375,0.4928571428571429,-0.11785714285714288
161,51792,unambiguous,0.16666666666666666,0.3666666666666667,-0.2
162,51835,author_independent,0.8333333333333333,0.48333333333333334,0.35
163,51837,unambiguous,0.5,0.30000000000000004,0.20000000000000004
164,51882,author_independent,0.5,0.6499999999999999,-0.15
165,51929,author_independent,0.3333333333333333,0.4666666666666667,-0.13333333333333336
166,51945,author_independent,0.5,0.5333333333333333,-0.033333333333333354
167,51946,author_independent,0.16666666666666666,0.38333333333333336,-0.2166666666666667
168,51953,unambiguous,0.5,0.48333333333333334,0.016666666666666635
169,51962,author_relevant,0.5,0.40535714285714286,0.0946428571428572
170,52029,unambiguous,0.3333333333333333,0.4833333333333333,-0.15
171,52046,author_independent,0.33333333333333337,0.3333333333333333,5.551115123125783e-17
172,52050,unambiguous,0.0,0.0,0.0
173,52051,unambiguous,0.16666666666666669,0.16666666666666666,2.7755575615628914e-17
174,5206,author_independent,0.5,0.5166666666666666,-0.01666666666666658
175,52077,unambiguous,0.33333333333333337,0.30952380952380953,0.023809523809523864
176,521,author_independent,0.23333333333333336,0.30952380952380953,-0.07619047619047614
177,52102,unambiguous,0.6666666666666666,0.6142857142857142,0.05238095238095242
178,52157,unambiguous,0.33333333333333337,0.3333333333333333,5.551115123125783e-17
179,52176,author_independent,0.875,0.4214285714285714,0.4535714285714285
180,52184,unambiguous,0.5,0.5333333333333333,-0.033333333333333326
181,52217,unambiguous,0.16666666666666669,0.16666666666666666,2.7755575615628914e-17
182,52225,unambiguous,0.9,0.5321428571428571,0.3678571428571429
183,5225,author_independent,0.5,0.5833333333333333,-0.08333333333333329
184,52289,author_independent,0.6333333333333333,0.7928571428571428,-0.1595238095238095
185,52316,author_relevant,0.5,0.6499999999999999,-0.14999999999999994
186,52338,author_relevant,0.875,0.8285714285714285,0.04642857142857143
187,52365,author_relevant,0.7083333333333333,0.657142857142857,0.051190476190476175
188,52369,author_relevant,0.6666666666666666,0.5999999999999999,0.06666666666666671
189,52371,author_relevant,0.9999999999999999,0.7,0.29999999999999993
190,52373,author_relevant,0.09999999999999999,0.3386904761904762,-0.23869047619047623
191,52398,unambiguous,0.3333333333333333,0.4833333333333333,-0.14999999999999997
192,52434,author_relevant,0.2,0.3386904761904762,-0.1386904761904762
193,52441,author_relevant,0.5,0.48333333333333334,0.016666666666666635
194,52448,unambiguous,0.8333333333333333,0.48333333333333334,0.35
195,52458,author_relevant,0.875,0.7571428571428571,0.11785714285714288
196,525,author_independent,0.5,0.4,0.1
197,52501,unambiguous,0.3333333333333333,0.43333333333333335,-0.10000000000000003
198,52520,author_relevant,0.6666666666666666,0.6999999999999998,-0.033333333333333215
199,52550,author_relevant,0.5,0.47857142857142854,0.021428571428571408
200,52584,author_relevant,0.8333333333333333,0.6333333333333333,0.19999999999999998
201,52591,author_relevant,0.5,0.65,-0.15000000000000005
202,52596,author_relevant,0.5833333333333333,0.5499999999999999,0.03333333333333338
203,52598,author_relevant,0.6666666666666666,0.6499999999999999,0.01666666666666672
204,52614,author_independent,0.6666666666666666,0.75,-0.08333333333333331
205,52625,author_relevant,0.8333333333333333,0.6499999999999999,0.1833333333333334
206,52626,author_relevant,0.5,0.3999999999999999,0.10000000000000009
207,52635,author_relevant,0.8333333333333333,0.4833333333333333,0.35
208,52645,author_relevant,0.875,0.55,0.325
209,52658,author_relevant,0.4666666666666667,0.5357142857142857,-0.06904761904761905
210,52679,author_independent,0.8333333333333333,0.6499999999999999,0.1833333333333334
211,52709,author_relevant,0.16666666666666669,0.16666666666666666,2.7755575615628914e-17
212,52768,author_relevant,0.6666666666666666,0.4666666666666667,0.19999999999999998
213,52777,author_independent,0.8333333333333333,0.4333333333333333,0.4
214,52784,author_relevant,0.75,0.2857142857142857,0.4642857142857143
215,52822,unambiguous,0.8333333333333333,0.6,0.23333333333333328
216,52823,author_independent,0.5,0.45,0.04999999999999996
217,52828,author_relevant,0.5,0.5999999999999999,-0.09999999999999995
218,52829,author_relevant,0.8333333333333333,0.6499999999999999,0.1833333333333334
219,52833,unambiguous,0.6666666666666667,0.5666666666666667,0.10000000000000006
220,52859,author_relevant,0.625,0.6285714285714286,-0.003571428571428517
221,52860,unambiguous,0.33333333333333337,0.39999999999999997,-0.06666666666666662
222,52866,author_relevant,0.6666666666666666,0.5499999999999999,0.11666666666666672
223,52895,author_relevant,0.5,0.47857142857142854,0.021428571428571463
224,5502,unambiguous,0.575,0.630357142857143,-0.055357142857142994
225,553,author_independent,0.3333333333333333,0.4833333333333333,-0.14999999999999997
226,5575,author_relevant,0.6666666666666666,0.7,-0.03333333333333327
227,5580,unambiguous,0.16666666666666669,0.16666666666666666,2.7755575615628914e-17
228,5600,author_independent,0.125,0.14285714285714288,-0.017857142857142877
229,5609,author_relevant,0.3333333333333333,0.6,-0.26666666666666666
230,5639,author_relevant,0.5,0.5166666666666666,-0.01666666666666658
231,5641,author_independent,0.0,0.0,0.0
232,5642,author_relevant,0.6666666666666666,0.6999999999999998,-0.033333333333333215
233,5680,unambiguous,0.8333333333333333,0.4833333333333333,0.35
234,5688,author_independent,0.6666666666666666,0.5166666666666666,0.15
235,5691,author_independent,0.6666666666666666,0.75,-0.08333333333333331
236,5704,unambiguous,0.3333333333333333,0.4833333333333333,-0.14999999999999997
237,5720,author_independent,0.33333333333333337,0.4,-0.06666666666666665
238,5725,author_independent,0.48333333333333334,0.5017857142857143,-0.0184523809523809
239,5730,unambiguous,0.5,0.5999999999999999,-0.09999999999999995
240,5802,author_independent,0.6666666666666667,0.43392857142857144,0.23273809523809533
241,5830,unambiguous,0.16666666666666666,0.3666666666666667,-0.20000000000000004
242,5856,unambiguous,0.6666666666666666,0.7,-0.033333333333333326
243,588,author_independent,0.26666666666666666,0.4053571428571428,-0.13869047619047614
244,5880,unambiguous,0.33333333333333337,0.3333333333333333,5.551115123125783e-17
245,5914,unambiguous,0.6666666666666667,0.38333333333333336,0.2833333333333333
246,594,author_independent,0.5416666666666667,0.4666666666666667,0.07500000000000004
247,5951,author_independent,0.5833333333333333,0.7571428571428571,-0.1738095238095238
248,5986,unambiguous,0.4166666666666667,0.38095238095238093,0.035714285714285726
249,61021,author_relevant,0.5416666666666666,0.5428571428571428,-0.0011904761904761724
250,61031,unambiguous,0.33333333333333337,0.41666666666666663,-0.08333333333333331
251,61055,author_relevant,0.5,0.5,-2.7755575615628914e-17
252,61071,unambiguous,0.46666666666666673,0.42559523809523814,0.04107142857142862
253,61094,author_independent,0.5,0.4833333333333333,0.016666666666666663
254,61099,unambiguous,0.8333333333333333,0.6047619047619047,0.2285714285714286
255,61101,author_relevant,0.7083333333333333,0.7571428571428571,-0.0488095238095238
256,612,unambiguous,1.0,0.44999999999999996,0.55
257,6218,author_relevant,0.8333333333333333,0.55,0.2833333333333333
258,6221,author_independent,0.5,0.39999999999999997,0.10000000000000003
259,6228,unambiguous,0.3333333333333333,0.4666666666666667,-0.13333333333333336
260,623,author_independent,0.6666666666666666,0.5285714285714285,0.1380952380952381
261,6288,unambiguous,0.33333333333333337,0.39999999999999997,-0.06666666666666662
262,6304,author_independent,0.5416666666666666,0.6071428571428572,-0.0654761904761905
263,6306,author_independent,0.5,0.55,-0.05000000000000002
264,6337,author_relevant,0.6666666666666666,0.41666666666666663,0.24999999999999997
265,6403,author_independent,0.5666666666666667,0.5678571428571428,-0.0011904761904761862
266,6407,author_relevant,0.5,0.65,-0.15000000000000005
267,641,unambiguous,0.5,0.4,0.1
268,6440,unambiguous,0.41666666666666663,0.4666666666666667,-0.04999999999999999
269,6450,author_independent,0.5416666666666666,0.5333333333333333,0.008333333333333331
270,6499,author_independent,0.6666666666666666,0.48333333333333334,0.18333333333333326
271,6524,unambiguous,0.16666666666666669,0.16666666666666666,2.7755575615628914e-17
272,657,author_independent,0.26666666666666666,0.29166666666666663,-0.02499999999999998
273,6649,author_independent,0.7083333333333333,0.40476190476190466,0.30357142857142866
274,6696,author_independent,0.16666666666666669,0.34761904761904766,-0.18095238095238098
275,6732,unambiguous,0.33333333333333337,0.39285714285714285,-0.05952380952380951
276,6761,unambiguous,0.33333333333333337,0.3333333333333333,5.551115123125783e-17
277,6768,unambiguous,0.4,0.41964285714285715,-0.019642857142857156
278,6789,unambiguous,0.6666666666666666,0.6,0.06666666666666665
279,6804,author_independent,0.3,0.4636904761904762,-0.16369047619047622
280,6829,unambiguous,0.3333333333333333,0.49999999999999994,-0.16666666666666663
281,6848,unambiguous,0.375,0.3,0.07500000000000001
282,6869,author_independent,0.625,0.3928571428571428,0.23214285714285718
283,6938,author_relevant,0.8333333333333333,0.6303571428571428,0.20297619047619042
284,6957,author_independent,1.0,0.6071428571428572,0.39285714285714285
285,6997,unambiguous,0.3,0.41964285714285715,-0.11964285714285716
286,7134,unambiguous,0.3333333333333333,0.55,-0.21666666666666667
287,7147,author_independent,0.8333333333333333,0.6,0.23333333333333334
288,7160,author_relevant,0.5833333333333333,0.55,0.033333333333333326
289,7164,unambiguous,0.6666666666666666,0.5833333333333333,0.08333333333333334
290,7179,author_independent,0.8333333333333333,0.75,0.08333333333333326
291,7180,author_independent,0.75,0.6,0.15000000000000002
292,7193,unambiguous,0.75,0.5285714285714285,0.22142857142857147
293,7198,author_relevant,0.5,0.24999999999999994,0.25000000000000006
294,7200,author_relevant,0.3333333333333333,0.4666666666666667,-0.13333333333333333
295,762,unambiguous,0.33333333333333337,0.4,-0.06666666666666671
296,783,unambiguous,0.3333333333333333,0.4833333333333333,-0.15
297,825,author_relevant,0.7333333333333334,0.35297619047619055,0.38035714285714284
298,922,author_independent,0.33333333333333337,0.3333333333333333,5.551115123125783e-17
299,99,author_relevant,0.6666666666666666,0.7999999999999999,-0.1333333333333333
