,text_id,category,flip,expected,excess
0,21,author_relevant,1.0,1.0,0.0
1,2105,author_relevant,0.5,0.7,-0.2
2,2142,author_independent,0.0,0.2,-0.2
3,2143,unambiguous,0.5,0.5285714285714286,-0.02857142857142858
4,2161,author_independent,1.0,0.8928571428571428,0.10714285714285715
5,2163,unambiguous,0.0,0.0,0.0
6,2168,author_relevant,0.0,0.0,0.0
7,2172,author_relevant,0.5,0.5,0.0
8,2182,author_relevant,0.5,0.7,-0.2
9,2187,author_relevant,0.5,0.37857142857142856,0.12142857142857143
10,2198,author_relevant,0.5,0.7,-0.2
11,2211,unambiguous,1.0,1.0,0.0
12,2212,author_relevant,1.0,0.7,0.3
13,2213,author_relevant,1.0,0.7,0.3
14,2218,author_relevant,1.0,0.7,0.3
15,2224,author_relevant,1.0,0.8,0.2
16,2228,author_independent,1.0,0.4,0.6
17,249,author_independent,1.0,0.8285714285714285,0.17142857142857143
18,253,author_relevant,1.0,1.0,0.0
19,272,author_independent,0.0,0.0,0.0
20,276,author_independent,0.0,0.05357142857142857,-0.05357142857142857
21,281,author_independent,0.5,0.2,0.3
22,287,unambiguous,0.5,0.5,0.0
23,31015,unambiguous,1.0,0.9142857142857144,0.08571428571428569
24,31060,unambiguous,0.5,0.7,-0.2
25,3107,author_independent,1.0,1.0,0.0
26,31077,unambiguous,0.0,0.0,0.0
27,31089,unambiguous,0.5,0.5714285714285714,-0.07142857142857142
28,31147,author_relevant,1.0,0.7,0.3
29,31154,author_relevant,0.0,0.37142857142857144,-0.37142857142857144
30,3117,author_relevant,1.0,0.6285714285714286,0.37142857142857144
31,31177,author_independent,1.0,0.85,0.15000000000000002
32,31179,author_independent,1.0,0.8,0.2
33,3118,unambiguous,0.0,0.2,-0.2
34,31181,author_relevant,1.0,0.4857142857142857,0.5142857142857142
35,31207,author_relevant,1.0,0.4,0.6
36,31234,author_relevant,0.5,0.7,-0.2
37,31292,unambiguous,1.0,1.0,0.0
38,31313,author_relevant,0.0,0.44285714285714284,-0.44285714285714284
39,31317,author_relevant,0.5,0.8571428571428572,-0.35714285714285715
40,31346,author_relevant,0.5,0.5,0.0
41,31378,author_relevant,0.0,0.4,-0.4
42,31387,author_relevant,1.0,1.0,0.0
43,31398,author_relevant,1.0,1.0,0.0
44,315,unambiguous,0.0,0.25,-0.25
45,3267,author_independent,1.0,0.55,0.45
46,3283,author_independent,1.0,1.0,0.0
47,3290,author_relevant,0.0,0.4214285714285714,-0.4214285714285714
48,3292,unambiguous,0.0,0.20892857142857144,-0.20892857142857144
49,3319,author_independent,0.5,0.2,0.3
50,3328,unambiguous,0.5,0.25,0.25
51,3338,author_independent,0.5,0.35,0.15000000000000002
52,3339,author_independent,0.5,0.7,-0.2
53,3344,unambiguous,0.5,0.3,0.2
54,3348,author_relevant,1.0,0.8,0.2
55,3370,author_independent,1.0,0.40535714285714286,0.5946428571428571
56,340,unambiguous,0.0,0.0,0.0
57,3426,unambiguous,0.5,0.5,0.0
58,3431,unambiguous,0.0,0.0,0.0
59,3443,unambiguous,0.0,0.2,-0.2
60,3469,unambiguous,0.0,0.0,0.0
61,3481,author_independent,0.0,0.4,-0.4
62,3493,author_independent,0.5,0.37142857142857144,0.1285714285714286
63,3514,author_independent,1.0,1.0,0.0
64,3528,author_relevant,1.0,1.0,0.0
65,3538,author_relevant,0.5,0.24285714285714285,0.2571428571428571
66,3579,author_relevant,0.5,0.2,0.3
67,3618,author_relevant,0.5,0.12857142857142856,0.37142857142857144
68,3620,unambiguous,0.5,0.2,0.3
69,3639,author_independent,0.0,0.005952380952380952,-0.005952380952380952
70,3641,author_relevant,1.0,0.6071428571428571,0.39285714285714285
71,3645,author_independent,0.5,0.7,-0.2
72,3649,author_independent,0.5,0.25357142857142856,0.2464285714285714
73,378,author_relevant,0.5,0.7,-0.2
74,3833,author_independent,0.0,0.0,0.0
75,3857,unambiguous,0.5,0.7,-0.2
76,3864,author_independent,1.0,0.7428571428571429,0.2571428571428571
77,387,unambiguous,1.0,0.8,0.2
78,3936,author_independent,0.5,0.8,-0.3
79,3937,unambiguous,1.0,0.8714285714285714,0.12857142857142856
80,3942,unambiguous,0.5,0.24285714285714285,0.2571428571428571
81,3964,author_independent,0.0,0.09821428571428571,-0.09821428571428571
82,3966,unambiguous,1.0,1.0,0.0
83,3975,author_relevant,0.5,0.6857142857142857,-0.18571428571428572
84,41082,unambiguous,1.0,0.8,0.2
85,4117,author_independent,0.0,0.2,-0.2
86,41208,author_independent,0.5,0.5,0.0
87,41228,unambiguous,0.5,0.7,-0.2
88,41239,unambiguous,0.0,0.0,0.0
89,41260,author_independent,0.5,0.5,0.0
90,41311,author_independent,0.5,0.7,-0.2
91,41378,unambiguous,0.5,0.5,0.0
92,414,author_independent,1.0,0.4,0.6
93,41415,author_independent,0.0,0.24285714285714285,-0.24285714285714285
94,4146,unambiguous,0.0,0.44285714285714284,-0.44285714285714284
95,4150,unambiguous,0.0,0.05,-0.05
96,41548,author_relevant,0.5,0.7,-0.2
97,41581,author_relevant,1.0,1.0,0.0
98,41600,author_relevant,1.0,0.9196428571428572,0.08035714285714285
99,41606,author_relevant,0.0,0.07142857142857142,-0.07142857142857142
100,41629,author_relevant,0.0,0.2,-0.2
101,41641,unambiguous,0.5,0.7,-0.2
102,41660,author_relevant,1.0,1.0,0.0
103,41671,author_relevant,1.0,1.0,0.0
104,41688,unambiguous,0.5,0.7,-0.2
105,41722,author_relevant,1.0,0.7,0.3
106,41744,author_relevant,0.5,0.7,-0.2
107,41759,author_relevant,1.0,1.0,0.0
108,41789,unambiguous,0.0,0.0,0.0
109,41791,author_independent,0.5,0.7,-0.2
110,41795,author_independent,0.5,0.6285714285714286,-0.12857142857142856
111,41840,author_independent,1.0,0.4,0.6
112,41857,author_independent,1.0,1.0,0.0
113,41862,author_relevant,0.5,0.6285714285714286,-0.12857142857142856
114,437,unambiguous,0.0,0.0,0.0
115,4387,author_independent,0.5,0.55,-0.05
116,441,author_relevant,1.0,1.0,0.0
117,4410,author_independent,1.0,0.7,0.3
118,4431,unambiguous,0.0,0.0,0.0
119,4454,unambiguous,0.0,0.0,0.0
120,4490,unambiguous,1.0,0.8,0.2
121,4497,unambiguous,1.0,0.6285714285714286,0.37142857142857144
122,4510,author_independent,1.0,0.6857142857142857,0.3142857142857143
123,4519,unambiguous,0.5,0.12857142857142856,0.37142857142857144
124,4571,author_relevant,1.0,0.8,0.2
125,4573,author_relevant,1.0,1.0,0.0
126,458,unambiguous,1.0,0.7,0.3
127,4592,author_relevant,0.5,0.05,0.45
128,4594,author_independent,1.0,1.0,0.0
129,4609,author_independent,1.0,0.44285714285714284,0.5571428571428572
130,4636,author_independent,1.0,0.8,0.2
131,4671,author_independent,0.5,0.6071428571428571,-0.10714285714285714
132,476,author_independent,1.0,0.8,0.2
133,481,unambiguous,0.0,0.0,0.0
134,4817,author_independent,0.0,0.32857142857142857,-0.32857142857142857
135,4868,author_independent,0.5,0.8285714285714285,-0.32857142857142857
136,4874,unambiguous,0.0,0.0,0.0
137,494,author_independent,0.0,0.05,-0.05
138,51023,author_independent,1.0,0.7142857142857143,0.2857142857142857
139,5105,author_relevant,0.0,0.1,-0.1
140,51054,author_relevant,0.5,0.55,-0.05
141,51081,author_relevant,0.5,0.5,0.0
142,51082,author_independent,1.0,0.8928571428571428,0.10714285714285715
143,51236,unambiguous,0.0,0.0,0.0
144,51249,unambiguous,0.0,0.07142857142857142,-0.07142857142857142
145,51258,unambiguous,0.0,0.0,0.0
146,51263,author_independent,1.0,1.0,0.0
147,51275,author_relevant,1.0,0.8714285714285714,0.12857142857142856
148,51285,author_independent,0.0,0.3357142857142857,-0.3357142857142857
149,5130,author_independent,0.0,0.2,-0.2
150,51329,author_relevant,0.0,0.0,0.0
151,51577,author_independent,1.0,0.8857142857142857,0.11428571428571427
152,51593,unambiguous,0.0,0.5285714285714286,-0.5285714285714286
153,51598,author_relevant,0.5,0.5,0.0
154,51632,unambiguous,0.0,0.09821428571428571,-0.09821428571428571
155,51653,author_relevant,0.0,0.4,-0.4
156,5166,unambiguous,0.0,0.35,-0.35
157,51688,unambiguous,0.5,0.7,-0.2
158,51705,author_independent,1.0,1.0,0.0
159,51710,unambiguous,1.0,1.0,0.0
160,51713,author_independent,1.0,0.8714285714285714,0.12857142857142856
161,51792,unambiguous,0.0,0.2,-0.2
162,51835,author_independent,0.5,0.5,0.0
163,51837,unambiguous,0.5,0.2,0.3
164,51882,author_independent,1.0,1.0,0.0
165,51929,author_independent,0.0,0.4,-0.4
166,51945,author_independent,0.5,0.7,-0.2
167,51946,author_independent,0.5,0.7,-0.2
168,51953,unambiguous,0.5,0.2,0.3
169,51962,author_relevant,1.0,0.5535714285714286,0.44642857142857145
170,52029,unambiguous,0.0,0.2,-0.2
171,52046,author_independent,0.0,0.0,0.0
172,52050,unambiguous,0.0,0.0,0.0
173,52051,unambiguous,0.0,0.0,0.0
174,5206,author_independent,0.5,0.5,0.0
175,52077,unambiguous,0.0,0.0,0.0
176,521,author_independent,0.0,0.05357142857142857,-0.05357142857142857
177,52102,unambiguous,0.5,0.5714285714285714,-0.07142857142857142
178,52157,unambiguous,0.0,0.0,0.0
179,52176,author_independent,1.0,1.0,0.0
180,52184,unambiguous,0.5,0.7,-0.2
181,52217,unambiguous,0.0,0.0,0.0
182,52225,unambiguous,1.0,0.8928571428571428,0.10714285714285715
183,5225,author_independent,0.0,0.05,-0.05
184,52289,author_independent,0.5,0.8571428571428572,-0.35714285714285715
185,52316,author_relevant,0.5,0.7,-0.2
186,52338,author_relevant,1.0,0.7,0.3
187,52365,author_relevant,1.0,0.8,0.2
188,52369,author_relevant,1.0,0.7428571428571429,0.2571428571428571
189,52371,author_relevant,1.0,0.39999999999999997,0.6000000000000001
190,52373,author_relevant,0.0,0.43214285714285716,-0.43214285714285716
191,52398,unambiguous,0.5,0.7,-0.2
192,52434,author_relevant,0.0,0.43214285714285716,-0.43214285714285716
193,52441,author_relevant,0.5,0.7,-0.2
194,52448,unambiguous,1.0,0.7,0.3
195,52458,author_relevant,1.0,1.0,0.0
196,525,author_independent,0.0,0.0,0.0
197,52501,unambiguous,0.5,0.5,0.0
198,52520,author_relevant,0.0,0.39999999999999997,-0.39999999999999997
199,52550,author_relevant,0.5,0.5285714285714286,-0.02857142857142858
200,52584,author_relevant,0.5,0.5,0.0
201,52591,author_relevant,0.5,0.7,-0.2
202,52596,author_relevant,0.5,0.44285714285714284,0.057142857142857134
203,52598,author_relevant,0.5,0.29285714285714287,0.20714285714285713
204,52614,author_independent,1.0,1.0,0.0
205,52625,author_relevant,1.0,0.8,0.2
206,52626,author_relevant,0.5,0.2,0.3
207,52635,author_relevant,0.5,0.5,0.0
208,52645,author_relevant,1.0,0.7428571428571429,0.2571428571428571
209,52658,author_relevant,0.5,0.5357142857142857,-0.03571428571428571
210,52679,author_independent,1.0,0.85,0.15000000000000002
211,52709,author_relevant,0.0,0.0,0.0
212,52768,author_relevant,0.5,0.3,0.2
213,52777,author_independent,1.0,0.5,0.5
214,52784,author_relevant,0.5,0.3035714285714286,0.19642857142857142
215,52822,unambiguous,1.0,1.0,0.0
216,52823,author_independent,1.0,0.8,0.2
217,52828,author_relevant,0.5,0.85,-0.35
218,52829,author_relevant,1.0,1.0,0.0
219,52833,unambiguous,0.5,0.5,0.0
220,52859,author_relevant,0.5,0.8285714285714285,-0.32857142857142857
221,52860,unambiguous,0.0,0.2,-0.2
222,52866,author_relevant,1.0,0.9142857142857144,0.08571428571428569
223,52895,author_relevant,1.0,0.6285714285714286,0.37142857142857144
224,5502,unambiguous,0.5,0.42678571428571427,0.07321428571428572
225,553,author_independent,0.0,0.25,-0.25
226,5575,author_relevant,1.0,1.0,0.0
227,5580,unambiguous,0.0,0.0,0.0
228,5600,author_independent,0.0,0.0,0.0
229,5609,author_relevant,0.0,0.6,-0.6
230,5639,author_relevant,0.5,0.35,0.15000000000000002
231,5641,author_independent,0.0,0.0,0.0
232,5642,author_relevant,0.0,0.1,-0.1
233,5680,unambiguous,0.5,0.5,0.0
234,5688,author_independent,0.5,0.35,0.15000000000000002
235,5691,author_independent,0.5,0.55,-0.05
236,5704,unambiguous,0.0,0.55,-0.55
237,5720,author_independent,0.0,0.0,0.0
238,5725,author_independent,0.5,0.4482142857142857,0.051785714285714296
239,5730,unambiguous,1.0,1.0,0.0
240,5802,author_independent,1.0,0.3857142857142857,0.6142857142857143
241,5830,unambiguous,0.0,0.2,-0.2
242,5856,unambiguous,0.5,0.38571428571428573,0.11428571428571427
243,588,author_independent,0.5,0.5535714285714286,-0.05357142857142857
244,5880,unambiguous,0.0,0.0,0.0
245,5914,unambiguous,1.0,0.4,0.6
246,594,author_independent,0.5,0.24285714285714285,0.2571428571428571
247,5951,author_independent,1.0,1.0,0.0
248,5986,unambiguous,0.0,0.07142857142857142,-0.07142857142857142
249,61021,author_relevant,0.5,0.7142857142857143,-0.21428571428571427
250,61031,unambiguous,0.5,0.5,0.0
251,61055,author_relevant,1.0,0.7,0.3
252,61071,unambiguous,0.0,0.14285714285714285,-0.14285714285714285
253,61094,author_independent,0.5,0.2,0.3
254,61099,unambiguous,1.0,0.27142857142857146,0.7285714285714286
255,61101,author_relevant,1.0,1.0,0.0
256,612,unambiguous,1.0,0.7,0.3
257,6218,author_relevant,1.0,1.0,0.0
258,6221,author_independent,0.0,0.0,0.0
259,6228,unambiguous,0.0,0.4,-0.4
260,623,author_independent,1.0,0.6285714285714286,0.37142857142857144
261,6288,unambiguous,0.0,0.2,-0.2
262,6304,author_independent,1.0,1.0,0.0
263,6306,author_independent,1.0,0.8,0.2
264,6337,author_relevant,0.5,0.5,0.0
265,6403,author_independent,1.0,0.6392857142857142,0.3607142857142857
266,6407,author_relevant,0.5,0.7,-0.2
267,641,unambiguous,0.0,0.0,0.0
268,6440,unambiguous,0.0,0.18571428571428572,-0.18571428571428572
269,6450,author_independent,0.5,0.7,-0.2
270,6499,author_independent,0.5,0.5,0.0
271,6524,unambiguous,0.0,0.0,0.0
272,657,author_independent,0.0,0.0,0.0
273,6649,author_independent,0.5,0.24285714285714285,0.2571428571428571
274,6696,author_independent,0.0,0.27142857142857146,-0.27142857142857146
275,6732,unambiguous,0.0,0.2,-0.2
276,6761,unambiguous,0.0,0.0,0.0
277,6768,unambiguous,1.0,1.0,0.0
278,6789,unambiguous,1.0,1.0,0.0
279,6804,author_independent,0.5,0.7,-0.2
280,6829,unambiguous,1.0,1.0,0.0
281,6848,unambiguous,0.5,0.18571428571428572,0.3142857142857143
282,6869,author_independent,0.5,0.2,0.3
283,6938,author_relevant,1.0,0.8,0.2
284,6957,author_independent,1.0,0.7,0.3
285,6997,unambiguous,1.0,1.0,0.0
286,7134,unambiguous,1.0,1.0,0.0
287,7147,author_independent,1.0,0.8,0.2
288,7160,author_relevant,0.5,0.7428571428571429,-0.24285714285714285
289,7164,unambiguous,1.0,0.7,0.3
290,7179,author_independent,1.0,1.0,0.0
291,7180,author_independent,0.5,0.5428571428571428,-0.042857142857142844
292,7193,unambiguous,1.0,0.5714285714285714,0.42857142857142855
293,7198,author_relevant,0.5,0.5,0.0
294,7200,author_relevant,0.0,0.4,-0.4
295,762,unambiguous,0.0,0.0,0.0
296,783,unambiguous,0.0,0.2,-0.2
297,825,author_relevant,1.0,0.7,0.3
298,922,author_independent,0.0,0.0,0.0
299,99,author_relevant,0.0,0.4,-0.4
