,text_id,category,anger,disgust,fear,guilt,joy,pride,relief,sadness,shame,surprise,trust
0,21,author_relevant,-0.07301587301587302,0.11666666666666665,0.0,0.0,0.0,0.0,0.0,0.023809523809523808,0.0,-0.06746031746031746,0.0
1,2105,author_relevant,0.0,0.0,0.0,0.0,-0.39285714285714285,-0.059523809523809514,0.38095238095238093,0.0,0.0,0.07142857142857142,0.0
2,2142,author_independent,0.0,0.0,0.0,0.0,-0.03571428571428572,0.03571428571428571,0.0,0.0,0.0,0.0,0.0
3,2143,unambiguous,0.0,0.0,0.0,0.0,-0.3452380952380952,0.3452380952380952,0.0,0.0,0.0,0.0,0.0
4,2161,author_independent,0.0,0.0,0.0,0.0,-0.2619047619047619,0.2619047619047619,0.0,0.0,0.0,0.0,0.0
5,2163,unambiguous,0.0,0.0,0.0,0.0,0.0,0.0,0.0,0.0,0.0,0.0,0.0
6,2168,author_relevant,-0.4523809523809524,0.0,0.0,0.0,0.0,0.0,0.0,0.4523809523809524,0.0,0.0,0.0
7,2172,author_relevant,0.0,0.0,0.023809523809523808,0.0,0.0,0.0,0.0,0.04761904761904764,0.0,-0.07142857142857142,0.0
8,2182,author_relevant,0.0,0.0,0.0,0.0,0.0,0.0,0.0,0.10714285714285715,-0.10714285714285715,0.0,0.0
9,2187,author_relevant,-0.14285714285714285,0.0,0.0,0.02380952380952381,0.0,0.0,0.0,0.0,0.11904761904761903,0.0,0.0
10,2198,author_relevant,0.0,0.0,0.0,0.0,0.04761904761904762,-0.07142857142857142,0.0,0.0,0.0,0.02380952380952382,0.0
11,2211,unambiguous,0.24206349206349206,0.0,0.14325396825396827,-0.03373015873015873,0.0,0.0,0.011904761904761904,-0.009126984126984124,0.0,-0.1603174603174603,-0.19404761904761905
12,2212,author_relevant,0.0,0.0,0.0,0.0,-0.011904761904761882,0.0,0.011904761904761904,0.0,0.0,0.0,0.0
13,2213,author_relevant,0.0,0.0,0.0,0.0,0.0,0.059523809523809514,-9.25185853854297e-18,0.0,0.0,0.0,-0.059523809523809514
14,2218,author_relevant,0.0,0.0,0.07142857142857142,-0.023809523809523808,0.0,0.011904761904761904,0.35714285714285715,0.0,0.011904761904761904,-0.13095238095238096,-0.2976190476190476
15,2224,author_relevant,0.0,0.0,-0.011904761904761904,0.0,0.0,0.0,0.023809523809523808,0.059523809523809514,0.0,0.011904761904761904,-0.08333333333333333
16,2228,author_independent,0.0,0.0,0.007936507936507936,-0.023809523809523808,0.0,0.10714285714285714,-0.011904761904761904,0.0,0.0,0.023809523809523808,-0.10317460317460318
17,249,author_independent,0.0,0.0,0.0,0.0,0.0,0.0,0.0,0.0,0.0,0.0,0.0
18,253,author_relevant,0.2400793650793651,-0.029761904761904757,0.0,0.0,0.011904761904761904,0.19246031746031744,0.0,0.013888888888888888,0.11706349206349205,-0.5456349206349206,0.0
19,272,author_independent,0.0,0.0,-0.011904761904761904,0.0,0.0,0.07142857142857144,-0.059523809523809514,0.0,0.0,0.0,0.0
20,276,author_independent,0.0,0.0,0.0,0.0,0.0,0.0,0.0,0.0,0.0,0.0,0.0
21,281,author_independent,0.0,0.0,0.0,-0.021825396825396828,0.0,0.0,0.0,0.0,0.02182539682539682,0.0,0.0
22,287,unambiguous,0.0,0.0,0.0,0.0,0.0,0.0,0.0,0.0,0.0,0.0,0.0
23,31015,unambiguous,0.0,0.0,0.0,0.0,0.0,0.0,-0.023809523809523808,0.02380952380952382,0.0,0.0,0.0
24,31060,unambiguous,0.0,0.0,0.0,0.0,0.0,0.0,0.0,0.0,0.0,0.0,0.0
25,3107,author_independent,0.08333333333333333,0.0,0.0,0.011904761904761904,0.0,0.0,0.0,-0.023809523809523808,-0.07142857142857141,0.0,0.0
26,31077,unambiguous,0.0,0.0,0.0,0.0,0.0,0.0,0.0,0.0,0.0,0.0,0.0
27,31089,unambiguous,0.0,0.0,0.0,0.011904761904761904,0.0,0.0,0.11904761904761903,-0.13095238095238096,0.0,0.0,0.0
28,31147,author_relevant,0.047619047619047616,0.0,0.0,0.011904761904761923,0.0,0.0,-0.10714285714285714,0.0,0.047619047619047616,0.0,0.0
29,31154,author_relevant,-0.001984126984126982,0.0,-0.037698412698412696,0.0,0.0,0.0,0.0,0.0,0.037698412698412696,0.001984126984126984,0.0
30,3117,author_relevant,0.07142857142857142,0.0,0.0,0.0,0.0,0.0,0.0,-0.07142857142857141,0.0,0.0,0.0
31,31177,author_independent,0.0,0.0,0.0,0.0,0.0,0.0,0.0,0.0,-0.023809523809523808,0.023809523809523808,0.0
32,31179,author_independent,0.0,0.0,0.0,0.08333333333333333,0.0,-0.08333333333333333,0.0,0.0,0.0,0.0,0.0
33,3118,unambiguous,-0.035714285714285726,0.0,0.03571428571428571,0.0,0.0,0.0,0.0,0.0,0.0,0.0,0.0
34,31181,author_relevant,0.0,0.0,0.0,0.011904761904761904,0.23809523809523805,0.0,0.011904761904761904,-0.023809523809523808,0.0,-0.23809523809523805,0.0
35,31207,author_relevant,0.0,0.0,0.0,0.14285714285714285,-0.2738095238095238,0.011904761904761904,0.11904761904761905,0.0,0.0,0.023809523809523808,-0.023809523809523808
36,31234,author_relevant,0.0,0.0,0.0,0.0,-0.11904761904761903,0.0,-0.0595238095238095,0.0,0.0,0.17857142857142858,0.0
37,31292,unambiguous,0.0,0.0,0.0,0.0,-0.03571428571428571,0.0,0.0,0.0,0.0,0.03571428571428571,0.0
38,31313,author_relevant,0.0,0.0,0.0,0.0,-0.03571428571428571,0.0,0.25,-0.03571428571428571,0.0,0.0,-0.17857142857142858
39,31317,author_relevant,0.0,0.0,0.0,0.011904761904761904,0.0,0.0,0.10714285714285714,-0.3333333333333333,0.07142857142857142,0.0,0.14285714285714285
40,31346,author_relevant,0.0,0.0,0.011904761904761904,0.0,0.0,0.05952380952380954,-0.08333333333333333,0.0,0.0,0.011904761904761904,0.0
41,31378,author_relevant,0.0,0.0,0.0,0.0,0.0,0.0,0.011904761904761904,0.0,0.0,0.17857142857142858,-0.19047619047619047
42,31387,author_relevant,0.0,0.0,0.0,0.0,0.0,0.20238095238095236,-0.09523809523809523,0.0,0.0,-0.07142857142857142,-0.03571428571428571
43,31398,author_relevant,0.0,0.0,0.14285714285714285,0.0,0.0,0.0,-0.13095238095238096,-0.10714285714285714,0.0,0.0,0.09523809523809523
44,315,unambiguous,-0.04761904761904762,0.0,0.03571428571428571,0.0,0.0,0.0,0.0,0.011904761904761904,0.0,0.0,0.0
45,3267,author_independent,-0.011904761904761899,0.011904761904761904,0.0,0.0,0.0,0.0,0.0,0.0,0.0,0.0,0.0
46,3283,author_independent,-0.08333333333333333,0.0,0.0,0.0,0.0,0.0,0.0,0.08333333333333333,0.0,0.0,0.0
47,3290,author_relevant,0.0,0.011904761904761904,-0.04761904761904764,0.0,0.0,0.0,0.0,0.0,0.0,0.03571428571428571,0.0
48,3292,unambiguous,0.0,-0.059523809523809534,0.011904761904761904,0.0,0.0,0.0,0.0,0.0,0.0,0.047619047619047616,0.0
49,3319,author_independent,0.0,-0.06150793650793649,0.0,0.0,0.0,0.0,0.0,0.0,0.059523809523809514,0.001984126984126982,0.0
50,3328,unambiguous,0.0,0.0,0.0,0.0,0.0,0.0,0.0,0.0,0.0,0.0,0.0
51,3338,author_independent,-0.059523809523809514,-0.07142857142857142,0.011904761904761904,0.0,0.0,0.0,0.0,0.11904761904761903,0.0,0.0,0.0
52,3339,author_independent,-0.09523809523809523,0.0,0.0,0.10714285714285714,0.0,0.0,0.0,-0.011904761904761904,0.0,0.0,0.0
53,3344,unambiguous,0.0,-0.011904761904761899,0.0,0.0,0.0,0.0,0.0,0.011904761904761904,0.0,0.0,0.0
54,3348,author_relevant,-0.011904761904761904,0.08333333333333333,0.0,0.0,0.0,0.011904761904761904,0.0,0.0,0.0,-0.08333333333333333,0.0
55,3370,author_independent,0.0,0.0,0.0,0.0,0.0,0.0,0.0,0.0,0.0,0.0,0.0
56,340,unambiguous,0.0,0.0,0.0,0.0,0.0,0.0,0.0,0.0,0.0,0.0,0.0
57,3426,unambiguous,0.0,0.0,-0.02380952380952382,0.0,0.0,0.0,0.023809523809523808,0.0,0.0,0.0,0.0
58,3431,unambiguous,0.0,0.0,-0.01190476190476191,0.0,0.0,0.0,0.011904761904761904,0.0,0.0,0.0,0.0
59,3443,unambiguous,0.0,0.0,-0.2142857142857143,0.0,0.0,0.0,0.21428571428571427,0.0,0.0,0.0,0.0
60,3469,unambiguous,0.0,0.0,0.0,0.0,0.0,0.0,0.0,0.0,0.0,0.0,0.0
61,3481,author_independent,0.0,-0.023809523809523808,0.0,0.01190476190476191,0.0,0.0,0.0,0.0,0.011904761904761904,0.0,0.0
62,3493,author_independent,0.0,0.0,0.0,0.02380952380952382,0.0,0.0,0.0,0.0,-0.023809523809523808,0.0,0.0
63,3514,author_independent,-0.09523809523809523,0.0,0.0,0.09523809523809523,0.0,0.0,0.0,0.0,0.0,0.0,0.0
64,3528,author_relevant,0.0,0.0,0.06547619047619047,-0.07539682539682542,0.0,0.0,0.0,0.011904761904761904,-0.001984126984126984,0.0,0.0
65,3538,author_relevant,0.0,0.0,0.0,0.0,-0.2261904761904762,0.08333333333333333,0.14285714285714285,0.0,0.0,0.0,0.0
66,3579,author_relevant,0.0,0.0,-0.059523809523809514,0.0,-0.2123015873015873,0.2738095238095238,0.0,0.0,0.0,-0.001984126984126982,0.0
67,3618,author_relevant,0.0,0.0,0.0,0.0,-0.3452380952380953,0.011904761904761904,0.3333333333333333,0.0,0.0,0.0,0.0
68,3620,unambiguous,0.0,0.0,0.0,0.011904761904761904,-0.4166666666666667,0.07142857142857142,0.3333333333333333,0.0,0.0,0.0,0.0
69,3639,author_independent,0.0,0.0,0.0,0.0,0.0,0.023809523809523808,0.016666666666666666,0.011904761904761904,0.0,-0.07341269841269842,0.02103174603174603
70,3641,author_relevant,0.0,0.0,0.0,0.0,-0.4166666666666667,0.047619047619047616,0.35714285714285715,0.011904761904761904,0.0,0.0,0.0
71,3645,author_independent,0.0,0.0,-0.023809523809523808,0.0,0.0,0.0,0.02380952380952381,0.0,0.0,0.0,0.0
72,3649,author_independent,0.0,0.0,0.0,0.0,-0.11904761904761903,0.11904761904761907,0.0,0.0,0.0,0.0,0.0
73,378,author_relevant,-0.07142857142857144,0.0,0.0,0.0,0.0,0.0,0.0,0.07142857142857142,0.0,0.0,0.0
74,3833,author_independent,-0.010714285714285695,0.0,0.0,0.0,0.0,0.023809523809523808,0.0,0.00992063492063492,-0.023015873015873007,0.0,0.0
75,3857,unambiguous,0.0,0.0,0.0,0.03571428571428571,0.023809523809523808,-0.023809523809523798,-0.03571428571428571,0.0,0.0,0.0,0.0
76,3864,author_independent,0.0,0.0,0.0,0.0,-0.011904761904761904,-0.059523809523809514,0.011904761904761904,0.0,0.0,0.047619047619047616,0.011904761904761904
77,387,unambiguous,0.018055555555555547,0.0,0.27499999999999997,0.016666666666666666,0.0,0.0,0.0,-0.030555555555555558,0.0,-0.27916666666666673,0.0
78,3936,author_independent,0.0,0.0,0.19444444444444442,0.0,-0.5734126984126984,0.1884920634920635,0.24206349206349206,0.0,0.0,-0.05158730158730159,0.0
79,3937,unambiguous,0.0,0.0,-0.05158730158730159,0.013888888888888888,0.17460317460317457,0.0,0.009920634920634922,0.011904761904761904,0.0,-0.15873015873015872,0.0
80,3942,unambiguous,0.0,0.0,-0.059523809523809514,0.0,-0.061507936507936505,0.0,0.08333333333333333,0.0,0.0,0.025793650793650796,0.011904761904761904
81,3964,author_independent,0.0,0.0,0.0,0.03571428571428571,0.0,0.0,-0.035714285714285726,0.0,0.0,0.0,0.0
82,3966,unambiguous,0.0,0.0,0.011904761904761904,0.0,0.0,0.0,-0.10674603174603174,0.08293650793650793,0.0,0.011904761904761904,0.0
83,3975,author_relevant,0.0,0.0,0.0,0.0,-0.38095238095238093,0.11904761904761903,0.2619047619047619,0.0,0.0,0.0,0.0
84,41082,unambiguous,0.0,0.0,0.0,0.0,0.047619047619047616,-0.047619047619047616,0.0,0.0,0.0,0.0,0.0
85,4117,author_independent,0.0,0.0,0.03571428571428571,0.0,0.0,0.0,0.0,-0.04761904761904762,0.011904761904761904,0.0,0.0
86,41208,author_independent,0.0,0.0,0.0,0.0,0.011904761904761904,-0.01190476190476191,0.0,0.0,0.0,0.0,0.0
87,41228,unambiguous,0.0,0.0,0.25,0.0,0.0,0.0,0.0,-0.25,0.0,0.0,0.0
88,41239,unambiguous,0.0,0.0,0.0,0.0,0.0,0.0,0.0,0.0,0.0,0.0,0.0
89,41260,author_independent,0.0,0.0,0.0,0.0,9.25185853854297e-18,0.0,-0.011904761904761904,0.0,0.0,0.0,0.011904761904761904
90,41311,author_independent,0.0,0.0,0.03571428571428571,-0.023809523809523808,0.0,0.0,-0.03571428571428571,0.023809523809523822,0.03571428571428571,-0.03571428571428571,0.0
91,41378,unambiguous,0.0,0.0,0.0,0.0,0.0,0.0,0.0,0.0,0.0,0.0,0.0
92,414,author_independent,0.0,0.0,0.061507936507936505,0.0,0.0,0.0,-0.03571428571428571,0.0,0.0,-0.025793650793650796,0.0
93,41415,author_independent,0.0,0.0,0.0,0.0,0.0,0.0,0.13095238095238096,-0.2023809523809524,0.0,0.07142857142857142,0.0
94,4146,unambiguous,0.05952380952380953,-0.023809523809523808,0.0,0.0,0.0,0.0,0.0,-0.035714285714285726,0.0,0.0,0.0
95,4150,unambiguous,-0.14285714285714288,0.0,0.13095238095238096,0.011904761904761904,0.0,0.0,0.0,0.0,0.0,0.0,0.0
96,41548,author_relevant,-0.07142857142857142,0.0,0.0,0.1666666666666667,0.0,0.0,0.0,0.0,-0.09523809523809523,0.0,0.0
97,41581,author_relevant,0.0,0.0,0.0,0.009920634920634927,0.0,0.0,0.15873015873015872,-0.2738095238095238,0.10515873015873016,0.0,0.0
98,41600,author_relevant,0.15476190476190474,0.0,0.0,0.047619047619047616,0.0,0.0,0.047619047619047616,0.023809523809523808,-0.2738095238095238,0.0,0.0
99,41606,author_relevant,0.0,0.0,0.0,-0.05952380952380954,0.0,0.0,0.0,0.0,0.059523809523809514,0.0,0.0
100,41629,author_relevant,0.0,0.0,0.0,0.0,-0.08333333333333333,-0.03571428571428571,0.11904761904761903,0.0,0.0,0.0,0.0
101,41641,unambiguous,0.0,0.0,0.0,0.023809523809523808,-0.16666666666666666,0.059523809523809514,0.011904761904761904,0.0,0.0,0.07142857142857142,0.0
102,41660,author_relevant,0.0,0.0,0.0,0.0,-0.30952380952380953,-0.14285714285714285,0.0,0.0,0.0,0.4523809523809524,0.0
103,41671,author_relevant,0.0,0.0,0.0,0.0,-0.03571428571428571,-0.01190476190476191,0.0,0.0,0.0,0.047619047619047616,0.0
104,41688,unambiguous,0.0,0.0,0.0,0.0,-0.011904761904761904,-0.03571428571428571,0.011904761904761904,0.0,0.0,0.04761904761904762,-0.011904761904761885
105,41722,author_relevant,0.0,0.0,0.0,0.0,-0.059523809523809514,-0.13095238095238093,0.19047619047619047,0.0,0.0,0.0,0.0
106,41744,author_relevant,0.0,0.0,0.0,0.0,0.0,0.0,0.0,0.2857142857142857,0.0,-0.28571428571428564,0.0
107,41759,author_relevant,0.0,0.0,0.0,0.0,0.0,0.0,0.2261904761904762,-0.2380952380952381,0.0,0.011904761904761904,0.0
108,41789,unambiguous,0.0,0.0,0.0,0.0,0.0,0.011904761904761904,-0.03571428571428571,0.0,0.0,0.0,0.02380952380952382
109,41791,author_independent,0.0,0.0,0.0,0.0,-0.03571428571428573,0.023809523809523808,0.0,0.0,0.0,0.0,0.011904761904761904
110,41795,author_independent,0.0,0.0,0.0,0.0,0.10714285714285714,-0.04761904761904764,0.0,-0.023809523809523808,0.03571428571428571,-0.09523809523809523,0.023809523809523808
111,41840,author_independent,0.0,0.0,0.0,0.0,-0.07142857142857142,0.059523809523809514,0.03571428571428572,0.0,0.0,0.0,-0.023809523809523808
112,41857,author_independent,0.0,0.0,0.0,0.0,0.0,-0.011904761904761904,0.047619047619047616,0.0,0.0,0.0,-0.035714285714285705
113,41862,author_relevant,0.0,0.0,-0.2738095238095238,0.0,0.0,0.023809523809523808,0.16666666666666666,0.0,0.0,0.047619047619047616,0.03571428571428571
114,437,unambiguous,0.013888888888888886,0.0,0.0,-0.013888888888888888,0.0,0.0,0.0,0.0,0.0,0.0,0.0
115,4387,author_independent,-0.13095238095238096,-0.023809523809523808,0.0,0.011904761904761904,0.0,0.0,0.0,0.14285714285714288,0.0,0.0,0.0
116,441,author_relevant,-0.011904761904761904,0.0,0.0,0.0,0.0,0.0,0.15476190476190474,-0.2976190476190476,0.0,0.15476190476190474,0.0
117,4410,author_independent,-0.01190476190476191,0.0,0.0,0.0,0.0,0.0,0.0,0.011904761904761904,0.0,0.0,0.0
118,4431,unambiguous,0.0,-0.035714285714285726,0.023809523809523808,0.0,0.0,0.0,0.0,0.0,0.0,0.011904761904761904,0.0
119,4454,unambiguous,0.0,0.0,0.0,0.0,0.0,0.0,0.0,0.0,0.0,0.0,0.0
120,4490,unambiguous,0.0,0.0,0.0,0.0,0.0,0.0,0.011904761904761904,-0.011904761904761904,0.0,0.0,0.0
121,4497,unambiguous,0.0,0.0,-0.26190476190476186,0.0,0.42857142857142855,0.0,-0.023809523809523808,0.0,0.0,-0.14285714285714285,0.0
122,4510,author_independent,-0.025793650793650796,0.05634920634920635,-0.008730158730158734,-0.030555555555555558,0.0,0.0,0.0,0.017857142857142856,0.011904761904761904,-0.02103174603174603,0.0
123,4519,unambiguous,0.0,0.0,-0.24007936507936511,0.0,0.0,0.011904761904761904,0.26587301587301587,0.0,0.0,-0.06349206349206349,0.025793650793650796
124,4571,author_relevant,-0.025793650793650796,0.0,-0.23809523809523805,0.3194444444444444,0.0,0.0,0.0,0.0,-0.05555555555555556,0.0,0.0
125,4573,author_relevant,0.012499999999999999,-0.013888888888888888,0.027777777777777776,0.19722222222222222,0.0,0.0,0.0,-0.24444444444444446,0.020833333333333332,0.0,0.0
126,458,unambiguous,0.023809523809523798,0.0,-0.13095238095238096,0.0,0.0,0.0,0.10714285714285714,0.0,0.0,0.0,0.0
127,4592,author_relevant,0.03571428571428571,0.08333333333333333,-0.36904761904761907,0.0,0.2599206349206349,0.0,0.0,0.0,0.0,-0.00992063492063492,0.0
128,4594,author_independent,0.0,0.0,0.14107142857142854,0.0,0.0,0.0,0.0,-0.14107142857142857,0.0,0.0,0.0
129,4609,author_independent,0.0,0.0,-0.01190476190476191,0.0,0.0,0.0,0.011904761904761904,0.0,0.0,0.0,0.0
130,4636,author_independent,0.0,0.0,0.0,0.0,0.0,0.0,0.0,0.0,0.0,0.0,0.0
131,4671,author_independent,0.0,0.0,0.0,-0.047619047619047616,0.0,0.0,0.0,0.0,0.047619047619047616,0.0,0.0
132,476,author_independent,-0.01190476190476191,0.0,0.0,0.0,0.0,0.0,0.0,0.011904761904761904,0.0,0.0,0.0
133,481,unambiguous,0.0,0.0,0.0,0.0,0.0,0.0,0.0,0.0,0.0,0.0,0.0
134,4817,author_independent,0.0,0.0,0.0,0.0,-0.20238095238095236,0.11904761904761907,0.08333333333333333,0.0,0.0,0.0,0.0
135,4868,author_independent,0.0,0.0,0.0,0.0,-0.047619047619047616,0.04761904761904761,0.0,0.0,0.0,0.0,0.0
136,4874,unambiguous,0.0,0.0,0.0,0.0,-0.09523809523809525,0.0,0.08333333333333333,0.0,0.0,0.011904761904761904,0.0
137,494,author_independent,-0.07539682539682539,0.011904761904761904,0.0,0.10912698412698411,0.0,0.0,0.0,-0.04563492063492063,0.0,0.0,0.0
138,51023,author_independent,0.0,0.0,0.0,0.0,0.0,0.0,0.0,0.0,0.0,0.0,0.0
139,5105,author_relevant,-0.03492063492063492,0.0,-0.01865079365079365,0.013888888888888888,0.0,0.0,0.0,0.03968253968253969,0.0,0.0,0.0
140,51054,author_relevant,-0.023809523809523808,0.0,0.0,0.04761904761904764,0.0,0.0,0.0,0.0,-0.023809523809523808,0.0,0.0
141,51081,author_relevant,0.03571428571428569,0.0,0.0,0.15476190476190477,0.0,0.0,0.0,-0.25,0.059523809523809514,0.0,0.0
142,51082,author_independent,0.0,0.0,0.0,0.011904761904761904,0.0,0.0,0.0,-0.09523809523809523,0.08333333333333333,0.0,0.0
143,51236,unambiguous,0.0,0.0,0.0,0.0,0.0,0.0,0.0,0.0,0.0,0.0,0.0
144,51249,unambiguous,0.0,0.0,0.0,0.0,-0.10714285714285714,0.15476190476190474,0.0,0.0,0.0,0.0,-0.047619047619047616
145,51258,unambiguous,0.0,0.0,0.0,0.21428571428571427,-0.25,0.023809523809523808,0.0,0.011904761904761904,0.0,0.0,0.0
146,51263,author_independent,0.0,0.0,0.0,0.0,0.047619047619047616,0.0,-0.04761904761904762,0.0,0.0,0.0,0.0
147,51275,author_relevant,0.0,0.0,0.0,0.0,-0.17857142857142858,-0.023809523809523808,0.023809523809523808,0.17857142857142858,0.0,0.0,0.0
148,51285,author_independent,0.0,0.0,0.0,0.0,0.0,0.0,0.0,0.0,0.0,0.0,0.0
149,5130,author_independent,0.02380952380952381,0.0,0.0,0.0,0.0,0.0,0.0,-0.023809523809523808,0.0,0.0,0.0
150,51329,author_relevant,0.0,0.0,0.0,0.0,-0.07142857142857144,0.0,0.07142857142857142,0.0,0.0,0.0,0.0
151,51577,author_independent,0.0,0.0,-0.047619047619047616,0.0,-0.011904761904761904,0.19047619047619047,0.03571428571428572,0.0,0.0,-0.16666666666666666,0.0
152,51593,unambiguous,0.0,0.0,0.0,0.0,-0.16666666666666666,0.16666666666666666,0.0,0.0,0.0,0.0,0.0
153,51598,author_relevant,0.0,0.0,0.0,0.0,-0.08333333333333333,0.059523809523809534,0.023809523809523808,0.0,0.0,0.0,0.0
154,51632,unambiguous,0.0,0.0,0.0,0.0,-0.07142857142857142,0.07142857142857144,0.0,0.0,0.0,0.0,0.0
155,51653,author_relevant,0.0,0.0,0.0,0.0,-0.047619047619047616,0.047619047619047616,0.0,0.0,0.0,0.0,0.0
156,5166,unambiguous,-0.08730158730158731,-0.023809523809523808,0.011904761904761904,0.0,0.0,0.0,0.0,0.0992063492063492,0.0,0.0,0.0
157,51688,unambiguous,0.0,0.0,0.0,0.0,-0.03571428571428571,0.035714285714285726,0.0,0.0,0.0,0.0,0.0
158,51705,author_independent,0.0,0.0,0.0,0.0,-0.059523809523809514,0.05952380952380954,0.0,0.0,0.0,0.0,0.0
159,51710,unambiguous,0.0,0.0,0.0,0.0,-0.011904761904761904,0.02380952380952382,0.011904761904761904,-0.023809523809523808,0.0,0.0,0.0
160,51713,author_independent,0.0,0.0,0.0,0.0,0.0,0.0,0.0,0.0,0.0,0.0,0.0
161,51792,unambiguous,0.0,0.0,0.0,0.0,-0.11904761904761903,0.11904761904761905,0.0,0.0,0.0,0.0,0.0
162,51835,author_independent,0.0,0.0,0.047619047619047616,0.0,0.0,0.0,-0.047619047619047596,0.0,0.0,0.0,0.0
163,51837,unambiguous,0.0,0.0,-0.10714285714285714,0.0,0.0,0.0,0.09523809523809523,0.0,0.0,0.011904761904761904,0.0
164,51882,author_independent,0.011904761904761904,0.0,0.0,0.0,0.0,0.0,-0.15277777777777776,0.36904761904761907,0.0,-0.22817460317460317,0.0
165,51929,author_independent,0.0,0.0,0.0,0.0,0.0,-0.0357142857142857,0.03571428571428573,0.0,0.0,0.0,0.0
166,51945,author_independent,0.0,0.0,0.0,0.0,0.023809523809523808,0.0,-0.14285714285714285,0.03571428571428571,0.0,0.08333333333333333,0.0
167,51946,author_independent,0.01190476190476189,-0.011904761904761904,0.0,0.0,0.0,0.023809523809523808,-0.023809523809523808,0.0,0.0,0.0,0.0
168,51953,unambiguous,0.0,0.0,0.0,0.0,0.03571428571428571,0.0,-0.035714285714285726,0.0,0.0,0.0,0.0
169,51962,author_relevant,0.0,0.0,0.0,0.0,-0.023809523809523798,0.0,0.023809523809523808,0.0,0.0,0.0,0.0
170,52029,unambiguous,0.0,0.0,0.0,0.0,-0.05952380952380954,0.16666666666666666,-0.059523809523809514,0.0,0.0,-0.047619047619047616,0.0
171,52046,author_independent,0.0,0.0,0.0,0.0,0.0,0.0,0.0,0.0,0.0,0.0,0.0
172,52050,unambiguous,0.0,0.0,0.0,0.0,0.0,0.0,0.0,0.0,0.0,0.0,0.0
173,52051,unambiguous,0.0,0.0,0.0,0.0,0.0,0.0,0.0,0.0,0.0,0.0,0.0
174,5206,author_independent,-0.35714285714285715,0.047619047619047616,0.0,0.0,0.0,0.0,0.0,0.30952380952380953,0.0,0.0,0.0
175,52077,unambiguous,0.0,0.0,0.0,0.0,0.0,0.0,0.0,0.0,0.0,0.0,0.0
176,521,author_independent,-0.030555555555555548,0.0,0.0,-0.04027777777777778,0.0,0.0,0.0,0.07083333333333333,0.0,0.0,0.0
177,52102,unambiguous,0.0,0.0,0.03571428571428571,0.011904761904761902,0.0,0.0,0.0,-0.06150793650793651,0.0,0.013888888888888888,0.0
178,52157,unambiguous,0.0,0.0,0.0,0.0,0.0,0.0,0.0,0.0,0.0,0.0,0.0
179,52176,author_independent,0.0,0.0,0.0,-0.023809523809523808,-0.10119047619047616,0.06349206349206349,0.0,0.08134920634920635,-0.03373015873015872,0.013888888888888888,0.0
180,52184,unambiguous,0.0,0.0,0.0,0.0,0.0,0.0,0.0,-0.10714285714285715,0.07142857142857142,0.03571428571428571,0.0
181,52217,unambiguous,0.0,0.0,0.0,0.0,0.0,0.0,0.0,0.0,0.0,0.0,0.0
182,52225,unambiguous,0.0,0.0,0.0,0.0,0.0,0.0,0.0,0.0,0.0,0.0,0.0
183,5225,author_independent,-9.25185853854297e-18,0.0,0.0,0.0,0.0,0.0,0.0,0.0,0.0,0.0,0.0
184,52289,author_independent,0.0,0.0,0.0,0.0,0.0,0.0,0.0,-0.011904761904761918,0.0,0.011904761904761904,0.0
185,52316,author_relevant,0.0,0.0,0.011904761904761904,-0.047619047619047616,0.0,0.0,0.025793650793650796,0.0,0.035714285714285726,-0.025793650793650796,0.0
186,52338,author_relevant,0.08333333333333333,0.0,0.0,-0.2738095238095238,0.0,0.20238095238095236,0.0,0.0,-0.011904761904761904,0.0,0.0
187,52365,author_relevant,0.0,0.0,0.061507936507936505,-0.03968253968253966,0.0,0.0,0.0,-0.023809523809523808,0.001984126984126984,0.0,0.0
188,52369,author_relevant,-0.025793650793650796,0.0,0.011904761904761904,-0.08134920634920635,0.0,0.0,0.0,0.0,0.09523809523809523,0.0,0.0
189,52371,author_relevant,0.0,-0.07539682539682539,-0.06349206349206349,-0.023809523809523808,0.0,0.0,0.1984126984126984,-0.1369047619047619,0.0,0.0496031746031746,0.05158730158730159
190,52373,author_relevant,0.0,0.0,0.0,0.0,0.0,0.0,0.0,-0.023809523809523798,0.023809523809523808,0.0,0.0
191,52398,unambiguous,0.0,-0.06349206349206349,0.0,0.023809523809523808,0.0,0.0,0.0,0.0,0.03968253968253967,0.0,0.0
192,52434,author_relevant,0.0,0.0,0.19047619047619047,0.0,-0.09523809523809523,-0.16666666666666666,0.0,0.0,0.0,0.07142857142857142,0.0
193,52441,author_relevant,0.0,0.0,0.0,0.0,-0.2023809523809524,0.0,0.023809523809523808,0.0496031746031746,0.0,0.12896825396825398,0.0
194,52448,unambiguous,0.0,0.0,0.0,0.011904761904761904,0.047619047619047616,0.0,0.0,0.20238095238095236,0.0,-0.2619047619047619,0.0
195,52458,author_relevant,0.0,0.0,0.0,0.0,0.03571428571428571,0.023809523809523808,-0.03571428571428573,0.0,0.0,-0.023809523809523808,0.0
196,525,author_independent,0.0,0.0,0.0,0.0,0.0,0.0,0.0,0.0,0.0,0.0,0.0
197,52501,unambiguous,0.0,0.0,0.0,0.0,-0.023809523809523808,0.0,0.047619047619047616,0.0,0.0,-0.023809523809523808,0.0
198,52520,author_relevant,0.0,0.0,0.0,0.0,-0.13095238095238096,0.0,0.0,0.0,0.0,0.13095238095238096,0.0
199,52550,author_relevant,0.023809523809523808,0.0,0.0,0.023809523809523808,0.10714285714285714,-0.25,0.0,0.0,0.0,0.09523809523809525,0.0
200,52584,author_relevant,0.0,0.0,0.011507936507936531,0.0,0.2837301587301587,0.13095238095238096,0.0,0.0,0.025793650793650796,-0.46388888888888885,0.011904761904761904
201,52591,author_relevant,0.0,0.0,0.0,0.011904761904761904,-0.11904761904761905,0.011904761904761904,0.0,0.0,0.0,0.09523809523809523,0.0
202,52596,author_relevant,0.0,0.0,0.0,0.023809523809523808,0.0357142857142857,0.0,-0.011904761904761904,0.08333333333333333,0.0,-0.10714285714285715,-0.023809523809523808
203,52598,author_relevant,0.0,0.0,0.023809523809523808,0.20634920634920637,-0.5,0.0,0.023809523809523808,0.011904761904761904,0.001984126984126984,0.23214285714285712,0.0
204,52614,author_independent,0.0,0.0,0.0,-0.0496031746031746,-0.0515873015873016,0.0496031746031746,0.011904761904761904,0.0,0.0,0.011904761904761904,0.027777777777777776
205,52625,author_relevant,-0.1706349206349206,0.0,0.0,0.0,0.0,0.0,0.0,0.08333333333333336,0.0,0.08730158730158731,0.0
206,52626,author_relevant,0.0,0.0,0.0,0.0,-0.09523809523809523,0.09523809523809523,0.035714285714285726,0.0,0.0,0.011904761904761904,-0.047619047619047616
207,52635,author_relevant,0.0,0.0,0.0,0.1111111111111111,-0.48809523809523814,0.0,0.0,0.023809523809523808,0.0,0.3531746031746032,0.0
208,52645,author_relevant,0.0,0.0,0.0,0.0,-0.19047619047619047,0.0,0.13095238095238096,0.0,0.0,0.0,0.059523809523809514
209,52658,author_relevant,0.0,0.0,0.059523809523809514,0.0,-0.10714285714285714,-0.17857142857142858,0.13095238095238096,0.0,0.0,0.011904761904761904,0.08333333333333333
210,52679,author_independent,0.0,0.0,0.0,-0.047619047619047616,0.011904761904761904,0.011904761904761937,0.0,0.0,0.0,0.0,0.023809523809523808
211,52709,author_relevant,0.0,0.0,0.054365079365079366,0.0,0.0,0.11587301587301586,0.023809523809523808,0.0,0.0,-0.17341269841269838,-0.02063492063492062
212,52768,author_relevant,0.0,0.0,0.47420634920634924,0.0,-0.4676587301587301,0.007341269841269843,0.011904761904761904,0.0,0.0,-0.025793650793650796,0.0
213,52777,author_independent,0.0,0.0,0.0,0.0,-0.059523809523809514,0.08333333333333333,0.023809523809523808,0.0,0.0,0.0,-0.047619047619047616
214,52784,author_relevant,0.0,0.0,0.0,0.0,0.0,0.0,0.02380952380952382,0.0,0.0,-0.023809523809523808,4.625929269271485e-18
215,52822,unambiguous,0.0,0.0,0.0,0.0,0.0,-0.011904761904761904,0.03571428571428571,0.0,0.0,0.0,-0.023809523809523808
216,52823,author_independent,0.0,0.0,0.0,0.0,0.03571428571428571,0.03571428571428571,0.0,0.0,0.0,0.0,-0.07142857142857145
217,52828,author_relevant,0.023809523809523808,-0.023809523809523808,-0.15873015873015872,0.0,0.0,0.06349206349206349,0.03373015873015873,0.0,0.0,0.011904761904761904,0.049603174603174593
218,52829,author_relevant,0.0,0.0,0.0,0.023809523809523808,-0.011904761904761904,0.0,-0.22499999999999998,0.0,0.1369047619047619,0.0,0.07619047619047618
219,52833,unambiguous,0.0,0.0,0.0,-0.48412698412698413,-0.023809523809523808,0.25595238095238093,0.0,0.0,-0.06349206349206349,0.0,0.31547619047619047
220,52859,author_relevant,0.0,0.0,0.0,-0.11904761904761903,-0.011904761904761904,-0.14285714285714285,0.15476190476190477,0.11904761904761903,0.023809523809523808,0.011904761904761904,-0.03571428571428571
221,52860,unambiguous,0.0,0.0,0.013888888888888888,-0.05158730158730159,0.011904761904761904,0.011904761904761904,0.025793650793650796,-0.015873015873015872,-0.20634920634920637,0.015873015873015872,0.19444444444444445
222,52866,author_relevant,-0.11904761904761903,0.0,0.0,0.047619047619047616,0.011904761904761904,0.13095238095238096,-0.023809523809523808,0.0,0.011904761904761904,0.0,-0.059523809523809514
223,52895,author_relevant,0.0,0.0,0.0,0.0,-0.01190476190476191,0.011904761904761904,0.0,0.0,0.0,0.0,0.0
224,5502,unambiguous,0.0,-0.07738095238095237,0.0,0.03968253968253968,0.0,0.0,0.023809523809523808,0.0,0.0,0.013888888888888888,0.0
225,553,author_independent,0.023809523809523798,0.023809523809523808,0.0,-0.047619047619047616,0.0,0.0,0.0,0.0,0.0,0.0,0.0
226,5575,author_relevant,-0.08333333333333333,0.07936507936507936,0.01587301587301588,0.0,0.0,0.0,0.0,-0.011904761904761904,0.0,0.0,0.0
227,5580,unambiguous,0.0,0.0,0.0,0.0,0.0,0.0,0.0,0.0,0.0,0.0,0.0
228,5600,author_independent,0.0,-0.10515873015873016,0.0,0.0,0.0,0.0,0.0,0.0,0.0,0.10515873015873016,0.0
229,5609,author_relevant,0.0,0.0,0.0,0.0,0.0,0.0,0.0,0.0,0.0,0.0,0.0
230,5639,author_relevant,0.1785714285714286,-0.17857142857142858,0.0,0.0,0.0,0.0,0.0,0.0,0.0,0.0,0.0
231,5641,author_independent,-0.05952380952380951,0.0,0.011904761904761904,0.0,0.0,0.0,0.047619047619047616,0.0,0.0,0.0,0.0
232,5642,author_relevant,0.07142857142857142,0.0,0.0,0.023809523809523808,0.0,0.0,0.0,-0.07142857142857142,0.0,-0.023809523809523808,0.0
233,5680,unambiguous,0.059523809523809514,-0.07142857142857144,0.0,0.011904761904761904,0.0,0.0,0.0,0.0,0.0,0.0,0.0
234,5688,author_independent,-0.05555555555555555,-0.3968253968253968,0.025793650793650796,0.013888888888888888,0.0,0.0,0.0,0.0,0.376984126984127,0.03571428571428571,0.0
235,5691,author_independent,0.05952380952380953,0.0,0.0,0.0,0.0,0.0,0.0,-0.059523809523809514,0.0,0.0,0.0
236,5704,unambiguous,0.0,-0.29365079365079366,0.0,0.011904761904761904,0.17857142857142858,0.06547619047619048,0.0,0.0,0.011904761904761904,0.025793650793650796,0.0
237,5720,author_independent,0.0,0.0,0.0,0.0,0.0,0.0,0.0,0.0,0.0,0.0,0.0
238,5725,author_independent,-0.015873015873015872,-0.013888888888888888,0.053571428571428575,0.0,0.0,0.0,0.0,-0.023809523809523808,0.0,0.0,0.0
239,5730,unambiguous,0.0,0.0,0.0,0.0,0.0,0.0,0.0,0.0,0.0,0.0,0.0
240,5802,author_independent,0.0,0.0,0.03571428571428571,-0.02380952380952382,0.0,0.0,0.0,0.0,-0.011904761904761904,0.0,0.0
241,5830,unambiguous,0.0,0.0,0.0,0.0,0.0,0.0,0.0,0.0,0.0,0.0,0.0
242,5856,unambiguous,0.011904761904761904,0.0,-0.01190476190476191,0.0,0.0,0.0,0.0,0.0,0.0,0.0,0.0
243,588,author_independent,0.059523809523809514,0.0,0.0,0.0,0.0,0.0,0.0,-0.059523809523809534,0.0,0.0,0.0
244,5880,unambiguous,0.0,0.0,9.25185853854297e-18,0.0,0.0,0.0,0.023809523809523808,-0.023809523809523808,0.0,0.0,0.0
245,5914,unambiguous,0.0,0.0,0.059523809523809534,0.0,0.0,0.0,-0.07142857142857144,0.011904761904761904,0.0,0.0,0.0
246,594,author_independent,0.0,0.0,0.0,0.011904761904761904,0.0,0.0,0.0,-0.01190476190476191,0.0,0.0,0.0
247,5951,author_independent,0.0,0.0,-0.1404761904761905,-0.059523809523809514,0.0,0.15,0.0,0.0,0.05000000000000001,0.0,0.0
248,5986,unambiguous,0.0,0.0,0.0,-0.01190476190476191,0.0,0.0,0.0,0.011904761904761904,0.0,0.0,0.0
249,61021,author_relevant,0.19047619047619047,0.0,0.0,0.0,0.0,0.011904761904761904,0.14285714285714285,-0.3452380952380953,0.0,0.0,0.0
250,61031,unambiguous,0.0,0.0,0.0,0.0,-0.03571428571428571,0.011904761904761904,0.011904761904761904,0.0,0.0,0.0,0.01190476190476191
251,61055,author_relevant,0.0,0.0,0.13095238095238093,-0.047619047619047616,0.0,0.011904761904761904,0.011904761904761904,-0.16666666666666666,0.03571428571428571,-0.09523809523809523,0.11904761904761905
252,61071,unambiguous,0.0,0.0,0.0,-0.023809523809523808,0.0,0.20238095238095236,-0.011904761904761904,0.0,0.0,0.011904761904761904,-0.17857142857142852
253,61094,author_independent,0.0,0.0,0.011904761904761904,0.0,-0.13095238095238096,0.047619047619047616,0.0,0.09722222222222222,0.0,0.011904761904761904,-0.037698412698412696
254,61099,unambiguous,0.0,0.0,-0.21428571428571427,0.0,0.0,0.0,0.11904761904761903,0.0,0.0,0.0,0.09523809523809523
255,61101,author_relevant,0.0,0.0,0.3531746031746032,-0.0496031746031746,0.04563492063492062,-0.015873015873015872,-0.013888888888888888,0.0,-0.08333333333333333,-0.059523809523809514,-0.1765873015873016
256,612,unambiguous,-0.059523809523809514,-0.03571428571428571,0.011904761904761904,0.047619047619047616,0.0,0.0,0.0,0.03571428571428571,0.0,0.0,0.0
257,6218,author_relevant,0.0,0.0,0.0,-0.08333333333333331,0.0,0.10714285714285714,0.047619047619047616,0.0,-0.07142857142857142,0.0,0.0
258,6221,author_independent,0.0,0.0,0.0,0.0,0.0,0.0,0.0,0.0,0.0,0.0,0.0
259,6228,unambiguous,0.0,0.0,0.0,0.0,0.0,0.0,0.0,0.0,0.0,0.0,0.0
260,623,author_independent,0.001984126984126977,0.0,0.0,0.0,0.0,0.0,0.0,-0.001984126984126982,0.0,0.0,0.0
261,6288,unambiguous,0.0,0.0,0.0,0.0,0.0,0.0,0.0,0.0,0.0,0.0,0.0
262,6304,author_independent,0.0,-0.10912698412698414,0.0,0.0,0.0,0.0,0.0,0.10912698412698413,0.0,0.0,0.0
263,6306,author_independent,0.027777777777777773,0.011904761904761904,0.0,0.0,0.0,0.0,0.0,0.0,0.0,-0.03968253968253968,0.0
264,6337,author_relevant,0.03968253968253968,0.03968253968253968,0.09325396825396826,0.047619047619047616,0.0793650793650794,0.0,0.011904761904761904,0.0,0.0,-0.31150793650793646,0.0
265,6403,author_independent,-0.2619047619047619,0.0,0.0,0.2380952380952381,0.0,0.047619047619047616,0.0,0.0,-0.023809523809523808,0.0,0.0
266,6407,author_relevant,-0.011904761904761904,0.0,0.023809523809523808,0.0,0.0,0.0,0.0,0.0,0.0,-0.01190476190476189,0.0
267,641,unambiguous,-0.01190476190476191,0.0,0.0,0.0,0.0,0.0,0.0,0.011904761904761904,0.0,0.0,0.0
268,6440,unambiguous,0.0,0.0,0.0,0.0,0.0,0.0,0.0,0.0,0.0,0.0,0.0
269,6450,author_independent,0.0,0.0,0.0,0.0,-0.16468253968253968,0.0,0.0,0.011904761904761904,0.0,0.1527777777777778,0.0
270,6499,author_independent,0.0,0.0,0.0,0.0,-0.11904761904761907,0.11904761904761903,0.0,0.0,0.0,0.0,0.0
271,6524,unambiguous,0.0,0.0,0.0,0.0,0.0,0.0,0.0,0.0,0.0,0.0,0.0
272,657,author_independent,0.11150793650793651,0.0,0.0,0.0,0.0,0.0,-0.027777777777777776,-0.08650793650793652,0.0,0.016666666666666666,-0.013888888888888888
273,6649,author_independent,0.0,0.0,0.0,0.0,-0.07142857142857144,0.07142857142857142,0.0,0.0,0.0,0.0,0.0
274,6696,author_independent,0.0,0.0,0.0,0.0,-0.07142857142857142,0.07142857142857141,0.0,0.0,0.0,0.0,0.0
275,6732,unambiguous,0.0,0.0,0.0,0.0,0.0,0.0,0.0,0.0,0.0,0.0,0.0
276,6761,unambiguous,0.0,0.0,0.023809523809523808,0.0,0.0,0.0,0.023809523809523826,0.011904761904761904,0.0,0.0,-0.059523809523809514
277,6768,unambiguous,0.0,0.0,0.0,0.0,0.0,0.0,0.0,0.0,0.0,0.0,0.0
278,6789,unambiguous,0.0,0.0,0.0,0.0,-0.10714285714285714,0.0,0.10714285714285714,0.0,0.0,0.0,0.0
279,6804,author_independent,-0.059523809523809514,0.0,0.16666666666666666,0.0,0.0,0.0,-0.09523809523809525,0.0,0.0,-0.011904761904761904,0.0
280,6829,unambiguous,0.0,0.0,0.0,0.0,0.0,0.0,0.0,0.0,0.0,0.0,0.0
281,6848,unambiguous,0.0,0.0,0.0,0.0,0.0,0.0,0.0,0.0,0.0,0.0,0.0
282,6869,author_independent,0.011904761904761904,0.0,0.0,0.0,0.0,0.0,0.08333333333333333,-0.09523809523809523,0.0,0.0,0.0
283,6938,author_relevant,0.0,0.0,0.0,0.1329365079365079,0.0,0.0,0.0,-0.13293650793650794,0.0,0.0,0.0
284,6957,author_independent,0.0,0.0,0.0,0.0,0.0,0.0,0.0,0.0,0.0,0.0,0.0
285,6997,unambiguous,0.0,0.0,0.0,0.0,0.19047619047619047,-0.023809523809523808,0.0,-0.09523809523809523,0.0,-0.07142857142857144,0.0
286,7134,unambiguous,0.0,0.0,0.0,-0.023809523809523808,-0.011904761904761904,0.03571428571428572,0.0,0.0,0.0,0.0,0.0
287,7147,author_independent,0.047619047619047616,-0.10714285714285714,0.0,0.0,0.0,0.0,0.0,0.047619047619047616,0.011904761904761904,0.0,0.0
288,7160,author_relevant,0.0,0.0,0.0,-0.011904761904761904,0.0,0.0,0.0,-0.15873015873015872,0.18253968253968253,-0.011904761904761904,0.0
289,7164,unambiguous,0.0,0.0,0.0,0.0,0.0,0.0,0.0,0.0,0.0,0.0,0.0
290,7179,author_independent,0.0,0.0,-0.023809523809523808,-0.17857142857142858,0.0,0.0,0.0,0.2142857142857143,-0.011904761904761904,0.0,0.0
291,7180,author_independent,0.15476190476190477,0.0,0.0,0.0,0.0,0.0,0.0,-0.15476190476190477,0.0,0.0,0.0
292,7193,unambiguous,0.0,0.0,0.0,0.0,0.0,0.0,0.0,0.0,0.0,0.0,0.0
293,7198,author_relevant,0.0,0.0,0.0,0.0,-0.5595238095238094,0.17857142857142858,0.0,0.0,0.0,0.38095238095238093,0.0
294,7200,author_relevant,0.0,0.0,-0.18055555555555555,0.0,0.0,0.0,0.03571428571428571,0.0,0.0,0.11904761904761903,0.025793650793650796
295,762,unambiguous,0.0,0.0,0.0,0.0,0.0,0.0,0.0,0.0,0.0,0.0,0.0
296,783,unambiguous,0.0,0.0,0.0,0.0,-0.08333333333333337,0.0,0.0,0.0,0.0,0.08333333333333333,0.0
297,825,author_relevant,0.0,0.0,0.44841269841269843,0.0,0.0,0.0,-0.26785714285714285,-0.15674603174603174,0.0,-0.023809523809523808,0.0
298,922,author_independent,0.0,0.0,0.0,0.0,0.023809523809523808,0.0,-0.08333333333333333,0.0,0.0,0.0,0.05952380952380951
299,99,author_relevant,0.0,0.011904761904761904,0.0,-0.10714285714285714,0.059523809523809514,0.10714285714285714,0.0,-0.14285714285714285,0.059523809523809514,0.011904761904761904,0.0
