,side,contrast,metric,mean_pct,ci_lo,ci_hi,cells,min_common_models
0,a,Generic → persona,flip,15.722222222222221,12.611111111111109,18.944444444444443,1800,4
1,a,Generic → persona,tv,16.19669312169312,14.135595238095236,18.332258597883595,1800,4
2,a,Neutral → generic,flip,7.944444444444445,6.222222222222221,9.777777777777775,1800,4
3,a,Neutral → generic,tv,7.981878306878307,7.229090608465608,8.752255291005289,1800,4
4,a,Neutral → persona,flip,15.833333333333332,12.611111111111109,19.166666666666664,1800,4
5,a,Neutral → persona,tv,16.733465608465607,14.675254629629627,18.893921957671957,1800,4
6,b,Generic → persona,flip,19.833333333333332,16.444444444444446,23.388888888888886,1800,4
7,b,Generic → persona,tv,19.300264550264547,17.01,21.605833333333333,1800,4
8,b,Neutral → generic,flip,7.944444444444445,6.166666666666667,9.833333333333332,1800,4
9,b,Neutral → generic,tv,8.006349206349206,7.260710978835978,8.769976851851851,1800,4
10,b,Neutral → persona,flip,20.833333333333336,17.444444444444443,24.388888888888886,1800,4
11,b,Neutral → persona,tv,19.777910052910048,17.500922619047618,22.081911375661374,1800,4
