,configuration,event,texts_with_event,out_of
0,few_shot/inline,gain_any,132,300
1,few_shot/inline,loss_any,95,300
2,few_shot/inline,same_support_change,71,300
3,few_shot/inline,hidden_top,164,300
4,few_shot/inline,strict_proportion,44,300
5,few_shot/numbered,gain_any,134,300
6,few_shot/numbered,loss_any,110,300
7,few_shot/numbered,same_support_change,66,300
8,few_shot/numbered,hidden_top,166,300
9,few_shot/numbered,strict_proportion,43,300
10,one_shot/inline,gain_any,132,300
11,one_shot/inline,loss_any,100,300
12,one_shot/inline,same_support_change,74,300
13,one_shot/inline,hidden_top,171,300
14,one_shot/inline,strict_proportion,50,300
15,one_shot/numbered,gain_any,141,300
16,one_shot/numbered,loss_any,107,300
17,one_shot/numbered,same_support_change,69,300
18,one_shot/numbered,hidden_top,164,300
19,one_shot/numbered,strict_proportion,34,300
20,zero_shot/inline,gain_any,146,300
21,zero_shot/inline,loss_any,100,300
22,zero_shot/inline,same_support_change,67,300
23,zero_shot/inline,hidden_top,174,300
24,zero_shot/inline,strict_proportion,41,300
25,zero_shot/numbered,gain_any,148,300
26,zero_shot/numbered,loss_any,121,300
27,zero_shot/numbered,same_support_change,81,300
28,zero_shot/numbered,hidden_top,188,300
29,zero_shot/numbered,strict_proportion,53,300
