text_id,few_shot/inline,few_shot/numbered,one_shot/inline,one_shot/numbered,zero_shot/inline,zero_shot/numbered
21,0.16666666666666669,0.21428571428571427,0.2,0.2857142857142857,0.3571428571428571,0.21428571428571427
99,0.21428571428571425,0.3571428571428571,0.2857142857142857,0.3571428571428571,0.3571428571428571,0.21428571428571427
249,0.0,0.0,0.0,0.0,0.0,0.0
253,0.6904761904761905,0.5833333333333334,0.7738095238095237,0.5714285714285714,0.6428571428571428,0.7142857142857142
272,0.07142857142857144,0.07142857142857144,0.14285714285714288,0.21428571428571427,0.14285714285714285,0.14285714285714285
276,0.0,0.0,0.0,0.0,0.0,0.0
281,0.0,0.07142857142857144,0.22619047619047616,0.2857142857142857,0.0,0.0
287,0.0,0.0,0.0,0.0,0.0,0.0
315,0.07142857142857144,0.0,0.0,0.14285714285714285,0.14285714285714288,0.14285714285714285
340,0.0,0.0,0.0,0.0,0.0,0.0
378,0.0,0.07142857142857144,0.0,0.07142857142857144,0.2857142857142857,0.0
387,0.55,0.4000000000000001,0.30000000000000004,0.30000000000000004,0.3833333333333333,0.4166666666666667
414,0.08333333333333331,0.21428571428571425,0.07142857142857142,0.0,0.07142857142857144,0.0
437,0.0,0.07142857142857144,0.15476190476190477,0.0,0.07142857142857144,0.07142857142857144
441,0.21428571428571425,0.21428571428571427,0.35714285714285715,0.35714285714285715,0.4285714285714286,0.4285714285714286
458,0.14285714285714285,0.21428571428571427,0.14285714285714282,0.14285714285714285,0.07142857142857142,0.14285714285714285
476,0.0,0.07142857142857144,0.0,0.14285714285714288,0.14285714285714288,0.0
481,0.0,0.0,0.0,0.0,0.0,0.0
494,0.07142857142857141,0.14285714285714288,0.16666666666666663,0.2142857142857143,0.21428571428571427,0.21428571428571427
521,0.09999999999999999,0.16666666666666663,0.125,0.16666666666666663,0.1,0.1
525,0.0,0.0,0.0,0.0,0.0,0.0
553,0.0,0.0,0.0,0.0,0.14285714285714285,0.14285714285714282
588,0.07142857142857141,0.07142857142857141,0.0,0.14285714285714285,0.07142857142857144,0.14285714285714288
594,0.0,0.0,0.0,0.07142857142857144,0.0,0.0
612,0.2857142857142857,0.0,0.14285714285714285,0.14285714285714285,0.2857142857142857,0.2857142857142857
623,0.14285714285714285,0.2142857142857143,0.2261904761904762,0.0,0.14285714285714285,0.14285714285714285
641,0.0,0.0,0.0,0.0,0.07142857142857144,0.0
657,0.36666666666666664,0.25,0.25,0.27142857142857146,0.15476190476190477,0.07142857142857142
762,0.0,0.0,0.0,0.0,0.0,0.0
783,0.07142857142857144,0.0,0.0,0.14285714285714288,0.14285714285714288,0.14285714285714288
825,0.48809523809523814,0.48809523809523814,0.42857142857142855,0.6428571428571428,0.5,0.5714285714285714
922,0.3571428571428571,0.21428571428571427,0.14285714285714288,0.2857142857142857,0.0,0.2142857142857143
2105,0.7142857142857143,0.49999999999999994,0.49999999999999994,0.3571428571428571,0.4285714285714285,0.7142857142857142
2142,0.0,0.0,0.0,0.0,0.14285714285714285,0.07142857142857144
2143,0.42857142857142855,0.5,0.35714285714285715,0.42857142857142855,0.2142857142857143,0.14285714285714285
2161,0.35714285714285715,0.2857142857142857,0.2857142857142857,0.35714285714285715,0.14285714285714282,0.42857142857142855
2163,0.0,0.0,0.0,0.0,0.0,0.0
2168,0.5,0.5,0.5,0.5,0.5,0.5
2172,0.2857142857142857,0.07142857142857142,0.2142857142857143,0.21428571428571427,0.14285714285714285,0.0
2182,0.14285714285714285,0.2142857142857143,0.14285714285714285,0.07142857142857142,0.14285714285714285,0.21428571428571427
2187,0.2857142857142857,0.14285714285714285,0.14285714285714285,0.21428571428571427,0.14285714285714285,0.14285714285714285
2198,0.2857142857142857,0.4285714285714286,0.3571428571428571,0.2857142857142857,0.4285714285714286,0.4285714285714286
2211,0.6428571428571428,0.5595238095238095,0.5666666666666667,0.5595238095238095,0.5595238095238095,0.5714285714285714
2212,0.2142857142857143,0.07142857142857144,0.14285714285714285,0.14285714285714285,0.07142857142857144,0.14285714285714288
2213,0.0,0.07142857142857142,0.14285714285714288,0.14285714285714285,0.07142857142857142,0.2857142857142857
2218,0.5714285714285714,0.5714285714285714,0.5,0.5,0.5714285714285714,0.4285714285714285
2224,0.07142857142857144,0.14285714285714285,0.07142857142857141,0.0,0.21428571428571427,0.21428571428571425
2228,0.4285714285714285,0.5,0.2380952380952381,0.2857142857142857,0.2857142857142857,0.2857142857142857
3107,0.14285714285714285,0.14285714285714285,0.14285714285714285,0.21428571428571427,0.14285714285714285,0.3571428571428571
3117,0.14285714285714282,0.0,0.14285714285714288,0.2142857142857143,0.07142857142857144,0.14285714285714282
3118,0.0,0.07142857142857144,0.07142857142857144,0.07142857142857144,0.0,0.0
3267,0.0,0.0,0.0,0.0,0.0,0.07142857142857141
3283,0.2857142857142857,0.2142857142857143,0.14285714285714285,0.14285714285714285,0.07142857142857142,0.21428571428571427
3290,0.2857142857142857,0.2142857142857143,0.0,0.07142857142857144,0.2142857142857143,0.2142857142857143
3292,0.0,0.0,0.0,0.07142857142857144,0.07142857142857144,0.2142857142857143
3319,0.07142857142857141,0.15476190476190474,0.07142857142857141,0.14285714285714285,0.14285714285714285,0.21428571428571427
3328,0.0,0.0,0.0,0.0,0.0,0.0
3338,0.2857142857142857,0.14285714285714285,0.2857142857142857,0.21428571428571427,0.49999999999999994,0.4285714285714286
3339,0.14285714285714285,0.14285714285714285,0.21428571428571425,0.07142857142857142,0.14285714285714285,0.2857142857142857
3344,0.0,0.07142857142857144,0.0,0.0,0.07142857142857144,0.07142857142857141
3348,0.2142857142857143,0.07142857142857141,0.0,0.14285714285714285,0.14285714285714285,0.2857142857142857
3370,0.0,0.0,0.0,0.0,0.0,0.0
3426,0.0,0.0,0.0,0.0,0.07142857142857144,0.07142857142857144
3431,0.0,0.07142857142857144,0.0,0.0,0.0,0.0
3443,0.28571428571428575,0.14285714285714285,0.14285714285714285,0.14285714285714285,0.2142857142857143,0.35714285714285715
3469,0.0,0.0,0.0,0.0,0.0,0.0
3481,0.0,0.0,0.14285714285714288,0.0,0.07142857142857144,0.0
3493,0.14285714285714288,0.0,0.14285714285714288,0.14285714285714288,0.07142857142857144,0.07142857142857144
3514,0.2857142857142857,0.35714285714285715,0.2142857142857143,0.14285714285714285,0.14285714285714285,0.07142857142857141
3528,0.21428571428571427,0.14285714285714285,0.16666666666666666,0.24999999999999997,0.0,0.14285714285714285
3538,0.14285714285714282,0.14285714285714288,0.28571428571428564,0.14285714285714285,0.42857142857142855,0.35714285714285715
3579,0.33333333333333337,0.46428571428571425,0.369047619047619,0.41666666666666663,0.5,0.49999999999999994
3618,0.4285714285714286,0.35714285714285715,0.35714285714285715,0.2142857142857143,0.5,0.35714285714285715
3620,0.49999999999999994,0.4285714285714286,0.4999999999999999,0.21428571428571427,0.5714285714285714,0.5
3639,0.08333333333333331,0.16666666666666666,0.1,0.24999999999999997,0.3,0.42857142857142855
3641,0.4285714285714286,0.42857142857142855,0.4285714285714286,0.35714285714285715,0.5,0.35714285714285715
3645,0.14285714285714285,0.14285714285714288,0.07142857142857144,0.07142857142857144,0.14285714285714288,0.14285714285714285
3649,0.14285714285714288,0.14285714285714285,0.14285714285714282,0.14285714285714285,0.14285714285714288,0.14285714285714285
3833,0.07142857142857141,0.25,0.10000000000000002,0.14285714285714285,0.21428571428571425,0.2857142857142857
3857,0.0,0.14285714285714285,0.0,0.2857142857142857,0.0,0.07142857142857141
3864,0.21428571428571427,0.21428571428571427,0.3571428571428571,0.21428571428571427,0.14285714285714285,0.21428571428571427
3936,0.8571428571428571,0.9285714285714285,0.75,0.7857142857142856,0.5714285714285714,0.7142857142857142
3937,0.2857142857142857,0.2857142857142857,0.3571428571428571,0.41666666666666663,0.14285714285714285,0.14285714285714285
3942,0.21428571428571425,0.2857142857142857,0.08333333333333333,0.21428571428571425,0.0,0.07142857142857141
3964,0.14285714285714288,0.0,0.07142857142857144,0.0,0.0,0.0
3966,0.25,0.2142857142857143,0.2,0.21428571428571425,0.14285714285714285,0.2857142857142857
3975,0.5714285714285714,0.35714285714285715,0.3571428571428571,0.42857142857142855,0.3571428571428571,0.4285714285714286
4117,0.07142857142857144,0.07142857142857144,0.0,0.07142857142857144,0.14285714285714285,0.07142857142857144
4146,0.07142857142857142,0.2142857142857143,0.07142857142857142,0.07142857142857142,0.14285714285714288,0.07142857142857144
4150,0.14285714285714285,0.14285714285714285,0.14285714285714285,0.0,0.35714285714285715,0.2857142857142857
4387,0.21428571428571427,0.14285714285714288,0.07142857142857141,0.07142857142857144,0.3571428571428571,0.14285714285714285
4410,0.14285714285714285,0.07142857142857144,0.2142857142857143,0.14285714285714285,0.14285714285714285,0.07142857142857144
4431,0.0,0.0,0.14285714285714288,0.07142857142857144,0.0,0.0
4454,0.0,0.0,0.0,0.0,0.0,0.0
4490,0.07142857142857144,0.0,0.0,0.0,0.0,0.07142857142857144
4497,0.49999999999999994,0.5714285714285714,0.49999999999999994,0.49999999999999994,0.49999999999999994,0.5
4510,0.5333333333333333,0.3571428571428571,0.2,0.30952380952380953,0.08333333333333333,0.30952380952380953
4519,0.42857142857142855,0.5,0.4166666666666667,0.3333333333333333,0.25,0.2857142857142857
4571,0.3333333333333333,0.48809523809523814,0.5,0.4166666666666667,0.41666666666666674,0.5
4573,0.25,0.3333333333333333,0.22500000000000003,0.5,0.2833333333333333,0.3333333333333333
4592,0.32142857142857145,0.3928571428571428,0.35714285714285715,0.35714285714285715,0.5714285714285714,0.3571428571428571
4594,0.09999999999999999,0.2,0.375,0.09999999999999999,0.15476190476190474,0.08333333333333331
4609,0.07142857142857144,0.0,0.0,0.0,0.0,0.0
4636,0.0,0.07142857142857144,0.07142857142857144,0.07142857142857144,0.0,0.07142857142857144
4671,0.07142857142857144,0.0,0.0,0.0,0.07142857142857141,0.14285714285714285
4817,0.3571428571428571,0.4285714285714286,0.07142857142857144,0.21428571428571427,0.07142857142857141,0.14285714285714285
4868,0.07142857142857144,0.07142857142857144,0.0,0.0,0.21428571428571425,0.07142857142857141
4874,0.07142857142857141,0.14285714285714288,0.14285714285714288,0.07142857142857144,0.14285714285714285,0.14285714285714288
5105,0.26666666666666666,0.07142857142857142,0.18333333333333332,0.0,0.07142857142857144,0.0
5130,0.07142857142857144,0.14285714285714285,0.07142857142857144,0.14285714285714288,0.14285714285714285,0.14285714285714285
5166,0.0,0.07142857142857142,0.07142857142857142,0.07142857142857142,0.2857142857142857,0.16666666666666669
5206,0.3571428571428571,0.07142857142857141,0.3571428571428571,0.4285714285714286,0.3571428571428571,0.5714285714285714
5225,0.07142857142857141,0.14285714285714285,0.07142857142857141,0.14285714285714282,0.14285714285714285,0.14285714285714285
5502,0.0,0.0,0.15476190476190477,0.22619047619047616,0.0,0.08333333333333331
5575,0.08333333333333334,0.15476190476190477,0.08333333333333333,0.07142857142857142,0.3333333333333333,0.07142857142857142
5580,0.0,0.0,0.0,0.0,0.0,0.0
5600,0.08333333333333331,0.15476190476190477,0.16666666666666669,0.08333333333333331,0.14285714285714285,0.14285714285714285
5609,0.0,0.0,0.0,0.0,0.0,0.0
5639,0.14285714285714285,0.14285714285714288,0.07142857142857144,0.14285714285714288,0.35714285714285715,0.21428571428571427
5641,0.0,0.14285714285714282,0.07142857142857144,0.07142857142857141,0.07142857142857141,0.14285714285714282
5642,0.2142857142857143,0.0,0.21428571428571427,0.14285714285714285,0.0,0.0
5680,0.07142857142857141,0.07142857142857144,0.14285714285714285,0.28571428571428575,0.14285714285714282,0.14285714285714285
5688,0.5,0.4761904761904762,0.5,0.41666666666666663,0.48809523809523814,0.5
5691,0.2857142857142857,0.07142857142857144,0.2857142857142857,0.0,0.2142857142857143,0.42857142857142855
5704,0.25,0.33333333333333337,0.24999999999999997,0.2857142857142857,0.3571428571428571,0.3571428571428571
5720,0.0,0.0,0.0,0.0,0.0,0.0
5725,0.0,0.0,0.25,0.08333333333333334,0.14285714285714285,0.08333333333333334
5730,0.0,0.0,0.0,0.0,0.0,0.0
5802,0.14285714285714285,0.0,0.07142857142857141,0.14285714285714288,0.14285714285714285,0.07142857142857141
5830,0.0,0.0,0.0,0.0,0.0,0.0
5856,0.07142857142857141,0.07142857142857141,0.14285714285714285,0.07142857142857141,0.07142857142857142,0.07142857142857142
5880,0.0,0.0,0.0,0.0,0.0,0.2142857142857143
5914,0.2142857142857143,0.07142857142857142,0.14285714285714285,0.07142857142857142,0.14285714285714288,0.14285714285714285
5951,0.19999999999999998,0.2,0.20000000000000004,0.20000000000000004,0.3571428571428571,0.21428571428571427
5986,0.07142857142857144,0.0,0.07142857142857144,0.07142857142857144,0.0,0.0
6218,0.14285714285714285,0.14285714285714285,0.2857142857142857,0.14285714285714285,0.2142857142857143,0.2142857142857143
6221,0.0,0.0,0.0,0.0,0.0,0.0
6228,0.0,0.0,0.0,0.0,0.0,0.0
6288,0.0,0.0,0.0,0.0,0.0,0.0
6304,0.2857142857142857,0.23809523809523814,0.08333333333333331,0.0,0.14285714285714288,0.07142857142857144
6306,0.0,0.0,0.0,0.07142857142857144,0.16666666666666663,0.14285714285714285
6337,0.5833333333333333,0.5714285714285714,0.5833333333333333,0.5714285714285714,0.5,0.42857142857142855
6403,0.42857142857142855,0.5,0.3571428571428571,0.42857142857142855,0.2857142857142857,0.35714285714285715
6407,0.0,0.0,0.07142857142857144,0.0,0.07142857142857141,0.07142857142857141
6440,0.0,0.0,0.0,0.0,0.0,0.0
6450,0.4166666666666667,0.4047619047619048,0.4761904761904762,0.42857142857142855,0.14285714285714285,0.14285714285714285
6499,0.2857142857142857,0.07142857142857141,0.14285714285714288,0.2857142857142857,0.0,0.07142857142857144
6524,0.0,0.0,0.0,0.0,0.0,0.0
6649,0.14285714285714288,0.07142857142857144,0.07142857142857141,0.07142857142857144,0.14285714285714288,0.07142857142857144
6696,0.0,0.14285714285714288,0.14285714285714282,0.21428571428571425,0.07142857142857144,0.0
6732,0.0,0.0,0.0,0.0,0.0,0.0
6761,0.14285714285714285,0.14285714285714288,0.07142857142857141,0.07142857142857142,0.0,0.0
6768,0.0,0.0,0.0,0.0,0.0,0.0
6789,0.4285714285714286,0.0,0.0,0.0,0.21428571428571425,0.0
6804,0.07142857142857144,0.2857142857142857,0.4285714285714285,0.07142857142857142,0.0,0.2142857142857143
6829,0.0,0.0,0.0,0.0,0.0,0.0
6848,0.0,0.0,0.0,0.0,0.0,0.0
6869,0.28571428571428575,0.14285714285714285,0.14285714285714285,0.14285714285714285,0.07142857142857144,0.07142857142857144
6938,0.07142857142857141,0.07142857142857144,0.08333333333333331,0.21428571428571425,0.14285714285714285,0.21428571428571425
6957,0.0,0.0,0.0,0.0,0.0,0.0
6997,0.21428571428571427,0.14285714285714285,0.2857142857142857,0.21428571428571425,0.07142857142857144,0.3571428571428571
7134,0.07142857142857144,0.07142857142857144,0.0,0.0,0.07142857142857144,0.21428571428571427
7147,0.4285714285714285,0.07142857142857142,0.14285714285714285,0.14285714285714285,0.07142857142857141,0.07142857142857144
7160,0.42857142857142855,0.14285714285714285,0.15476190476190477,0.29761904761904756,0.2261904761904762,0.21428571428571427
7164,0.0,0.0,0.0,0.0,0.0,0.0
7179,0.4285714285714285,0.3571428571428571,0.2857142857142857,0.35714285714285715,0.4285714285714285,0.3571428571428571
7180,0.2142857142857143,0.21428571428571427,0.2142857142857143,0.14285714285714285,0.4285714285714286,0.2857142857142857
7193,0.0,0.0,0.0,0.0,0.0,0.0
7198,0.7857142857142857,0.6428571428571428,0.5714285714285714,0.6428571428571428,0.7142857142857142,0.6428571428571428
7200,0.21428571428571427,0.14285714285714285,0.08333333333333331,0.2142857142857143,0.2857142857142857,0.14285714285714285
31015,0.0,0.0,0.0,0.14285714285714288,0.0,0.0
31060,0.0,0.0,0.0,0.0,0.0,0.0
31077,0.0,0.0,0.0,0.0,0.0,0.0
31089,0.14285714285714285,0.14285714285714285,0.07142857142857144,0.07142857142857144,0.2142857142857143,0.14285714285714285
31147,0.14285714285714285,0.2857142857142857,0.14285714285714288,0.21428571428571427,0.21428571428571427,0.14285714285714285
31154,0.14285714285714285,0.21428571428571427,0.23809523809523808,0.07142857142857142,0.14285714285714285,0.07142857142857142
31177,0.0,0.0,0.0,0.0,0.14285714285714285,0.0
31179,0.07142857142857142,0.2857142857142857,0.2857142857142857,0.07142857142857142,0.07142857142857141,0.14285714285714285
31181,0.35714285714285715,0.4285714285714285,0.2857142857142857,0.4285714285714285,0.07142857142857141,0.2857142857142857
31207,0.4285714285714285,0.42857142857142855,0.42857142857142855,0.5714285714285714,0.2857142857142857,0.35714285714285715
31234,0.2142857142857143,0.35714285714285715,0.14285714285714285,0.14285714285714285,0.2857142857142857,0.42857142857142855
31292,0.07142857142857141,0.0,0.14285714285714285,0.0,0.07142857142857144,0.21428571428571427
31313,0.49999999999999994,0.2857142857142857,0.35714285714285715,0.3571428571428571,0.3571428571428571,0.2857142857142857
31317,0.3571428571428571,0.4285714285714285,0.3571428571428571,0.4285714285714285,0.2142857142857143,0.3571428571428571
31346,0.07142857142857144,0.14285714285714288,0.14285714285714288,0.07142857142857142,0.0,0.07142857142857142
31378,0.2142857142857143,0.2142857142857143,0.2857142857142857,0.14285714285714285,0.07142857142857141,0.2142857142857143
31387,0.14285714285714285,0.14285714285714285,0.42857142857142855,0.21428571428571425,0.2857142857142857,0.2142857142857143
31398,0.5714285714285714,0.21428571428571427,0.5,0.2857142857142857,0.21428571428571427,0.2857142857142857
41082,0.0,0.0,0.07142857142857144,0.0,0.14285714285714285,0.07142857142857141
41208,0.14285714285714285,0.0,0.07142857142857141,0.0,0.07142857142857144,0.07142857142857144
41228,0.21428571428571427,0.2857142857142857,0.2857142857142857,0.2857142857142857,0.2142857142857143,0.35714285714285715
41239,0.0,0.0,0.0,0.0,0.0,0.0
41260,0.14285714285714285,0.14285714285714285,0.21428571428571427,0.14285714285714285,0.0,0.07142857142857141
41311,0.14285714285714285,0.14285714285714285,0.07142857142857144,0.14285714285714285,0.21428571428571427,0.3571428571428571
41378,0.0,0.0,0.0,0.0,0.0,0.0
41415,0.14285714285714285,0.2142857142857143,0.2142857142857143,0.2142857142857143,0.21428571428571427,0.21428571428571427
41548,0.14285714285714285,0.3571428571428571,0.14285714285714285,0.14285714285714288,0.07142857142857144,0.2857142857142857
41581,0.33333333333333326,0.5,0.24999999999999997,0.4166666666666667,0.3571428571428571,0.4285714285714285
41600,0.42857142857142855,0.42857142857142855,0.3571428571428571,0.3571428571428571,0.42857142857142855,0.4285714285714285
41606,0.0,0.07142857142857144,0.0,0.07142857142857144,0.14285714285714288,0.07142857142857144
41629,0.2142857142857143,0.14285714285714285,0.21428571428571427,0.2142857142857143,0.14285714285714285,0.2857142857142857
41641,0.07142857142857141,0.14285714285714285,0.21428571428571425,0.21428571428571425,0.2142857142857143,0.2857142857142857
41660,0.5,0.5,0.5,0.5714285714285714,0.5,0.5
41671,0.14285714285714285,0.0,0.21428571428571425,0.14285714285714285,0.07142857142857144,0.2857142857142857
41688,0.21428571428571427,0.35714285714285715,0.5714285714285714,0.42857142857142855,0.4285714285714286,0.4285714285714286
41722,0.14285714285714285,0.07142857142857141,0.2857142857142857,0.2857142857142857,0.2142857142857143,0.5
41744,0.4285714285714285,0.3571428571428571,0.2857142857142857,0.2857142857142857,0.2142857142857143,0.2857142857142857
41759,0.2142857142857143,0.2857142857142857,0.14285714285714285,0.2857142857142857,0.2142857142857143,0.2857142857142857
41789,0.14285714285714288,0.14285714285714288,0.14285714285714288,0.0,0.0,0.0
41791,0.07142857142857144,0.14285714285714285,0.14285714285714282,0.07142857142857144,0.14285714285714288,0.07142857142857144
41795,0.14285714285714285,0.2142857142857143,0.14285714285714285,0.3571428571428571,0.21428571428571425,0.3571428571428571
41840,0.21428571428571427,0.42857142857142855,0.14285714285714285,0.21428571428571425,0.14285714285714282,0.07142857142857141
41857,0.07142857142857141,0.07142857142857141,0.2142857142857143,0.14285714285714282,0.07142857142857144,0.07142857142857141
41862,0.2857142857142857,0.3571428571428571,0.2857142857142857,0.3571428571428571,0.42857142857142855,0.35714285714285715
51023,0.0,0.0,0.0,0.0,0.0,0.0
51054,0.07142857142857144,0.14285714285714285,0.21428571428571427,0.14285714285714285,0.14285714285714285,0.2857142857142857
51081,0.5,0.42857142857142855,0.42857142857142855,0.42857142857142855,0.7857142857142856,0.4285714285714285
51082,0.21428571428571427,0.14285714285714285,0.21428571428571427,0.2857142857142857,0.07142857142857142,0.14285714285714285
51236,0.0,0.0,0.0,0.0,0.0,0.0
51249,0.2857142857142857,0.2142857142857143,0.35714285714285715,0.2142857142857143,0.35714285714285715,0.2142857142857143
51258,0.2142857142857143,0.14285714285714285,0.42857142857142855,0.2142857142857143,0.2857142857142857,0.2142857142857143
51263,0.0,0.07142857142857144,0.07142857142857144,0.14285714285714288,0.0,0.14285714285714285
51275,0.21428571428571427,0.2857142857142857,0.2857142857142857,0.2857142857142857,0.14285714285714285,0.14285714285714282
51285,0.0,0.0,0.0,0.0,0.0,0.0
51329,0.21428571428571425,0.21428571428571425,0.2142857142857143,0.07142857142857141,0.2857142857142857,0.14285714285714285
51577,0.2857142857142857,0.2857142857142857,0.2857142857142857,0.3571428571428571,0.2857142857142857,0.3571428571428571
51593,0.35714285714285715,0.2857142857142857,0.0,0.07142857142857141,0.07142857142857141,0.2142857142857143
51598,0.3571428571428571,0.2857142857142857,0.2857142857142857,0.2857142857142857,0.3571428571428571,0.3571428571428571
51632,0.14285714285714288,0.14285714285714288,0.07142857142857144,0.14285714285714282,0.0,0.07142857142857144
51653,0.2142857142857143,0.0,0.14285714285714285,0.0,0.0,0.07142857142857144
51688,0.0,0.0,0.0,0.0,0.14285714285714288,0.07142857142857144
51705,0.14285714285714288,0.14285714285714288,0.07142857142857144,0.0,0.0,0.0
51710,0.0,0.0,0.0,0.14285714285714288,0.0,0.07142857142857142
51713,0.0,0.0,0.07142857142857144,0.07142857142857144,0.0,0.0
51792,0.0,0.2857142857142857,0.07142857142857144,0.0,0.14285714285714288,0.21428571428571425
51835,0.07142857142857141,0.07142857142857141,0.0,0.07142857142857141,0.0,0.07142857142857141
51837,0.07142857142857142,0.2142857142857143,0.14285714285714288,0.14285714285714285,0.4285714285714286,0.21428571428571427
51882,0.5,0.6666666666666666,0.5833333333333334,0.6428571428571429,0.2857142857142857,0.21428571428571427
51929,0.14285714285714285,0.2142857142857143,0.07142857142857142,0.07142857142857142,0.2142857142857143,0.2142857142857143
51945,0.14285714285714285,0.21428571428571425,0.2857142857142857,0.14285714285714285,0.14285714285714285,0.21428571428571425
51946,0.0,0.14285714285714282,0.07142857142857144,0.0,0.07142857142857142,0.07142857142857142
51953,0.0,0.07142857142857144,0.07142857142857144,0.07142857142857144,0.0,0.0
51962,0.07142857142857141,0.07142857142857141,0.07142857142857141,0.14285714285714288,0.07142857142857144,0.14285714285714285
52029,0.35714285714285715,0.07142857142857144,0.35714285714285715,0.07142857142857144,0.28571428571428564,0.2857142857142857
52046,0.0,0.0,0.0,0.0,0.0,0.0
52050,0.0,0.0,0.0,0.0,0.0,0.0
52051,0.0,0.0,0.0,0.0,0.0,0.0
52077,0.0,0.0,0.0,0.0,0.0,0.0
52102,0.2142857142857143,0.2142857142857143,0.2857142857142857,0.08333333333333334,0.08333333333333333,0.15476190476190474
52157,0.0,0.0,0.0,0.0,0.0,0.0
52176,0.24999999999999997,0.24999999999999997,0.33333333333333326,0.3333333333333333,0.3571428571428571,0.2857142857142857
52184,0.07142857142857144,0.07142857142857144,0.14285714285714285,0.14285714285714285,0.07142857142857144,0.14285714285714285
52217,0.0,0.0,0.0,0.0,0.0,0.0
52225,0.0,0.0,0.0,0.0,0.0,0.0
52289,0.07142857142857144,0.07142857142857144,0.0,0.0,0.07142857142857141,0.14285714285714282
52316,0.08333333333333331,0.0,0.0,0.15476190476190474,0.14285714285714288,0.14285714285714285
52338,0.35714285714285715,0.2857142857142857,0.21428571428571427,0.2857142857142857,0.4285714285714285,0.4285714285714285
52365,0.08333333333333334,0.14285714285714282,0.16666666666666669,0.24999999999999997,0.14285714285714285,0.14285714285714285
52369,0.14285714285714282,0.07142857142857144,0.2261904761904762,0.07142857142857144,0.14285714285714288,0.07142857142857144
52371,0.33333333333333337,0.38095238095238093,0.5,0.49999999999999994,0.7142857142857142,0.7142857142857142
52373,0.07142857142857144,0.14285714285714285,0.07142857142857144,0.14285714285714285,0.07142857142857144,0.07142857142857144
52398,0.0,0.07142857142857141,0.16666666666666663,0.2857142857142857,0.07142857142857144,0.07142857142857144
52434,0.14285714285714285,0.2142857142857143,0.35714285714285715,0.42857142857142855,0.2857142857142857,0.42857142857142855
52441,0.5,0.4761904761904762,0.5,0.4761904761904762,0.47619047619047616,0.5
52448,0.35714285714285715,0.14285714285714285,0.2142857142857143,0.5,0.14285714285714285,0.35714285714285715
52458,0.14285714285714282,0.0,0.07142857142857144,0.14285714285714285,0.14285714285714288,0.21428571428571425
52501,0.0,0.0,0.14285714285714285,0.21428571428571427,0.07142857142857142,0.07142857142857142
52520,0.14285714285714285,0.14285714285714285,0.14285714285714285,0.07142857142857144,0.2142857142857143,0.07142857142857144
52550,0.4285714285714286,0.42857142857142855,0.5,0.35714285714285715,0.4285714285714286,0.4285714285714286
52584,0.7,0.6071428571428571,0.6428571428571428,0.5238095238095237,0.7857142857142856,0.8571428571428572
52591,0.14285714285714285,0.07142857142857144,0.14285714285714285,0.07142857142857144,0.14285714285714285,0.14285714285714285
52596,0.42857142857142855,0.21428571428571427,0.5,0.5714285714285714,0.5714285714285714,0.49999999999999994
52598,0.5714285714285714,0.5,0.5,0.5,0.5714285714285714,0.5714285714285714
52614,0.14285714285714285,0.15476190476190477,0.16666666666666669,0.25,0.21428571428571425,0.07142857142857141
52625,0.35714285714285715,0.4285714285714286,0.3333333333333333,0.35714285714285715,0.2857142857142857,0.25
52626,0.3571428571428571,0.2857142857142857,0.42857142857142855,0.2857142857142857,0.07142857142857141,0.07142857142857141
52635,0.5,0.5,0.49999999999999994,0.5,0.49999999999999994,0.4285714285714286
52645,0.21428571428571427,0.3571428571428571,0.14285714285714285,0.14285714285714285,0.2857142857142857,0.2857142857142857
52658,0.21428571428571425,0.21428571428571425,0.21428571428571425,0.42857142857142855,0.21428571428571427,0.5714285714285714
52679,0.07142857142857144,0.14285714285714285,0.14285714285714285,0.14285714285714285,0.0,0.14285714285714288
52709,0.45,0.380952380952381,0.33333333333333337,0.380952380952381,0.42857142857142855,0.4285714285714285
52768,0.7142857142857143,0.7142857142857143,0.48809523809523814,0.7142857142857142,0.8571428571428572,0.6428571428571428
52777,0.4285714285714285,0.14285714285714285,0.14285714285714285,0.2857142857142857,0.2142857142857143,0.14285714285714285
52784,0.0,0.07142857142857144,0.07142857142857144,0.21428571428571427,0.14285714285714288,0.2142857142857143
52822,0.0,0.0,0.0,0.14285714285714285,0.07142857142857144,0.0
52823,0.0,0.0,0.14285714285714285,0.14285714285714288,0.07142857142857144,0.07142857142857144
52828,0.38095238095238093,0.2857142857142857,0.3571428571428571,0.25,0.3571428571428571,0.42857142857142855
52829,0.35,0.2857142857142857,0.5,0.2857142857142857,0.3571428571428571,0.2857142857142857
52833,0.6190476190476191,0.7857142857142857,0.30952380952380953,0.5,0.7857142857142856,0.6428571428571428
52859,0.5714285714285714,0.6428571428571428,0.42857142857142855,0.3571428571428571,0.3571428571428571,0.3571428571428571
52860,0.14285714285714285,0.42857142857142855,0.5,0.4285714285714286,0.2857142857142857,0.2857142857142857
52866,0.2857142857142857,0.42857142857142855,0.14285714285714285,0.14285714285714285,0.2857142857142857,0.2857142857142857
52895,0.0,0.0,0.07142857142857144,0.0,0.0,0.0
61021,0.5,0.5,0.3571428571428571,0.2142857142857143,0.2857142857142857,0.2142857142857143
61031,0.07142857142857142,0.2142857142857143,0.14285714285714285,0.2142857142857143,0.14285714285714285,0.07142857142857144
61055,0.5,0.6428571428571428,0.49999999999999994,0.5,0.42857142857142855,0.5
61071,0.2857142857142857,0.21428571428571425,0.14285714285714282,0.2142857142857143,0.3571428571428571,0.14285714285714288
61094,0.21428571428571427,0.3571428571428571,0.22619047619047616,0.25,0.3571428571428571,0.3571428571428571
61099,0.14285714285714285,0.2857142857142857,0.3571428571428571,0.42857142857142855,0.2857142857142857,0.2142857142857143
61101,0.5595238095238095,0.7023809523809523,0.5714285714285714,0.47619047619047616,0.7738095238095237,0.6428571428571428
