text_id,pool_key,directional_cosine
21,author_relevant,0.7810303474663332
2105,author_relevant,0.9408963812900404
2142,author_independent,-0.2886751345948129
2143,unambiguous,0.3592106040535497
2161,author_independent,0.4556203446240692
2168,author_relevant,0.8164965809277261
2172,author_relevant,0.1091089451179962
2182,author_relevant,0.0
2187,author_relevant,0.946494867689314
2198,author_relevant,-0.7559289460184546
2211,unambiguous,0.3024198813838809
2212,author_relevant,-2.528266479777373e-16
2213,author_relevant,-0.4240944648399855
2218,author_relevant,0.8264936298002317
2224,author_relevant,0.4751644452187055
2228,author_independent,0.0781530955588838
253,author_relevant,0.3821424709645591
272,author_independent,-0.5388159060803246
281,author_independent,1.0
31015,unambiguous,-0.1503292056005661
3107,author_independent,0.6335525936249403
31089,unambiguous,0.6335229682902993
31147,author_relevant,0.0144518328254021
31154,author_relevant,-0.2944934036865744
3117,author_relevant,0.9948497511671096
31177,author_independent,-0.1572427255082877
31179,author_independent,0.3535533905932738
3118,unambiguous,0.4999999999999998
31181,author_relevant,0.8541680031864303
31207,author_relevant,-0.2439693456527445
31234,author_relevant,-0.7086833868923013
31292,unambiguous,-0.4330127018922193
31313,author_relevant,0.3985405706652277
31317,author_relevant,-0.1697284733839655
31346,author_relevant,-0.5677749739576687
31378,author_relevant,0.2789280012396006
31387,author_relevant,0.2564828703215624
31398,author_relevant,-0.2864513822909866
315,unambiguous,0.8062257748298547
3267,author_independent,0.9185586535436918
3283,author_independent,-0.0062871946452478
3290,author_relevant,0.0919462140612285
3292,unambiguous,-0.2574133004434965
3319,author_independent,0.4173053474554983
3338,author_independent,-0.4259259259259259
3339,author_independent,0.5494912549526211
3344,unambiguous,0.8660254037844386
3348,author_relevant,0.3210938907921763
3426,unambiguous,0.7377253439645222
3431,unambiguous,0.5000000000000002
3443,unambiguous,-0.4999999999999999
3481,author_independent,-0.8164965809277263
3493,author_independent,-0.902893898143269
3514,author_independent,0.5163977794943222
3528,author_relevant,0.012475657231036
3538,author_relevant,0.93130474059547
3579,author_relevant,0.4315751525231321
3618,author_relevant,0.9300881856003071
3620,unambiguous,0.494418345702715
3639,author_independent,0.7468503745316222
3641,author_relevant,-0.6431929243325684
3645,author_independent,-0.3779644730092273
3649,author_independent,-1.0
378,author_relevant,0.8660254037844386
3833,author_independent,-0.0102852575464593
3857,unambiguous,0.3629330931556489
3864,author_independent,0.0304572451936586
387,unambiguous,-0.0689149631379176
3936,author_independent,-0.040434072275541
3937,unambiguous,-0.1037666188007841
3942,unambiguous,-0.6939079919121283
3964,author_independent,0.6123724356957948
3966,unambiguous,-0.8672905183466117
3975,author_relevant,-0.4515512596444095
41082,unambiguous,-0.4522670168666453
4117,author_independent,-0.5547001962252291
41208,author_independent,-0.5
41228,unambiguous,5.887846720064157e-17
41260,author_independent,0.3779644730092272
41311,author_independent,0.3692744729379981
414,author_independent,0.5669467095138411
41415,author_independent,0.086802506580212
4146,unambiguous,-0.780398972571708
4150,unambiguous,-0.3612958206350501
41548,author_relevant,0.7118684968143743
41581,author_relevant,-0.4735324618662218
41600,author_relevant,0.73997225156084
41606,author_relevant,-0.654653670707977
41629,author_relevant,0.1687631851389035
41641,unambiguous,-0.8575365629190411
41660,author_relevant,0.563989628324983
41671,author_relevant,-0.3900540496339355
41688,unambiguous,0.4454354031873738
41722,author_relevant,0.6398294015696735
41744,author_relevant,-0.7559289460184544
41759,author_relevant,0.1540964297798833
41789,unambiguous,-0.7637626158259736
41791,author_independent,0.4629100498862759
41795,author_independent,0.8028877040955215
41840,author_independent,0.047457899787625
41857,author_independent,-0.3100868364730211
41862,author_relevant,-0.1508291021972057
437,unambiguous,-0.8660254037844389
4387,author_independent,0.7905694150420949
441,author_relevant,0.7124487123546213
4410,author_independent,0.9000000000000001
4431,unambiguous,0.566946709513841
4490,unambiguous,0.3535533905932738
4497,unambiguous,0.4905936194443117
4510,author_independent,-0.8232095756170058
4519,unambiguous,0.9067856475937104
4571,author_relevant,0.0685876536859378
4573,author_relevant,-0.7206911685843027
458,unambiguous,0.7129921162475112
4592,author_relevant,0.8834477114802106
4594,author_independent,0.2236067977499789
4609,author_independent,-0.8798826901281195
4671,author_independent,-0.3418817293789138
476,author_independent,0.9449111825230682
4817,author_independent,0.9766561553865118
4868,author_independent,-0.4490132550669372
4874,unambiguous,0.8651809126974003
494,author_independent,0.2415229457698239
5105,author_relevant,0.8565647611324375
51054,author_relevant,-0.8013876853447538
51081,author_relevant,0.6424256661034803
51082,author_independent,0.8973334379747845
51249,unambiguous,0.4475895075109269
51263,author_independent,0.2500000000000001
51275,author_relevant,0.889127947990524
5130,author_independent,0.4999999999999998
51329,author_relevant,-1.0
51577,author_independent,0.5439739300211318
51593,unambiguous,-0.2830692585361489
51598,author_relevant,0.6933752452815365
51632,unambiguous,0.0610847221781527
5166,unambiguous,-0.5457051563317492
51688,unambiguous,-0.5000000000000001
51705,author_independent,0.6546536707079772
51710,unambiguous,-0.5999999999999998
51792,unambiguous,-0.5
51835,author_independent,-0.875
51837,unambiguous,-0.9948497511671096
51882,author_independent,0.1697033466077855
51929,author_independent,0.4999999999999997
51945,author_independent,0.3694984793116099
51946,author_independent,0.6708203932499367
51953,unambiguous,-0.7559289460184546
51962,author_relevant,-0.9819805060619656
52029,unambiguous,0.9584232173801048
5206,author_independent,-0.3888091168082774
521,author_independent,-0.1321947340784875
52102,unambiguous,0.5471057969110602
52176,author_independent,-0.2828317312744436
52184,unambiguous,0.5669467095138409
52289,author_independent,0.4385290096535143
52316,author_relevant,0.3515088680947589
52338,author_relevant,0.2813001693910114
52365,author_relevant,0.5996709037335042
52369,author_relevant,0.2908284617963906
52371,author_relevant,0.3165908486766743
52373,author_relevant,0.7559289460184544
52398,unambiguous,0.2841082342862273
52434,author_relevant,0.8108226563707698
52441,author_relevant,0.6549391708958252
52448,unambiguous,-0.5099571146581211
52458,author_relevant,0.6591600553808047
52501,unambiguous,0.3333333333333332
52520,author_relevant,-0.7559289460184545
52550,author_relevant,-0.1826407164237361
52584,author_relevant,-0.1301331567413323
52591,author_relevant,-0.4664981049561839
52596,author_relevant,-0.5483728664994292
52598,author_relevant,0.0865375555038957
52614,author_independent,-0.4355293708113837
52625,author_relevant,-0.8329509826211512
52626,author_relevant,-0.4885042104591973
52635,author_relevant,0.8123761224891142
52645,author_relevant,0.0180274225392528
52658,author_relevant,0.2963366414172921
52679,author_independent,0.2090605025017722
52709,author_relevant,-0.5878064645944223
52768,author_relevant,0.6612666291037842
52777,author_independent,0.5057694217035738
52784,author_relevant,-0.5000000000000001
52822,unambiguous,4.582580475745506e-17
52823,author_independent,0.5686384028992711
52828,author_relevant,-0.3145616780803033
52829,author_relevant,-0.1415277588701286
52833,unambiguous,-0.7470039667399295
52859,author_relevant,-0.0225811151165472
52860,unambiguous,0.2955964116670062
52866,author_relevant,0.5505656592713465
52895,author_relevant,-0.2538365412834049
5502,unambiguous,0.4307239084454201
553,author_independent,-0.408248290463863
5575,author_relevant,0.0886571809580144
5600,author_independent,0.4999999999999999
5639,author_relevant,0.288675134594813
5642,author_relevant,-0.7745966692414833
5680,unambiguous,0.8980265101338746
5688,author_independent,0.5604355534561907
5691,author_independent,0.5669467095138409
5704,unambiguous,0.5112586391009967
5725,author_independent,0.6070521308765356
5802,author_independent,0.0868264110808702
5856,unambiguous,-0.3200921998322399
588,author_independent,-0.8660254037844387
5880,unambiguous,0.5000000000000001
5914,unambiguous,0.9962709627734356
594,author_independent,0.7770286898858116
5951,author_independent,-0.4308317632453009
5986,unambiguous,0.855186110494137
61021,author_relevant,0.449570013000555
61031,unambiguous,-1.7846586916075556e-16
61055,author_relevant,-0.2049262078314241
61071,unambiguous,0.9179126545562908
61094,author_independent,0.4228763213564998
61099,unambiguous,-0.6214432211998806
61101,author_relevant,-0.4154534495953916
612,unambiguous,0.1643167672515499
6218,author_relevant,0.7269604724271659
623,author_independent,-0.7027819284987248
6304,author_independent,-0.5342072242964953
6306,author_independent,-0.0735214622093809
6337,author_relevant,-0.4179879338795581
6403,author_independent,0.1968757810639131
6407,author_relevant,0.3333333333333333
641,unambiguous,0.5669467095138412
6450,author_independent,0.6242779974875673
6499,author_independent,0.8660254037844387
657,author_independent,-0.6625159403641097
6649,author_independent,0.6820482925847126
6696,author_independent,-0.2773500981126146
6761,unambiguous,-0.2800560168056021
6789,unambiguous,-0.6324555320336759
6804,author_independent,0.4476797503679892
6869,author_independent,-0.4175513013795058
6938,author_relevant,0.521380234951029
6997,unambiguous,0.7042952122737639
7134,unambiguous,0.5345224838248488
7147,author_independent,0.371695970837514
7160,author_relevant,0.7283177811916179
7179,author_independent,-0.5407575913134987
7180,author_independent,0.8125143941608436
7198,author_relevant,0.9317026886431032
7200,author_relevant,0.0
783,unambiguous,0.8660254037844384
825,author_relevant,0.5279767027724027
922,author_independent,-0.7858252779857412
99,author_relevant,0.6713060174670887
