text_id,tv_distance,entropy_change,max_probability_change,support_size_change,n_persona_sides,pool_key
21,0.6666666666666666,0.0,0.0,0.0,2,author_relevant
2105,0.5,-0.0370895118380022,0.04166666666666665,0.0,2,author_relevant
2142,0.3333333333333333,-0.3182570841474064,0.16666666666666666,-0.5,2,author_independent
2143,0.25,0.20160330127255255,-0.0833333333333333,0.5,2,unambiguous
2161,0.5833333333333334,0.41080630111821825,-0.21666666666666662,1.0,2,author_independent
2163,0.3333333333333333,-0.6365141682948128,0.3333333333333333,-1.0,2,unambiguous
2168,0.5,0.8675632284814612,-0.5,1.5,2,author_relevant
2172,0.5,-0.087208023960758,0.0,0.0,2,author_relevant
2182,0.6666666666666666,-0.2310490601866484,0.16666666666666666,-0.5,2,author_relevant
2187,0.6666666666666666,0.1939595483486462,-0.125,0.5,2,author_relevant
2198,0.5,0.4620981203732968,-0.3333333333333333,1.0,2,author_relevant
2211,0.6666666666666666,-0.087208023960758,0.0,0.0,2,unambiguous
2212,0.6666666666666667,-0.087208023960758,0.0,0.0,2,author_relevant
2213,0.5416666666666666,-0.11665378287485384,0.08333333333333336,0.0,2,author_relevant
2218,0.8333333333333334,1.0986122886681096,-0.6666666666666667,2.0,2,author_relevant
2224,0.6666666666666666,0.2310490601866484,-0.16666666666666666,0.5,2,author_relevant
2228,0.6666666666666666,0.0,0.0,0.0,2,author_independent
249,0.5416666666666666,0.3748900964125389,-0.2083333333333333,1.0,2,author_independent
253,0.8333333333333333,0.6059391565991873,-0.37499999999999994,1.5,2,author_relevant
272,0.16666666666666666,0.3182570841474064,-0.16666666666666666,0.5,2,author_independent
276,0.2666666666666666,0.15687818546921095,-0.0333333333333333,0.5,2,author_independent
281,0.5,0.6365141682948128,-0.3333333333333333,1.0,2,author_independent
287,0.6666666666666666,-0.087208023960758,0.0,0.0,2,unambiguous
31015,0.8333333333333333,0.1939595483486462,-0.125,0.5,2,unambiguous
31060,0.5,0.2310490601866484,-0.16666666666666666,0.5,2,unambiguous
3107,0.5,0.0,0.0,0.0,2,author_independent
31077,0.3333333333333333,0.6365141682948128,-0.3333333333333333,1.0,2,unambiguous
31089,0.75,0.6648306744273791,-0.41666666666666663,1.0,2,unambiguous
31147,0.5,-0.7520386983881369,0.4166666666666667,-1.5,2,author_relevant
31154,0.5,-0.0294457589140958,0.0833333333333333,0.0,2,author_relevant
3117,0.8333333333333333,-0.28994057801484013,0.08333333333333336,-0.5,2,author_relevant
31177,0.6666666666666666,-0.4620981203732968,0.3333333333333333,-1.0,2,author_independent
31179,0.6666666666666666,0.2310490601866484,-0.16666666666666666,0.5,2,author_independent
3118,0.3333333333333333,-0.087208023960758,0.0,0.0,2,unambiguous
31181,0.7333333333333334,1.354025100551105,-0.7333333333333334,3.0,2,author_relevant
31207,0.6666666666666667,0.8675632284814612,-0.5,1.5,2,author_relevant
31234,0.5666666666666667,0.3478324359576548,-0.1333333333333333,1.0,2,author_relevant
31292,0.8333333333333333,0.2310490601866484,-0.16666666666666666,0.5,2,unambiguous
31313,0.41666666666666663,0.20160330127255255,-0.0833333333333333,0.5,2,author_relevant
31317,0.3666666666666666,0.5788814961443032,-0.29999999999999993,1.5,2,author_relevant
31346,0.3333333333333333,-0.087208023960758,0.0,0.0,2,author_relevant
31378,0.3333333333333333,0.0,0.0,0.0,2,author_relevant
31387,0.8333333333333333,0.4620981203732968,-0.3333333333333333,1.0,2,author_relevant
31398,1.0,0.6503301315665894,-0.28571428571428564,2.0,2,author_relevant
315,0.5,0.4620981203732968,-0.3333333333333333,1.0,2,unambiguous
3267,1.0,0.5493061443340548,-0.33333333333333337,1.0,2,author_independent
3283,1.0,0.4620981203732968,-0.3333333333333333,1.0,2,author_independent
3290,0.5,0.1939595483486462,-0.125,0.5,2,author_relevant
3292,0.2,0.15687818546921095,-0.0333333333333333,0.5,2,unambiguous
3319,0.33333333333333337,0.5493061443340548,-0.33333333333333337,1.0,2,author_independent
3328,0.8333333333333333,-0.087208023960758,0.0,0.0,2,unambiguous
3338,0.6666666666666666,-0.4620981203732968,0.3333333333333333,-1.0,2,author_independent
3339,0.5,0.2310490601866484,-0.16666666666666666,0.5,2,author_independent
3344,0.5,-0.3182570841474064,0.16666666666666666,-0.5,2,unambiguous
3348,0.8333333333333333,0.2310490601866484,-0.16666666666666666,0.5,2,author_relevant
3370,0.7333333333333334,0.3478324359576548,-0.1333333333333333,1.0,2,author_independent
340,0.3333333333333333,0.752038698388137,-0.3333333333333333,1.5,2,unambiguous
3426,0.8333333333333334,1.0691665297540138,-0.5833333333333334,2.0,2,unambiguous
3431,0.125,0.28116757230940415,-0.125,0.5,2,unambiguous
3443,0.16666666666666666,-0.3182570841474064,0.16666666666666666,-0.5,2,unambiguous
3469,0.0,0.0,0.0,0.0,2,unambiguous
3481,0.3333333333333333,0.2310490601866484,-0.16666666666666666,0.5,2,author_independent
3493,0.5,-0.0370895118380022,0.04166666666666665,0.0,2,author_independent
3514,1.0,0.2310490601866484,-0.16666666666666666,0.5,2,author_independent
3528,0.5,0.2310490601866484,-0.16666666666666666,0.5,2,author_relevant
3538,0.5416666666666666,0.5994246564568105,-0.29166666666666663,1.0,2,author_relevant
3579,0.5,-0.3182570841474064,0.16666666666666666,-0.5,2,author_relevant
3618,0.4583333333333333,0.7451409898531114,-0.3333333333333333,1.5,2,author_relevant
3620,0.5416666666666666,0.20160330127255255,-0.0833333333333333,0.5,2,unambiguous
3639,0.3333333333333333,-0.2027325540540822,0.16666666666666666,0.0,2,author_independent
3641,0.7333333333333334,-0.5301539927516092,0.4,-1.0,2,author_relevant
3645,0.6666666666666666,0.2310490601866484,-0.16666666666666666,0.5,2,author_independent
3649,0.5333333333333334,0.6547629176520346,-0.3666666666666667,1.0,2,author_independent
378,0.3333333333333333,0.2310490601866484,-0.16666666666666666,0.5,2,author_relevant
3833,0.3333333333333333,0.6365141682948128,-0.3333333333333333,1.0,2,author_independent
3857,0.5,0.0,0.0,0.0,2,unambiguous
3864,0.5,-0.499187632211299,0.375,-1.0,2,author_independent
387,0.75,0.3748900964125389,-0.2083333333333333,1.0,2,unambiguous
3936,0.6666666666666666,0.0,0.0,0.0,2,author_independent
3937,0.37499999999999994,0.43265236145920094,-0.24999999999999994,1.0,2,unambiguous
3942,0.5416666666666666,1.0114042647073518,-0.5416666666666666,2.0,2,unambiguous
3964,0.3,0.6660895201050612,-0.3,1.5,2,author_independent
3966,0.4666666666666666,0.4402520600323141,-0.29999999999999993,1.0,2,unambiguous
3975,0.6666666666666666,-0.26813857202465063,0.20833333333333334,-0.5,2,author_relevant
41082,0.8333333333333333,0.4620981203732968,-0.3333333333333333,1.0,2,unambiguous
4117,0.16666666666666666,-0.3182570841474064,0.16666666666666666,-0.5,2,author_independent
41208,0.3333333333333333,-0.087208023960758,0.0,0.0,2,author_independent
41228,0.5,-0.2310490601866484,0.16666666666666666,-0.5,2,unambiguous
41239,0.0,0.0,0.0,0.0,2,unambiguous
41260,0.6666666666666666,0.0,0.0,0.0,2,author_independent
41311,0.3333333333333333,0.2310490601866484,-0.16666666666666666,0.5,2,author_independent
41378,0.6666666666666666,0.8675632284814612,-0.5,1.5,2,unambiguous
414,0.6666666666666667,-0.6365141682948128,0.3333333333333333,-1.0,2,author_independent
41415,0.41666666666666663,-0.11665378287485384,0.08333333333333336,0.0,2,author_independent
4146,0.24999999999999994,0.25936556631921465,-0.24999999999999994,0.5,2,unambiguous
4150,0.6666666666666667,-0.7803552045207032,0.5,-1.5,2,unambiguous
41548,0.5,-0.4620981203732968,0.3333333333333333,-1.0,2,author_relevant
41581,0.5,0.4620981203732968,-0.3333333333333333,1.0,2,author_relevant
41600,0.4,0.5788814961443032,-0.29999999999999993,1.5,2,author_relevant
41606,0.20833333333333331,-0.0370895118380022,0.04166666666666665,0.0,2,author_relevant
41629,0.3333333333333333,-0.087208023960758,0.0,0.0,2,author_relevant
41641,0.3333333333333333,0.0,0.0,0.0,2,unambiguous
41660,1.0,0.4620981203732968,-0.3333333333333333,1.0,2,author_relevant
41671,0.5416666666666666,0.43265236145920094,-0.24999999999999994,1.0,2,author_relevant
41688,0.8333333333333333,-0.2310490601866484,0.16666666666666666,-0.5,2,unambiguous
41722,0.5,-0.7803552045207032,0.5,-1.5,2,author_relevant
41744,0.6666666666666666,0.0,0.0,0.0,2,author_relevant
41759,0.7333333333333334,0.7175109322562923,-0.39999999999999997,2.0,2,author_relevant
41789,0.3333333333333333,0.6365141682948128,-0.3333333333333333,1.0,2,unambiguous
41791,0.6666666666666666,0.2310490601866484,-0.16666666666666666,0.5,2,author_independent
41795,0.37499999999999994,-0.26813857202465063,0.20833333333333334,-0.5,2,author_independent
41840,0.6666666666666667,-1.0986122886681096,0.6666666666666667,-2.0,2,author_independent
41857,0.6666666666666666,-0.2310490601866484,0.16666666666666666,-0.5,2,author_independent
41862,0.5416666666666666,-0.26813857202465063,0.20833333333333334,-0.5,2,author_relevant
437,0.25,0.519860385419959,-0.25,1.0,2,unambiguous
4387,0.6666666666666666,0.2310490601866484,-0.16666666666666666,0.5,2,author_independent
441,1.0,0.8381174695673654,-0.41666666666666663,1.5,2,author_relevant
4410,1.0,0.3182570841474064,-0.16666666666666666,0.5,2,author_independent
4431,0.125,0.28116757230940415,-0.125,0.5,2,unambiguous
4454,0.43333333333333335,0.7995073561031487,-0.43333333333333335,1.5,2,unambiguous
4490,0.6666666666666666,0.2310490601866484,-0.16666666666666666,0.5,2,unambiguous
4497,0.6666666666666666,0.02831650613256625,-0.0833333333333333,0.0,2,unambiguous
4510,0.875,0.20160330127255255,-0.0833333333333333,0.5,2,author_independent
4519,0.5,0.8010279577293632,-0.375,1.5,2,unambiguous
4571,0.8333333333333333,0.2310490601866484,-0.16666666666666666,0.5,2,author_relevant
4573,0.8333333333333333,-0.087208023960758,0.0,0.0,2,author_relevant
458,0.5833333333333333,0.3748900964125389,-0.2083333333333333,1.0,2,unambiguous
4592,0.6666666666666666,0.8675632284814612,-0.5,1.5,2,author_relevant
4594,0.5,0.0,0.0,0.0,2,author_independent
4609,0.7083333333333334,1.242453324894,-0.7083333333333334,2.5,2,author_independent
4636,0.5952380952380951,0.6503301315665894,-0.28571428571428564,2.0,2,author_independent
4671,0.4,-0.0741708747174374,0.1333333333333333,0.0,2,author_independent
476,0.6666666666666666,0.0,0.0,0.0,2,author_independent
481,0.16666666666666666,0.3182570841474064,-0.16666666666666666,0.5,2,unambiguous
4817,0.29166666666666663,-0.11665378287485384,0.08333333333333336,0.0,2,author_independent
4868,0.29166666666666663,0.43265236145920094,-0.24999999999999994,1.0,2,author_independent
4874,0.5,0.8675632284814612,-0.5,1.5,2,unambiguous
494,0.5,-0.087208023960758,0.0,0.0,2,author_independent
51023,0.5666666666666667,-0.3052199349040858,0.29999999999999993,-0.5,2,author_independent
5105,0.6666666666666666,0.4620981203732968,-0.3333333333333333,1.0,2,author_relevant
51054,0.8333333333333333,0.6059391565991873,-0.37499999999999994,1.5,2,author_relevant
51081,0.6666666666666666,0.0,0.0,0.0,2,author_relevant
51082,1.0,0.16299318780833594,-0.09999999999999996,0.5,2,author_independent
51236,0.0,0.0,0.0,0.0,2,unambiguous
51249,0.41666666666666663,0.6648306744273791,-0.41666666666666663,1.0,2,unambiguous
51258,0.0,0.0,0.0,0.0,2,unambiguous
51263,0.5,0.4620981203732968,-0.3333333333333333,1.0,2,author_independent
51275,0.875,-0.3553465959854086,0.20833333333333331,-0.5,2,author_relevant
51285,0.5,-0.0741708747174374,0.1333333333333333,0.0,2,author_independent
5130,0.16666666666666666,0.0,0.0,0.0,2,author_independent
51329,0.16666666666666666,0.3182570841474064,-0.16666666666666666,0.5,2,author_relevant
51577,0.7083333333333333,0.20160330127255255,-0.0833333333333333,0.5,2,author_independent
51593,0.5416666666666666,0.3748900964125389,-0.2083333333333333,1.0,2,unambiguous
51598,0.6666666666666666,-0.3182570841474064,0.16666666666666666,-0.5,2,author_relevant
51632,0.3666666666666667,-0.16137889867819544,0.13333333333333336,0.0,2,unambiguous
51653,0.0,0.0,0.0,0.0,2,author_relevant
5166,0.5,-0.2310490601866484,0.16666666666666666,-0.5,2,unambiguous
51688,0.16666666666666666,0.2310490601866484,-0.16666666666666666,0.5,2,unambiguous
51705,0.8333333333333333,-0.3182570841474064,0.16666666666666666,-0.5,2,author_independent
51710,0.5,0.0,0.0,0.0,2,unambiguous
51713,0.37499999999999994,0.43265236145920094,-0.24999999999999994,1.0,2,author_independent
51792,0.16666666666666666,0.0,0.0,0.0,2,unambiguous
51835,0.8333333333333334,0.8675632284814612,-0.5,1.5,2,author_independent
51837,0.5,0.6365141682948128,-0.3333333333333333,1.0,2,unambiguous
51882,0.5,-0.2310490601866484,0.16666666666666666,-0.5,2,author_independent
51929,0.3333333333333333,0.0,0.0,0.0,2,author_independent
51945,0.5,0.2310490601866484,-0.16666666666666666,0.5,2,author_independent
51946,0.16666666666666666,0.2310490601866484,-0.16666666666666666,0.5,2,author_independent
51953,0.5,0.0,0.0,0.0,2,unambiguous
51962,0.5,-0.06805587237831245,0.0666666666666667,0.0,2,author_relevant
52029,0.3333333333333333,0.2310490601866484,-0.16666666666666666,0.5,2,unambiguous
52046,0.3333333333333333,0.6365141682948128,-0.3333333333333333,1.0,2,author_independent
52050,0.0,0.0,0.0,0.0,2,unambiguous
52051,0.16666666666666666,0.3182570841474064,-0.16666666666666666,0.5,2,unambiguous
5206,0.5,-0.087208023960758,0.0,0.0,2,author_independent
52077,0.3333333333333333,-0.6365141682948128,0.3333333333333333,-1.0,2,unambiguous
521,0.2333333333333333,-0.38631295652571884,0.23333333333333334,-0.5,2,author_independent
52102,0.6666666666666666,0.1939595483486462,-0.125,0.5,2,unambiguous
52157,0.3333333333333333,0.6365141682948128,-0.3333333333333333,1.0,2,unambiguous
52176,0.875,0.5994246564568105,-0.29166666666666663,1.0,2,author_independent
52184,0.5,0.2310490601866484,-0.16666666666666666,0.5,2,unambiguous
52217,0.16666666666666666,0.3182570841474064,-0.16666666666666666,0.5,2,unambiguous
52225,0.9,0.9843466042524676,-0.4666666666666667,2.0,2,unambiguous
5225,0.5,0.2310490601866484,-0.16666666666666666,0.5,2,author_independent
52289,0.6333333333333333,0.25541281188299547,-0.06666666666666665,1.0,2,author_independent
52316,0.5,-0.2310490601866484,0.16666666666666666,-0.5,2,author_relevant
52338,0.875,-0.08720802396075789,0.125,0.0,2,author_relevant
52365,0.7083333333333333,-0.2604948191007442,0.24999999999999994,-0.5,2,author_relevant
52369,0.6666666666666666,-0.499187632211299,0.375,-1.0,2,author_relevant
52371,1.0,1.0986122886681096,-0.6666666666666667,2.0,2,author_relevant
52373,0.09999999999999995,0.15687818546921095,-0.0333333333333333,0.5,2,author_relevant
52398,0.3333333333333333,0.2310490601866484,-0.16666666666666666,0.5,2,unambiguous
52434,0.2,0.01824874935722185,-0.0333333333333333,0.0,2,author_relevant
52441,0.5,0.0,0.0,0.0,2,author_relevant
52448,0.8333333333333334,0.8675632284814612,-0.5,1.5,2,unambiguous
52458,0.875,-0.2604948191007442,0.24999999999999994,-0.5,2,author_relevant
525,0.5,0.8675632284814612,-0.5,1.5,2,author_independent
52501,0.3333333333333333,0.2310490601866484,-0.16666666666666666,0.5,2,unambiguous
52520,0.6666666666666666,-0.4620981203732968,0.3333333333333333,-1.0,2,author_relevant
52550,0.5,0.1939595483486462,-0.125,0.5,2,author_relevant
52584,0.8333333333333334,-0.7803552045207032,0.5,-1.5,2,author_relevant
52591,0.5,-0.2310490601866484,0.16666666666666666,-0.5,2,author_relevant
52596,0.5833333333333333,0.20160330127255255,-0.0833333333333333,0.5,2,author_relevant
52598,0.6666666666666666,-0.499187632211299,0.375,-1.0,2,author_relevant
52614,0.6666666666666666,-0.2310490601866484,0.16666666666666666,-0.5,2,author_independent
52625,0.8333333333333333,0.2310490601866484,-0.16666666666666666,0.5,2,author_relevant
52626,0.5,0.8675632284814612,-0.5,1.5,2,author_relevant
52635,0.8333333333333334,0.8675632284814612,-0.5,1.5,2,author_relevant
52645,0.875,1.0114042647073518,-0.5416666666666666,2.0,2,author_relevant
52658,0.4666666666666667,0.3478324359576548,-0.1333333333333333,1.0,2,author_relevant
52679,0.8333333333333333,0.2310490601866484,-0.16666666666666666,0.5,2,author_independent
52709,0.16666666666666666,0.3182570841474064,-0.16666666666666666,0.5,2,author_relevant
52768,0.6666666666666666,-0.3182570841474064,0.16666666666666666,-0.5,2,author_relevant
52777,0.8333333333333334,-0.3182570841474064,0.16666666666666666,-0.5,2,author_independent
52784,0.75,0.34657359027997264,-0.25,0.5,2,author_relevant
52822,0.8333333333333333,0.2310490601866484,-0.16666666666666666,0.5,2,unambiguous
52823,0.5,0.2310490601866484,-0.16666666666666666,0.5,2,author_independent
52828,0.5,-0.4620981203732968,0.3333333333333333,-1.0,2,author_relevant
52829,0.8333333333333333,0.2310490601866484,-0.16666666666666666,0.5,2,author_relevant
52833,0.6666666666666666,-0.087208023960758,0.0,0.0,2,unambiguous
52859,0.625,0.43265236145920094,-0.24999999999999994,1.0,2,author_relevant
52860,0.3333333333333333,-0.3182570841474064,0.16666666666666666,-0.5,2,unambiguous
52866,0.6666666666666666,0.1939595483486462,-0.125,0.5,2,author_relevant
52895,0.5,0.1939595483486462,-0.125,0.5,2,author_relevant
5502,0.575,0.5317682818817498,-0.24166666666666659,1.5,2,unambiguous
553,0.3333333333333333,0.2310490601866484,-0.16666666666666666,0.5,2,author_independent
5575,0.6666666666666666,-0.2310490601866484,0.16666666666666666,-0.5,2,author_relevant
5580,0.16666666666666666,0.3182570841474064,-0.16666666666666666,0.5,2,unambiguous
5600,0.125,0.28116757230940415,-0.125,0.5,2,author_independent
5609,0.3333333333333333,0.0,0.0,0.0,2,author_relevant
5639,0.5,-0.087208023960758,0.0,0.0,2,author_relevant
5641,0.0,0.0,0.0,0.0,2,author_independent
5642,0.6666666666666666,0.4620981203732968,-0.3333333333333333,1.0,2,author_relevant
5680,0.8333333333333334,0.8675632284814612,-0.5,1.5,2,unambiguous
5688,0.6666666666666666,0.8675632284814612,-0.5,1.5,2,author_independent
5691,0.6666666666666666,-0.2310490601866484,0.16666666666666666,-0.5,2,author_independent
5704,0.3333333333333333,0.2310490601866484,-0.16666666666666666,0.5,2,unambiguous
5720,0.3333333333333333,-0.3182570841474064,0.16666666666666666,-0.5,2,author_independent
5725,0.48333333333333334,0.37614894209022104,-0.21666666666666662,1.0,2,author_independent
5730,0.5,-0.4620981203732968,0.3333333333333333,-1.0,2,unambiguous
5802,0.6666666666666667,-0.10514538421631466,0.10833333333333334,0.0,2,author_independent
5830,0.16666666666666666,0.0,0.0,0.0,2,unambiguous
5856,0.6666666666666666,-0.26813857202465063,0.20833333333333334,-0.5,2,unambiguous
588,0.2666666666666666,0.15687818546921095,-0.0333333333333333,0.5,2,author_independent
5880,0.3333333333333333,-0.6365141682948128,0.3333333333333333,-1.0,2,unambiguous
5914,0.6666666666666667,-0.3182570841474064,0.16666666666666666,-0.5,2,unambiguous
594,0.5416666666666666,1.0114042647073518,-0.5416666666666666,2.0,2,author_independent
5951,0.5833333333333333,0.1438410362258905,-0.04166666666666665,0.5,2,author_independent
5986,0.41666666666666663,0.8381174695673654,-0.41666666666666663,1.5,2,unambiguous
61021,0.5416666666666666,0.1939595483486462,-0.125,0.5,2,author_relevant
61031,0.3333333333333333,-0.087208023960758,0.0,0.0,2,unambiguous
61055,0.5,0.2310490601866484,-0.16666666666666666,0.5,2,author_relevant
61071,0.4666666666666667,0.9843466042524676,-0.4666666666666667,2.0,2,unambiguous
61094,0.5,0.0,0.0,0.0,2,author_independent
61099,0.8333333333333334,-0.8174447163587054,0.5416666666666667,-1.5,2,unambiguous
61101,0.7083333333333333,-0.0294457589140958,0.0833333333333333,0.0,2,author_relevant
612,1.0,0.3182570841474064,-0.16666666666666666,0.5,2,unambiguous
6218,0.8333333333333333,0.0,0.0,0.0,2,author_relevant
6221,0.5,0.8675632284814612,-0.5,1.5,2,author_independent
6228,0.3333333333333333,0.0,0.0,0.0,2,unambiguous
623,0.6666666666666666,0.25936556631921465,-0.24999999999999994,0.5,2,author_independent
6288,0.3333333333333333,-0.3182570841474064,0.16666666666666666,-0.5,2,unambiguous
6304,0.5416666666666666,0.6059391565991873,-0.37499999999999994,1.5,2,author_independent
6306,0.5,-0.4620981203732968,0.3333333333333333,-1.0,2,author_independent
6337,0.6666666666666666,0.6365141682948128,-0.3333333333333333,1.0,2,author_relevant
6403,0.5666666666666667,0.5788814961443032,-0.29999999999999993,1.5,2,author_independent
6407,0.5,-0.2310490601866484,0.16666666666666666,-0.5,2,author_relevant
641,0.5,0.8675632284814612,-0.5,1.5,2,unambiguous
6440,0.41666666666666663,-0.11665378287485384,0.08333333333333336,0.0,2,unambiguous
6450,0.5416666666666666,0.20160330127255255,-0.0833333333333333,0.5,2,author_independent
6499,0.6666666666666666,-0.3182570841474064,0.16666666666666666,-0.5,2,author_independent
6524,0.16666666666666666,0.3182570841474064,-0.16666666666666666,0.5,2,unambiguous
657,0.2666666666666666,0.5684582959165003,-0.2666666666666666,1.0,2,author_independent
6649,0.7083333333333334,0.8304737166434589,-0.45833333333333337,1.5,2,author_independent
6696,0.16666666666666666,-0.0370895118380022,0.04166666666666665,0.0,2,author_independent
6732,0.3333333333333333,-0.087208023960758,0.0,0.0,2,unambiguous
6761,0.3333333333333333,0.6365141682948128,-0.3333333333333333,1.0,2,unambiguous
6768,0.4,0.15687818546921095,-0.0333333333333333,0.5,2,unambiguous
6789,0.6666666666666666,0.4620981203732968,-0.3333333333333333,1.0,2,unambiguous
6804,0.3,0.4864618720696438,-0.2333333333333333,1.5,2,author_independent
6829,0.3333333333333333,-0.4620981203732968,0.3333333333333333,-1.0,2,unambiguous
6848,0.375,0.6931471805599453,-0.375,1.5,2,unambiguous
6869,0.625,0.5994246564568105,-0.29166666666666663,1.0,2,author_independent
6938,0.8333333333333333,0.38792724565585934,-0.19999999999999996,1.0,2,author_relevant
6957,1.0,-0.11665378287485384,0.08333333333333336,0.0,2,author_independent
6997,0.29999999999999993,0.2092029998456657,-0.1333333333333333,0.5,2,unambiguous
7134,0.3333333333333333,-0.2310490601866484,0.16666666666666666,-0.5,2,unambiguous
7147,0.8333333333333333,0.2310490601866484,-0.16666666666666666,0.5,2,author_independent
7160,0.5833333333333333,0.20160330127255255,-0.0833333333333333,0.5,2,author_relevant
7164,0.6666666666666667,-0.7803552045207032,0.5,-1.5,2,unambiguous
7179,0.8333333333333333,0.4620981203732968,-0.3333333333333333,1.0,2,author_independent
7180,0.75,0.20160330127255255,-0.0833333333333333,0.5,2,author_independent
7193,0.75,1.2130075659799044,-0.625,2.5,2,unambiguous
7198,0.5,0.3182570841474064,-0.16666666666666666,0.5,2,author_relevant
7200,0.3333333333333333,0.0,0.0,0.0,2,author_relevant
762,0.3333333333333333,-0.3182570841474064,0.16666666666666666,-0.5,2,unambiguous
783,0.3333333333333333,0.2310490601866484,-0.16666666666666666,0.5,2,unambiguous
825,0.7333333333333334,0.7933923537640237,-0.3666666666666667,1.5,2,author_relevant
922,0.3333333333333333,0.6365141682948128,-0.3333333333333333,1.0,2,author_independent
99,0.6666666666666666,0.0,0.0,0.0,2,author_relevant
