text_id,vec_n,vec_n_dropped,vec_prob_anger,vec_prob_disgust,vec_prob_fear,vec_prob_guilt,vec_prob_joy,vec_prob_pride,vec_prob_relief,vec_prob_sadness,vec_prob_shame,vec_prob_surprise,vec_prob_trust,vec_vector_str,vec_entropy,vec_normalized_entropy,vec_max_probability,vec_support_size
21,5,0,0.6,0.2,0.0,0.0,0.0,0.0,0.0,0.0,0.0,0.2,0.0,anger:0.6000|disgust:0.2000|surprise:0.2000,0.9502705392332347,0.39629359547644394,0.6,3
2105,5,0,0.0,0.0,0.0,0.0,0.2,0.0,0.6,0.0,0.0,0.2,0.0,joy:0.2000|relief:0.6000|surprise:0.2000,0.9502705392332347,0.39629359547644394,0.6,3
2142,5,0,0.0,0.0,0.0,0.0,0.8,0.0,0.2,0.0,0.0,0.0,0.0,joy:0.8000|relief:0.2000,0.5004024235381879,0.20868401936261904,0.8,2
2143,5,0,0.0,0.0,0.0,0.0,0.0,1.0,0.0,0.0,0.0,0.0,0.0,pride:1.0000,-0.0,-0.0,1.0,1
2161,5,0,0.0,0.0,0.0,0.0,0.6,0.4,0.0,0.0,0.0,0.0,0.0,joy:0.6000|pride:0.4000,0.6730116670092565,0.2806676649492888,0.6,2
2163,5,0,0.0,0.0,0.0,0.0,0.0,0.0,0.0,1.0,0.0,0.0,0.0,sadness:1.0000,-0.0,-0.0,1.0,1
2168,5,0,0.4,0.0,0.0,0.2,0.0,0.0,0.0,0.4,0.0,0.0,0.0,anger:0.4000|guilt:0.2000|sadness:0.4000,1.0549201679861442,0.4399358804169293,0.4,3
2172,5,0,0.0,0.0,0.2,0.0,0.0,0.0,0.2,0.6,0.0,0.0,0.0,fear:0.2000|relief:0.2000|sadness:0.6000,0.9502705392332347,0.39629359547644394,0.6,3
2182,5,0,0.2,0.0,0.0,0.0,0.0,0.0,0.0,0.6,0.2,0.0,0.0,anger:0.2000|sadness:0.6000|shame:0.2000,0.9502705392332347,0.39629359547644394,0.6,3
2187,5,0,0.0,0.0,0.0,0.6,0.0,0.0,0.0,0.2,0.2,0.0,0.0,guilt:0.6000|sadness:0.2000|shame:0.2000,0.9502705392332347,0.39629359547644394,0.6,3
2198,5,0,0.0,0.0,0.0,0.0,1.0,0.0,0.0,0.0,0.0,0.0,0.0,joy:1.0000,-0.0,-0.0,1.0,1
2211,4,1,0.0,0.0,0.0,0.0,0.0,0.0,0.0,0.0,0.0,0.0,1.0,trust:1.0000,-0.0,-0.0,1.0,1
2212,5,0,0.0,0.0,0.0,0.0,0.2,0.0,0.2,0.0,0.0,0.0,0.6,joy:0.2000|relief:0.2000|trust:0.6000,0.9502705392332347,0.39629359547644394,0.6,3
2213,5,0,0.0,0.0,0.4,0.0,0.0,0.0,0.2,0.0,0.0,0.0,0.4,fear:0.4000|relief:0.2000|trust:0.4000,1.0549201679861442,0.4399358804169293,0.4,3
2218,5,0,0.0,0.0,0.0,0.0,0.0,0.0,0.4,0.0,0.0,0.2,0.4,relief:0.4000|surprise:0.2000|trust:0.4000,1.0549201679861442,0.4399358804169293,0.4,3
2224,5,0,0.0,0.0,0.2,0.0,0.0,0.0,0.2,0.0,0.0,0.0,0.6,fear:0.2000|relief:0.2000|trust:0.6000,0.9502705392332347,0.39629359547644394,0.6,3
2228,5,0,0.0,0.0,0.4,0.0,0.0,0.0,0.4,0.0,0.0,0.0,0.2,fear:0.4000|relief:0.4000|trust:0.2000,1.0549201679861442,0.4399358804169293,0.4,3
249,5,0,0.8,0.2,0.0,0.0,0.0,0.0,0.0,0.0,0.0,0.0,0.0,anger:0.8000|disgust:0.2000,0.5004024235381879,0.20868401936261904,0.8,2
253,5,0,0.0,0.4,0.0,0.0,0.0,0.0,0.0,0.2,0.4,0.0,0.0,disgust:0.4000|sadness:0.2000|shame:0.4000,1.0549201679861442,0.4399358804169293,0.4,3
272,4,1,0.0,0.0,0.75,0.0,0.25,0.0,0.0,0.0,0.0,0.0,0.0,fear:0.7500|joy:0.2500,0.5623351446188083,0.234511970142281,0.75,2
276,5,0,0.0,0.0,0.4,0.2,0.0,0.2,0.0,0.2,0.0,0.0,0.0,fear:0.4000|guilt:0.2000|pride:0.2000|sadness:0.2000,1.3321790402101223,0.5555618109440845,0.4,4
281,5,0,0.0,0.0,0.0,0.2,0.0,0.0,0.0,0.0,0.8,0.0,0.0,guilt:0.2000|shame:0.8000,0.5004024235381879,0.20868401936261904,0.8,2
287,5,0,0.0,0.0,0.0,0.0,0.8,0.0,0.2,0.0,0.0,0.0,0.0,joy:0.8000|relief:0.2000,0.5004024235381879,0.20868401936261904,0.8,2
31015,5,0,0.0,0.0,0.0,0.0,0.0,0.0,0.0,1.0,0.0,0.0,0.0,sadness:1.0000,-0.0,-0.0,1.0,1
31060,5,0,0.0,0.0,0.0,0.0,0.0,0.0,0.0,0.8,0.2,0.0,0.0,sadness:0.8000|shame:0.2000,0.5004024235381879,0.20868401936261904,0.8,2
3107,5,0,0.2,0.0,0.0,0.0,0.0,0.0,0.0,0.2,0.6,0.0,0.0,anger:0.2000|sadness:0.2000|shame:0.6000,0.9502705392332347,0.39629359547644394,0.6,3
31077,5,0,0.0,0.0,0.0,0.0,0.0,0.0,0.0,1.0,0.0,0.0,0.0,sadness:1.0000,-0.0,-0.0,1.0,1
31089,5,0,0.0,0.0,0.0,0.0,0.0,0.0,0.0,1.0,0.0,0.0,0.0,sadness:1.0000,-0.0,-0.0,1.0,1
31147,5,0,0.0,0.0,0.0,1.0,0.0,0.0,0.0,0.0,0.0,0.0,0.0,guilt:1.0000,-0.0,-0.0,1.0,1
31154,5,0,0.0,0.0,0.2,0.2,0.0,0.0,0.0,0.2,0.4,0.0,0.0,fear:0.2000|guilt:0.2000|sadness:0.2000|shame:0.4000,1.3321790402101223,0.5555618109440845,0.4,4
3117,5,0,0.4,0.4,0.0,0.0,0.0,0.0,0.0,0.2,0.0,0.0,0.0,anger:0.4000|disgust:0.4000|sadness:0.2000,1.0549201679861442,0.4399358804169293,0.4,3
31177,5,0,0.0,0.0,0.0,0.4,0.0,0.0,0.0,0.0,0.2,0.4,0.0,guilt:0.4000|shame:0.2000|surprise:0.4000,1.0549201679861442,0.4399358804169293,0.4,3
31179,4,1,0.0,0.0,0.0,0.5,0.25,0.0,0.0,0.0,0.25,0.0,0.0,guilt:0.5000|joy:0.2500|shame:0.2500,1.0397207708399179,0.4335972394768317,0.5,3
3118,5,0,1.0,0.0,0.0,0.0,0.0,0.0,0.0,0.0,0.0,0.0,0.0,anger:1.0000,-0.0,-0.0,1.0,1
31181,5,0,0.0,0.0,0.0,0.0,0.4,0.0,0.0,0.0,0.0,0.6,0.0,joy:0.4000|surprise:0.6000,0.6730116670092565,0.2806676649492888,0.6,2
31207,5,0,0.0,0.0,0.0,0.0,0.0,0.2,0.6,0.0,0.0,0.2,0.0,pride:0.2000|relief:0.6000|surprise:0.2000,0.9502705392332347,0.39629359547644394,0.6,3
31234,5,0,0.0,0.0,0.0,0.0,0.2,0.0,0.6,0.0,0.0,0.2,0.0,joy:0.2000|relief:0.6000|surprise:0.2000,0.9502705392332347,0.39629359547644394,0.6,3
31292,5,0,0.0,0.0,0.0,0.0,0.0,0.0,0.0,0.0,0.0,1.0,0.0,surprise:1.0000,-0.0,-0.0,1.0,1
31313,5,0,0.0,0.0,0.0,0.0,0.0,0.2,0.0,0.6,0.0,0.0,0.2,pride:0.2000|sadness:0.6000|trust:0.2000,0.9502705392332347,0.39629359547644394,0.6,3
31317,5,0,0.0,0.0,0.0,0.0,0.0,0.0,0.0,0.6,0.2,0.0,0.2,sadness:0.6000|shame:0.2000|trust:0.2000,0.9502705392332347,0.39629359547644394,0.6,3
31346,5,0,0.0,0.0,0.0,0.0,0.0,0.8,0.2,0.0,0.0,0.0,0.0,pride:0.8000|relief:0.2000,0.5004024235381879,0.20868401936261904,0.8,2
31378,4,1,0.0,0.0,0.0,0.0,0.0,0.0,0.0,0.0,0.0,0.25,0.75,surprise:0.2500|trust:0.7500,0.5623351446188083,0.234511970142281,0.75,2
31387,5,0,0.2,0.0,0.0,0.0,0.0,0.0,0.6,0.0,0.0,0.0,0.2,anger:0.2000|relief:0.6000|trust:0.2000,0.9502705392332347,0.39629359547644394,0.6,3
31398,5,0,0.0,0.0,0.0,0.0,0.0,0.0,0.6,0.0,0.0,0.4,0.0,relief:0.6000|surprise:0.4000,0.6730116670092565,0.2806676649492888,0.6,2
315,5,0,1.0,0.0,0.0,0.0,0.0,0.0,0.0,0.0,0.0,0.0,0.0,anger:1.0000,-0.0,-0.0,1.0,1
3267,5,0,0.4,0.6,0.0,0.0,0.0,0.0,0.0,0.0,0.0,0.0,0.0,anger:0.4000|disgust:0.6000,0.6730116670092565,0.2806676649492888,0.6,2
3283,4,1,0.25,0.5,0.0,0.0,0.25,0.0,0.0,0.0,0.0,0.0,0.0,anger:0.2500|disgust:0.5000|joy:0.2500,1.0397207708399179,0.4335972394768317,0.5,3
3290,5,0,0.0,0.4,0.6,0.0,0.0,0.0,0.0,0.0,0.0,0.0,0.0,disgust:0.4000|fear:0.6000,0.6730116670092565,0.2806676649492888,0.6,2
3292,5,0,0.0,0.8,0.2,0.0,0.0,0.0,0.0,0.0,0.0,0.0,0.0,disgust:0.8000|fear:0.2000,0.5004024235381879,0.20868401936261904,0.8,2
3319,5,0,0.2,0.4,0.0,0.0,0.0,0.0,0.0,0.0,0.0,0.4,0.0,anger:0.2000|disgust:0.4000|surprise:0.4000,1.0549201679861442,0.4399358804169293,0.4,3
3328,5,0,0.0,1.0,0.0,0.0,0.0,0.0,0.0,0.0,0.0,0.0,0.0,disgust:1.0000,-0.0,-0.0,1.0,1
3338,5,0,1.0,0.0,0.0,0.0,0.0,0.0,0.0,0.0,0.0,0.0,0.0,anger:1.0000,-0.0,-0.0,1.0,1
3339,5,0,0.6,0.0,0.0,0.0,0.0,0.0,0.0,0.4,0.0,0.0,0.0,anger:0.6000|sadness:0.4000,0.6730116670092565,0.2806676649492888,0.6,2
3344,5,0,0.0,1.0,0.0,0.0,0.0,0.0,0.0,0.0,0.0,0.0,0.0,disgust:1.0000,-0.0,-0.0,1.0,1
3348,4,1,0.25,0.5,0.0,0.0,0.0,0.0,0.0,0.0,0.0,0.25,0.0,anger:0.2500|disgust:0.5000|surprise:0.2500,1.0397207708399179,0.4335972394768317,0.5,3
3370,5,0,0.4,0.0,0.4,0.0,0.0,0.0,0.0,0.0,0.0,0.2,0.0,anger:0.4000|fear:0.4000|surprise:0.2000,1.0549201679861442,0.4399358804169293,0.4,3
340,5,0,1.0,0.0,0.0,0.0,0.0,0.0,0.0,0.0,0.0,0.0,0.0,anger:1.0000,-0.0,-0.0,1.0,1
3426,5,0,0.0,0.0,0.8,0.0,0.0,0.0,0.0,0.0,0.0,0.2,0.0,fear:0.8000|surprise:0.2000,0.5004024235381879,0.20868401936261904,0.8,2
3431,5,0,0.0,0.0,1.0,0.0,0.0,0.0,0.0,0.0,0.0,0.0,0.0,fear:1.0000,-0.0,-0.0,1.0,1
3443,5,0,0.0,0.0,0.8,0.0,0.0,0.0,0.0,0.2,0.0,0.0,0.0,fear:0.8000|sadness:0.2000,0.5004024235381879,0.20868401936261904,0.8,2
3469,5,0,0.0,0.0,1.0,0.0,0.0,0.0,0.0,0.0,0.0,0.0,0.0,fear:1.0000,-0.0,-0.0,1.0,1
3481,5,0,0.0,0.0,0.0,0.4,0.0,0.0,0.0,0.0,0.6,0.0,0.0,guilt:0.4000|shame:0.6000,0.6730116670092565,0.2806676649492888,0.6,2
3493,5,0,0.0,0.4,0.0,0.0,0.0,0.0,0.0,0.0,0.6,0.0,0.0,disgust:0.4000|shame:0.6000,0.6730116670092565,0.2806676649492888,0.6,2
3514,4,1,0.5,0.0,0.0,0.0,0.0,0.0,0.0,0.25,0.25,0.0,0.0,anger:0.5000|sadness:0.2500|shame:0.2500,1.0397207708399179,0.4335972394768317,0.5,3
3528,5,0,0.0,0.0,0.0,0.4,0.0,0.0,0.0,0.6,0.0,0.0,0.0,guilt:0.4000|sadness:0.6000,0.6730116670092565,0.2806676649492888,0.6,2
3538,5,0,0.0,0.0,0.0,0.0,0.6,0.0,0.4,0.0,0.0,0.0,0.0,joy:0.6000|relief:0.4000,0.6730116670092565,0.2806676649492888,0.6,2
3579,5,0,0.0,0.0,0.8,0.0,0.0,0.0,0.0,0.0,0.0,0.2,0.0,fear:0.8000|surprise:0.2000,0.5004024235381879,0.20868401936261904,0.8,2
3618,5,0,0.0,0.0,0.0,0.0,0.6,0.4,0.0,0.0,0.0,0.0,0.0,joy:0.6000|pride:0.4000,0.6730116670092565,0.2806676649492888,0.6,2
3620,5,0,0.0,0.0,0.0,0.0,0.8,0.2,0.0,0.0,0.0,0.0,0.0,joy:0.8000|pride:0.2000,0.5004024235381879,0.20868401936261904,0.8,2
3639,4,1,0.0,0.0,0.0,0.0,0.75,0.25,0.0,0.0,0.0,0.0,0.0,joy:0.7500|pride:0.2500,0.5623351446188083,0.234511970142281,0.75,2
3641,5,0,0.0,0.0,0.0,0.0,0.0,0.4,0.6,0.0,0.0,0.0,0.0,pride:0.4000|relief:0.6000,0.6730116670092565,0.2806676649492888,0.6,2
3645,5,0,0.0,0.0,0.0,0.0,0.2,0.0,0.8,0.0,0.0,0.0,0.0,joy:0.2000|relief:0.8000,0.5004024235381879,0.20868401936261904,0.8,2
3649,5,0,0.0,0.0,0.0,0.0,0.0,1.0,0.0,0.0,0.0,0.0,0.0,pride:1.0000,-0.0,-0.0,1.0,1
378,5,0,0.4,0.4,0.0,0.0,0.0,0.0,0.0,0.0,0.0,0.2,0.0,anger:0.4000|disgust:0.4000|surprise:0.2000,1.0549201679861442,0.4399358804169293,0.4,3
3833,5,0,0.6,0.0,0.0,0.2,0.0,0.0,0.0,0.0,0.2,0.0,0.0,anger:0.6000|guilt:0.2000|shame:0.2000,0.9502705392332347,0.39629359547644394,0.6,3
3857,5,0,0.0,0.0,0.0,0.2,0.0,0.8,0.0,0.0,0.0,0.0,0.0,guilt:0.2000|pride:0.8000,0.5004024235381879,0.20868401936261904,0.8,2
3864,5,0,0.0,0.0,0.0,0.0,0.0,0.4,0.0,0.0,0.0,0.2,0.4,pride:0.4000|surprise:0.2000|trust:0.4000,1.0549201679861442,0.4399358804169293,0.4,3
387,5,0,0.8,0.0,0.0,0.0,0.0,0.0,0.0,0.0,0.2,0.0,0.0,anger:0.8000|shame:0.2000,0.5004024235381879,0.20868401936261904,0.8,2
3936,5,0,0.0,0.0,0.0,0.0,0.4,0.6,0.0,0.0,0.0,0.0,0.0,joy:0.4000|pride:0.6000,0.6730116670092565,0.2806676649492888,0.6,2
3937,5,0,0.0,0.0,0.0,0.0,0.0,0.0,1.0,0.0,0.0,0.0,0.0,relief:1.0000,-0.0,-0.0,1.0,1
3942,5,0,0.0,0.0,0.0,0.0,0.0,0.0,1.0,0.0,0.0,0.0,0.0,relief:1.0000,-0.0,-0.0,1.0,1
3964,5,0,0.0,0.0,0.0,0.0,0.0,0.0,0.6,0.0,0.0,0.4,0.0,relief:0.6000|surprise:0.4000,0.6730116670092565,0.2806676649492888,0.6,2
3966,5,0,0.2,0.0,0.0,0.0,0.0,0.0,0.8,0.0,0.0,0.0,0.0,anger:0.2000|relief:0.8000,0.5004024235381879,0.20868401936261904,0.8,2
3975,5,0,0.0,0.0,0.0,0.0,0.0,0.2,0.4,0.0,0.0,0.4,0.0,pride:0.2000|relief:0.4000|surprise:0.4000,1.0549201679861442,0.4399358804169293,0.4,3
41082,5,0,0.0,0.0,0.0,0.0,0.0,1.0,0.0,0.0,0.0,0.0,0.0,pride:1.0000,-0.0,-0.0,1.0,1
4117,5,0,0.0,0.0,0.0,0.2,0.0,0.0,0.0,0.4,0.4,0.0,0.0,guilt:0.2000|sadness:0.4000|shame:0.4000,1.0549201679861442,0.4399358804169293,0.4,3
41208,5,0,0.0,0.0,0.0,0.0,0.4,0.6,0.0,0.0,0.0,0.0,0.0,joy:0.4000|pride:0.6000,0.6730116670092565,0.2806676649492888,0.6,2
41228,5,0,0.0,0.0,0.2,0.0,0.0,0.0,0.8,0.0,0.0,0.0,0.0,fear:0.2000|relief:0.8000,0.5004024235381879,0.20868401936261904,0.8,2
41239,5,0,0.0,0.0,0.0,0.0,0.0,0.0,1.0,0.0,0.0,0.0,0.0,relief:1.0000,-0.0,-0.0,1.0,1
41260,5,0,0.0,0.0,0.0,0.0,0.2,0.0,0.6,0.0,0.0,0.2,0.0,joy:0.2000|relief:0.6000|surprise:0.2000,0.9502705392332347,0.39629359547644394,0.6,3
41311,5,0,0.4,0.0,0.0,0.0,0.0,0.0,0.6,0.0,0.0,0.0,0.0,anger:0.4000|relief:0.6000,0.6730116670092565,0.2806676649492888,0.6,2
41378,5,0,0.0,0.0,0.0,0.0,0.0,0.0,0.0,1.0,0.0,0.0,0.0,sadness:1.0000,-0.0,-0.0,1.0,1
414,5,0,0.0,0.0,1.0,0.0,0.0,0.0,0.0,0.0,0.0,0.0,0.0,fear:1.0000,-0.0,-0.0,1.0,1
41415,5,0,0.4,0.0,0.0,0.0,0.0,0.0,0.0,0.4,0.2,0.0,0.0,anger:0.4000|sadness:0.4000|shame:0.2000,1.0549201679861442,0.4399358804169293,0.4,3
4146,5,0,0.8,0.0,0.0,0.0,0.0,0.0,0.0,0.2,0.0,0.0,0.0,anger:0.8000|sadness:0.2000,0.5004024235381879,0.20868401936261904,0.8,2
4150,5,0,0.8,0.2,0.0,0.0,0.0,0.0,0.0,0.0,0.0,0.0,0.0,anger:0.8000|disgust:0.2000,0.5004024235381879,0.20868401936261904,0.8,2
41548,5,0,0.0,0.0,0.2,0.4,0.0,0.0,0.0,0.0,0.4,0.0,0.0,fear:0.2000|guilt:0.4000|shame:0.4000,1.0549201679861442,0.4399358804169293,0.4,3
41581,5,0,0.0,0.0,0.0,0.4,0.0,0.0,0.0,0.4,0.2,0.0,0.0,guilt:0.4000|sadness:0.4000|shame:0.2000,1.0549201679861442,0.4399358804169293,0.4,3
41600,5,0,0.4,0.0,0.0,0.0,0.0,0.0,0.0,0.2,0.4,0.0,0.0,anger:0.4000|sadness:0.2000|shame:0.4000,1.0549201679861442,0.4399358804169293,0.4,3
41606,5,0,0.0,0.0,0.0,0.6,0.0,0.0,0.0,0.0,0.4,0.0,0.0,guilt:0.6000|shame:0.4000,0.6730116670092565,0.2806676649492888,0.6,2
41629,5,0,0.0,0.0,0.0,0.0,0.6,0.4,0.0,0.0,0.0,0.0,0.0,joy:0.6000|pride:0.4000,0.6730116670092565,0.2806676649492888,0.6,2
41641,5,0,0.0,0.0,0.0,0.0,0.2,0.0,0.0,0.0,0.0,0.8,0.0,joy:0.2000|surprise:0.8000,0.5004024235381879,0.20868401936261904,0.8,2
41660,5,0,0.0,0.0,0.0,0.0,0.4,0.6,0.0,0.0,0.0,0.0,0.0,joy:0.4000|pride:0.6000,0.6730116670092565,0.2806676649492888,0.6,2
41671,5,0,0.0,0.0,0.0,0.0,0.0,0.4,0.0,0.0,0.0,0.6,0.0,pride:0.4000|surprise:0.6000,0.6730116670092565,0.2806676649492888,0.6,2
41688,5,0,0.0,0.0,0.0,0.0,0.0,0.0,0.0,0.0,0.0,0.8,0.2,surprise:0.8000|trust:0.2000,0.5004024235381879,0.20868401936261904,0.8,2
41722,5,0,0.0,0.0,0.0,0.0,0.2,0.2,0.6,0.0,0.0,0.0,0.0,joy:0.2000|pride:0.2000|relief:0.6000,0.9502705392332347,0.39629359547644394,0.6,3
41744,4,1,0.0,0.0,0.0,0.0,0.0,0.0,0.0,0.25,0.0,0.75,0.0,sadness:0.2500|surprise:0.7500,0.5623351446188083,0.234511970142281,0.75,2
41759,5,0,0.4,0.0,0.0,0.0,0.0,0.0,0.0,0.4,0.2,0.0,0.0,anger:0.4000|sadness:0.4000|shame:0.2000,1.0549201679861442,0.4399358804169293,0.4,3
41789,5,0,0.0,0.0,0.0,0.0,0.0,0.0,0.0,0.0,0.0,0.0,1.0,trust:1.0000,-0.0,-0.0,1.0,1
41791,5,0,0.0,0.0,0.0,0.0,0.4,0.0,0.2,0.0,0.0,0.0,0.4,joy:0.4000|relief:0.2000|trust:0.4000,1.0549201679861442,0.4399358804169293,0.4,3
41795,4,1,0.0,0.0,0.0,0.0,0.25,0.5,0.0,0.0,0.0,0.25,0.0,joy:0.2500|pride:0.5000|surprise:0.2500,1.0397207708399179,0.4335972394768317,0.5,3
41840,5,0,0.0,0.0,0.0,0.0,0.2,0.0,0.6,0.0,0.0,0.0,0.2,joy:0.2000|relief:0.6000|trust:0.2000,0.9502705392332347,0.39629359547644394,0.6,3
41857,5,0,0.0,0.0,0.2,0.0,0.2,0.2,0.2,0.0,0.0,0.0,0.2,fear:0.2000|joy:0.2000|pride:0.2000|relief:0.2000|trust:0.2000,1.6094379124341005,0.6711877414712396,0.2,5
41862,5,0,0.0,0.0,0.8,0.0,0.0,0.0,0.0,0.0,0.2,0.0,0.0,fear:0.8000|shame:0.2000,0.5004024235381879,0.20868401936261904,0.8,2
437,4,1,1.0,0.0,0.0,0.0,0.0,0.0,0.0,0.0,0.0,0.0,0.0,anger:1.0000,-0.0,-0.0,1.0,1
4387,5,0,0.2,0.4,0.2,0.0,0.0,0.0,0.0,0.2,0.0,0.0,0.0,anger:0.2000|disgust:0.4000|fear:0.2000|sadness:0.2000,1.3321790402101223,0.5555618109440845,0.4,4
441,5,0,0.6,0.2,0.0,0.0,0.0,0.0,0.0,0.2,0.0,0.0,0.0,anger:0.6000|disgust:0.2000|sadness:0.2000,0.9502705392332347,0.39629359547644394,0.6,3
4410,5,0,0.8,0.0,0.0,0.0,0.0,0.0,0.0,0.2,0.0,0.0,0.0,anger:0.8000|sadness:0.2000,0.5004024235381879,0.20868401936261904,0.8,2
4431,5,0,0.0,0.8,0.0,0.0,0.0,0.0,0.0,0.2,0.0,0.0,0.0,disgust:0.8000|sadness:0.2000,0.5004024235381879,0.20868401936261904,0.8,2
4454,5,0,0.0,1.0,0.0,0.0,0.0,0.0,0.0,0.0,0.0,0.0,0.0,disgust:1.0000,-0.0,-0.0,1.0,1
4490,5,0,0.0,0.0,1.0,0.0,0.0,0.0,0.0,0.0,0.0,0.0,0.0,fear:1.0000,-0.0,-0.0,1.0,1
4497,5,0,0.0,0.0,1.0,0.0,0.0,0.0,0.0,0.0,0.0,0.0,0.0,fear:1.0000,-0.0,-0.0,1.0,1
4510,5,0,0.0,0.2,0.0,0.2,0.0,0.0,0.0,0.2,0.0,0.4,0.0,disgust:0.2000|guilt:0.2000|sadness:0.2000|surprise:0.4000,1.3321790402101223,0.5555618109440845,0.4,4
4519,5,0,0.0,0.0,0.8,0.0,0.0,0.0,0.0,0.0,0.0,0.0,0.2,fear:0.8000|trust:0.2000,0.5004024235381879,0.20868401936261904,0.8,2
4571,5,0,0.0,0.0,0.6,0.0,0.0,0.0,0.0,0.0,0.4,0.0,0.0,fear:0.6000|shame:0.4000,0.6730116670092565,0.2806676649492888,0.6,2
4573,5,0,0.4,0.0,0.0,0.0,0.0,0.0,0.0,0.2,0.4,0.0,0.0,anger:0.4000|sadness:0.2000|shame:0.4000,1.0549201679861442,0.4399358804169293,0.4,3
458,5,0,1.0,0.0,0.0,0.0,0.0,0.0,0.0,0.0,0.0,0.0,0.0,anger:1.0000,-0.0,-0.0,1.0,1
4592,5,0,0.0,0.0,0.6,0.0,0.0,0.0,0.0,0.0,0.0,0.4,0.0,fear:0.6000|surprise:0.4000,0.6730116670092565,0.2806676649492888,0.6,2
4594,5,0,0.2,0.0,0.6,0.0,0.0,0.0,0.0,0.2,0.0,0.0,0.0,anger:0.2000|fear:0.6000|sadness:0.2000,0.9502705392332347,0.39629359547644394,0.6,3
4609,5,0,0.2,0.0,0.6,0.0,0.0,0.0,0.0,0.0,0.0,0.2,0.0,anger:0.2000|fear:0.6000|surprise:0.2000,0.9502705392332347,0.39629359547644394,0.6,3
4636,5,0,0.2,0.0,0.4,0.0,0.0,0.0,0.0,0.0,0.0,0.4,0.0,anger:0.2000|fear:0.4000|surprise:0.4000,1.0549201679861442,0.4399358804169293,0.4,3
4671,5,0,0.2,0.0,0.0,0.6,0.0,0.0,0.0,0.0,0.2,0.0,0.0,anger:0.2000|guilt:0.6000|shame:0.2000,0.9502705392332347,0.39629359547644394,0.6,3
476,5,0,0.6,0.2,0.0,0.0,0.0,0.0,0.0,0.2,0.0,0.0,0.0,anger:0.6000|disgust:0.2000|sadness:0.2000,0.9502705392332347,0.39629359547644394,0.6,3
481,5,0,0.8,0.2,0.0,0.0,0.0,0.0,0.0,0.0,0.0,0.0,0.0,anger:0.8000|disgust:0.2000,0.5004024235381879,0.20868401936261904,0.8,2
4817,5,0,0.0,0.0,0.0,0.0,0.0,0.8,0.2,0.0,0.0,0.0,0.0,pride:0.8000|relief:0.2000,0.5004024235381879,0.20868401936261904,0.8,2
4868,5,0,0.0,0.0,0.0,0.0,0.2,0.6,0.0,0.0,0.0,0.2,0.0,joy:0.2000|pride:0.6000|surprise:0.2000,0.9502705392332347,0.39629359547644394,0.6,3
4874,5,0,0.0,0.0,0.0,0.0,1.0,0.0,0.0,0.0,0.0,0.0,0.0,joy:1.0000,-0.0,-0.0,1.0,1
494,4,1,0.75,0.0,0.0,0.0,0.0,0.0,0.0,0.25,0.0,0.0,0.0,anger:0.7500|sadness:0.2500,0.5623351446188083,0.234511970142281,0.75,2
51023,5,0,0.0,0.0,0.0,0.6,0.0,0.0,0.0,0.4,0.0,0.0,0.0,guilt:0.6000|sadness:0.4000,0.6730116670092565,0.2806676649492888,0.6,2
5105,5,0,0.2,0.2,0.0,0.0,0.0,0.0,0.0,0.6,0.0,0.0,0.0,anger:0.2000|disgust:0.2000|sadness:0.6000,0.9502705392332347,0.39629359547644394,0.6,3
51054,5,0,0.2,0.0,0.0,0.2,0.0,0.0,0.0,0.0,0.6,0.0,0.0,anger:0.2000|guilt:0.2000|shame:0.6000,0.9502705392332347,0.39629359547644394,0.6,3
51081,5,0,0.4,0.0,0.0,0.0,0.0,0.0,0.0,0.6,0.0,0.0,0.0,anger:0.4000|sadness:0.6000,0.6730116670092565,0.2806676649492888,0.6,2
51082,5,0,0.0,0.0,0.2,0.0,0.0,0.2,0.0,0.0,0.6,0.0,0.0,fear:0.2000|pride:0.2000|shame:0.6000,0.9502705392332347,0.39629359547644394,0.6,3
51236,5,0,0.0,0.0,0.0,0.0,1.0,0.0,0.0,0.0,0.0,0.0,0.0,joy:1.0000,-0.0,-0.0,1.0,1
51249,5,0,0.0,0.0,0.0,0.0,1.0,0.0,0.0,0.0,0.0,0.0,0.0,joy:1.0000,-0.0,-0.0,1.0,1
51258,5,0,0.0,0.0,0.0,0.0,1.0,0.0,0.0,0.0,0.0,0.0,0.0,joy:1.0000,-0.0,-0.0,1.0,1
51263,5,0,0.0,0.0,0.0,0.0,0.6,0.0,0.4,0.0,0.0,0.0,0.0,joy:0.6000|relief:0.4000,0.6730116670092565,0.2806676649492888,0.6,2
51275,5,0,0.0,0.0,0.0,0.0,0.2,0.0,0.0,0.8,0.0,0.0,0.0,joy:0.2000|sadness:0.8000,0.5004024235381879,0.20868401936261904,0.8,2
51285,5,0,0.0,0.0,0.0,0.0,0.6,0.0,0.0,0.0,0.0,0.2,0.2,joy:0.6000|surprise:0.2000|trust:0.2000,0.9502705392332347,0.39629359547644394,0.6,3
5130,5,0,0.6,0.4,0.0,0.0,0.0,0.0,0.0,0.0,0.0,0.0,0.0,anger:0.6000|disgust:0.4000,0.6730116670092565,0.2806676649492888,0.6,2
51329,5,0,0.0,0.0,0.0,0.0,0.6,0.0,0.4,0.0,0.0,0.0,0.0,joy:0.6000|relief:0.4000,0.6730116670092565,0.2806676649492888,0.6,2
51577,5,0,0.0,0.0,0.0,0.0,0.0,0.0,0.6,0.0,0.2,0.2,0.0,relief:0.6000|shame:0.2000|surprise:0.2000,0.9502705392332347,0.39629359547644394,0.6,3
51593,5,0,0.0,0.0,0.0,0.0,0.0,1.0,0.0,0.0,0.0,0.0,0.0,pride:1.0000,-0.0,-0.0,1.0,1
51598,5,0,0.0,0.0,0.0,0.0,0.2,0.2,0.6,0.0,0.0,0.0,0.0,joy:0.2000|pride:0.2000|relief:0.6000,0.9502705392332347,0.39629359547644394,0.6,3
51632,5,0,0.0,0.0,0.0,0.0,0.0,0.8,0.2,0.0,0.0,0.0,0.0,pride:0.8000|relief:0.2000,0.5004024235381879,0.20868401936261904,0.8,2
51653,5,0,0.0,0.0,0.0,0.0,1.0,0.0,0.0,0.0,0.0,0.0,0.0,joy:1.0000,-0.0,-0.0,1.0,1
5166,5,0,1.0,0.0,0.0,0.0,0.0,0.0,0.0,0.0,0.0,0.0,0.0,anger:1.0000,-0.0,-0.0,1.0,1
51688,5,0,0.0,0.0,0.0,0.0,0.2,0.8,0.0,0.0,0.0,0.0,0.0,joy:0.2000|pride:0.8000,0.5004024235381879,0.20868401936261904,0.8,2
51705,5,0,0.0,0.0,0.0,0.0,0.2,0.6,0.2,0.0,0.0,0.0,0.0,joy:0.2000|pride:0.6000|relief:0.2000,0.9502705392332347,0.39629359547644394,0.6,3
51710,5,0,0.0,0.0,0.0,0.0,0.0,0.8,0.2,0.0,0.0,0.0,0.0,pride:0.8000|relief:0.2000,0.5004024235381879,0.20868401936261904,0.8,2
51713,5,0,0.0,0.0,0.0,0.0,0.8,0.2,0.0,0.0,0.0,0.0,0.0,joy:0.8000|pride:0.2000,0.5004024235381879,0.20868401936261904,0.8,2
51792,5,0,0.0,0.0,0.0,0.0,0.0,0.8,0.2,0.0,0.0,0.0,0.0,pride:0.8000|relief:0.2000,0.5004024235381879,0.20868401936261904,0.8,2
51835,5,0,0.0,0.0,0.2,0.0,0.2,0.0,0.6,0.0,0.0,0.0,0.0,fear:0.2000|joy:0.2000|relief:0.6000,0.9502705392332347,0.39629359547644394,0.6,3
51837,5,0,0.0,0.0,0.2,0.0,0.0,0.0,0.8,0.0,0.0,0.0,0.0,fear:0.2000|relief:0.8000,0.5004024235381879,0.20868401936261904,0.8,2
51882,5,0,0.0,0.0,0.0,0.0,0.2,0.0,0.2,0.4,0.0,0.2,0.0,joy:0.2000|relief:0.2000|sadness:0.4000|surprise:0.2000,1.3321790402101223,0.5555618109440845,0.4,4
51929,5,0,0.0,0.0,0.0,0.0,0.0,0.4,0.6,0.0,0.0,0.0,0.0,pride:0.4000|relief:0.6000,0.6730116670092565,0.2806676649492888,0.6,2
51945,5,0,0.0,0.0,0.0,0.0,0.2,0.0,0.4,0.0,0.0,0.4,0.0,joy:0.2000|relief:0.4000|surprise:0.4000,1.0549201679861442,0.4399358804169293,0.4,3
51946,5,0,0.6,0.2,0.0,0.0,0.0,0.0,0.0,0.2,0.0,0.0,0.0,anger:0.6000|disgust:0.2000|sadness:0.2000,0.9502705392332347,0.39629359547644394,0.6,3
51953,5,0,0.0,0.0,0.0,0.0,0.0,0.0,1.0,0.0,0.0,0.0,0.0,relief:1.0000,-0.0,-0.0,1.0,1
51962,5,0,0.0,0.0,0.0,0.0,0.8,0.0,0.2,0.0,0.0,0.0,0.0,joy:0.8000|relief:0.2000,0.5004024235381879,0.20868401936261904,0.8,2
52029,5,0,0.0,0.0,0.0,0.0,0.2,0.0,0.8,0.0,0.0,0.0,0.0,joy:0.2000|relief:0.8000,0.5004024235381879,0.20868401936261904,0.8,2
52046,5,0,0.0,0.0,0.2,0.2,0.0,0.0,0.6,0.0,0.0,0.0,0.0,fear:0.2000|guilt:0.2000|relief:0.6000,0.9502705392332347,0.39629359547644394,0.6,3
52050,5,0,0.0,0.0,0.0,0.0,0.0,0.0,0.0,1.0,0.0,0.0,0.0,sadness:1.0000,-0.0,-0.0,1.0,1
52051,5,0,0.0,0.0,0.0,0.0,0.0,0.0,0.0,1.0,0.0,0.0,0.0,sadness:1.0000,-0.0,-0.0,1.0,1
5206,5,0,0.0,0.0,0.0,0.0,0.0,0.0,0.0,1.0,0.0,0.0,0.0,sadness:1.0000,-0.0,-0.0,1.0,1
52077,5,0,0.0,0.0,0.0,0.0,0.0,0.0,0.0,1.0,0.0,0.0,0.0,sadness:1.0000,-0.0,-0.0,1.0,1
521,5,0,0.4,0.0,0.0,0.0,0.0,0.0,0.0,0.2,0.2,0.2,0.0,anger:0.4000|sadness:0.2000|shame:0.2000|surprise:0.2000,1.3321790402101223,0.5555618109440845,0.4,4
52102,5,0,0.0,0.0,0.0,0.0,0.0,0.0,0.0,1.0,0.0,0.0,0.0,sadness:1.0000,-0.0,-0.0,1.0,1
52157,5,0,0.0,0.0,0.0,0.0,0.0,0.0,0.0,1.0,0.0,0.0,0.0,sadness:1.0000,-0.0,-0.0,1.0,1
52176,4,1,0.0,0.0,0.0,0.0,0.5,0.0,0.0,0.0,0.5,0.0,0.0,joy:0.5000|shame:0.5000,0.6931471805599453,0.2890648263178878,0.5,2
52184,5,0,0.2,0.0,0.0,0.0,0.0,0.0,0.0,0.8,0.0,0.0,0.0,anger:0.2000|sadness:0.8000,0.5004024235381879,0.20868401936261904,0.8,2
52217,5,0,0.0,0.0,0.0,0.0,0.0,0.0,0.0,0.8,0.2,0.0,0.0,sadness:0.8000|shame:0.2000,0.5004024235381879,0.20868401936261904,0.8,2
52225,5,0,0.0,0.0,0.0,0.2,0.0,0.0,0.0,0.8,0.0,0.0,0.0,guilt:0.2000|sadness:0.8000,0.5004024235381879,0.20868401936261904,0.8,2
5225,5,0,0.4,0.0,0.0,0.0,0.2,0.0,0.0,0.4,0.0,0.0,0.0,anger:0.4000|joy:0.2000|sadness:0.4000,1.0549201679861442,0.4399358804169293,0.4,3
52289,5,0,0.0,0.2,0.0,0.0,0.0,0.0,0.0,0.4,0.4,0.0,0.0,disgust:0.2000|sadness:0.4000|shame:0.4000,1.0549201679861442,0.4399358804169293,0.4,3
52316,5,0,0.2,0.0,0.0,0.0,0.0,0.0,0.0,0.0,0.6,0.2,0.0,anger:0.2000|shame:0.6000|surprise:0.2000,0.9502705392332347,0.39629359547644394,0.6,3
52338,5,0,0.0,0.2,0.0,0.6,0.0,0.0,0.0,0.0,0.2,0.0,0.0,disgust:0.2000|guilt:0.6000|shame:0.2000,0.9502705392332347,0.39629359547644394,0.6,3
52365,5,0,0.0,0.0,0.2,0.8,0.0,0.0,0.0,0.0,0.0,0.0,0.0,fear:0.2000|guilt:0.8000,0.5004024235381879,0.20868401936261904,0.8,2
52369,5,0,0.0,0.2,0.0,0.4,0.0,0.0,0.0,0.0,0.4,0.0,0.0,disgust:0.2000|guilt:0.4000|shame:0.4000,1.0549201679861442,0.4399358804169293,0.4,3
52371,5,0,0.0,0.0,0.8,0.0,0.0,0.0,0.0,0.2,0.0,0.0,0.0,fear:0.8000|sadness:0.2000,0.5004024235381879,0.20868401936261904,0.8,2
52373,4,1,0.0,0.0,0.0,0.0,0.0,0.0,0.0,0.25,0.75,0.0,0.0,sadness:0.2500|shame:0.7500,0.5623351446188083,0.234511970142281,0.75,2
52398,5,0,0.0,0.0,0.0,0.0,0.0,0.0,0.0,0.0,1.0,0.0,0.0,shame:1.0000,-0.0,-0.0,1.0,1
52434,5,0,0.0,0.0,0.0,0.0,0.0,1.0,0.0,0.0,0.0,0.0,0.0,pride:1.0000,-0.0,-0.0,1.0,1
52441,5,0,0.0,0.0,0.0,0.0,0.6,0.0,0.0,0.2,0.0,0.2,0.0,joy:0.6000|sadness:0.2000|surprise:0.2000,0.9502705392332347,0.39629359547644394,0.6,3
52448,5,0,0.0,0.0,0.0,0.0,0.2,0.0,0.0,0.0,0.0,0.8,0.0,joy:0.2000|surprise:0.8000,0.5004024235381879,0.20868401936261904,0.8,2
52458,5,0,0.0,0.0,0.0,0.0,0.2,0.2,0.6,0.0,0.0,0.0,0.0,joy:0.2000|pride:0.2000|relief:0.6000,0.9502705392332347,0.39629359547644394,0.6,3
525,5,0,0.6,0.4,0.0,0.0,0.0,0.0,0.0,0.0,0.0,0.0,0.0,anger:0.6000|disgust:0.4000,0.6730116670092565,0.2806676649492888,0.6,2
52501,5,0,0.0,0.0,0.0,0.0,0.2,0.0,0.0,0.0,0.0,0.8,0.0,joy:0.2000|surprise:0.8000,0.5004024235381879,0.20868401936261904,0.8,2
52520,4,1,0.0,0.0,0.0,0.0,0.5,0.25,0.0,0.0,0.0,0.25,0.0,joy:0.5000|pride:0.2500|surprise:0.2500,1.0397207708399179,0.4335972394768317,0.5,3
52550,5,0,0.0,0.0,0.0,0.0,0.2,0.6,0.0,0.0,0.0,0.2,0.0,joy:0.2000|pride:0.6000|surprise:0.2000,0.9502705392332347,0.39629359547644394,0.6,3
52584,5,0,0.0,0.0,0.2,0.0,0.2,0.2,0.0,0.0,0.0,0.4,0.0,fear:0.2000|joy:0.2000|pride:0.2000|surprise:0.4000,1.3321790402101223,0.5555618109440845,0.4,4
52591,5,0,0.0,0.0,0.0,0.0,0.8,0.0,0.0,0.0,0.0,0.2,0.0,joy:0.8000|surprise:0.2000,0.5004024235381879,0.20868401936261904,0.8,2
52596,5,0,0.0,0.0,0.0,0.0,0.4,0.0,0.2,0.0,0.0,0.4,0.0,joy:0.4000|relief:0.2000|surprise:0.4000,1.0549201679861442,0.4399358804169293,0.4,3
52598,5,0,0.0,0.2,0.0,0.0,0.6,0.0,0.0,0.0,0.2,0.0,0.0,disgust:0.2000|joy:0.6000|shame:0.2000,0.9502705392332347,0.39629359547644394,0.6,3
52614,5,0,0.4,0.0,0.0,0.0,0.4,0.0,0.0,0.0,0.0,0.2,0.0,anger:0.4000|joy:0.4000|surprise:0.2000,1.0549201679861442,0.4399358804169293,0.4,3
52625,3,2,0.0,0.0,0.0,0.0,0.0,0.0,0.0,1.0,0.0,0.0,0.0,sadness:1.0000,-0.0,-0.0,1.0,1
52626,5,0,0.0,0.0,0.2,0.0,0.0,0.0,0.8,0.0,0.0,0.0,0.0,fear:0.2000|relief:0.8000,0.5004024235381879,0.20868401936261904,0.8,2
52635,5,0,0.0,0.0,0.0,0.0,1.0,0.0,0.0,0.0,0.0,0.0,0.0,joy:1.0000,-0.0,-0.0,1.0,1
52645,5,0,0.0,0.0,0.0,0.0,0.4,0.0,0.2,0.0,0.0,0.4,0.0,joy:0.4000|relief:0.2000|surprise:0.4000,1.0549201679861442,0.4399358804169293,0.4,3
52658,5,0,0.0,0.0,0.4,0.0,0.0,0.6,0.0,0.0,0.0,0.0,0.0,fear:0.4000|pride:0.6000,0.6730116670092565,0.2806676649492888,0.6,2
52679,5,0,0.0,0.0,0.0,0.0,0.0,0.8,0.0,0.0,0.0,0.0,0.2,pride:0.8000|trust:0.2000,0.5004024235381879,0.20868401936261904,0.8,2
52709,5,0,0.0,0.0,0.0,0.0,0.0,0.2,0.0,0.0,0.0,0.2,0.6,pride:0.2000|surprise:0.2000|trust:0.6000,0.9502705392332347,0.39629359547644394,0.6,3
52768,5,0,0.0,0.0,0.0,0.0,0.4,0.6,0.0,0.0,0.0,0.0,0.0,joy:0.4000|pride:0.6000,0.6730116670092565,0.2806676649492888,0.6,2
52777,5,0,0.0,0.0,0.0,0.0,0.2,0.4,0.0,0.0,0.0,0.0,0.4,joy:0.2000|pride:0.4000|trust:0.4000,1.0549201679861442,0.4399358804169293,0.4,3
52784,5,0,0.2,0.0,0.0,0.0,0.0,0.0,0.6,0.0,0.0,0.0,0.2,anger:0.2000|relief:0.6000|trust:0.2000,0.9502705392332347,0.39629359547644394,0.6,3
52822,5,0,0.0,0.0,0.0,0.0,0.0,0.0,0.0,0.0,0.0,0.0,1.0,trust:1.0000,-0.0,-0.0,1.0,1
52823,5,0,0.0,0.0,0.0,0.0,0.6,0.0,0.0,0.0,0.0,0.0,0.4,joy:0.6000|trust:0.4000,0.6730116670092565,0.2806676649492888,0.6,2
52828,5,0,0.0,0.0,0.0,0.0,0.0,0.0,0.6,0.0,0.2,0.0,0.2,relief:0.6000|shame:0.2000|trust:0.2000,0.9502705392332347,0.39629359547644394,0.6,3
52829,5,0,0.0,0.0,0.0,0.4,0.0,0.0,0.0,0.0,0.2,0.0,0.4,guilt:0.4000|shame:0.2000|trust:0.4000,1.0549201679861442,0.4399358804169293,0.4,3
52833,5,0,0.0,0.0,0.0,0.0,0.0,0.0,0.0,0.0,0.2,0.0,0.8,shame:0.2000|trust:0.8000,0.5004024235381879,0.20868401936261904,0.8,2
52859,5,0,0.0,0.0,0.0,0.0,0.0,0.6,0.0,0.0,0.2,0.2,0.0,pride:0.6000|shame:0.2000|surprise:0.2000,0.9502705392332347,0.39629359547644394,0.6,3
52860,5,0,0.0,0.0,0.0,0.0,0.0,0.0,0.0,0.0,0.0,0.0,1.0,trust:1.0000,-0.0,-0.0,1.0,1
52866,5,0,0.0,0.0,0.0,0.0,0.0,0.4,0.0,0.0,0.0,0.0,0.6,pride:0.4000|trust:0.6000,0.6730116670092565,0.2806676649492888,0.6,2
52895,5,0,0.0,0.0,0.0,0.0,0.2,0.4,0.0,0.0,0.0,0.4,0.0,joy:0.2000|pride:0.4000|surprise:0.4000,1.0549201679861442,0.4399358804169293,0.4,3
5502,4,1,0.0,1.0,0.0,0.0,0.0,0.0,0.0,0.0,0.0,0.0,0.0,disgust:1.0000,-0.0,-0.0,1.0,1
553,5,0,0.6,0.2,0.0,0.2,0.0,0.0,0.0,0.0,0.0,0.0,0.0,anger:0.6000|disgust:0.2000|guilt:0.2000,0.9502705392332347,0.39629359547644394,0.6,3
5575,5,0,0.4,0.2,0.2,0.0,0.0,0.0,0.0,0.2,0.0,0.0,0.0,anger:0.4000|disgust:0.2000|fear:0.2000|sadness:0.2000,1.3321790402101223,0.5555618109440845,0.4,4
5580,5,0,0.0,1.0,0.0,0.0,0.0,0.0,0.0,0.0,0.0,0.0,0.0,disgust:1.0000,-0.0,-0.0,1.0,1
5600,5,0,0.0,0.6,0.0,0.0,0.0,0.2,0.0,0.0,0.0,0.2,0.0,disgust:0.6000|pride:0.2000|surprise:0.2000,0.9502705392332347,0.39629359547644394,0.6,3
5609,5,0,0.0,0.2,0.6,0.2,0.0,0.0,0.0,0.0,0.0,0.0,0.0,disgust:0.2000|fear:0.6000|guilt:0.2000,0.9502705392332347,0.39629359547644394,0.6,3
5639,5,0,0.6,0.2,0.2,0.0,0.0,0.0,0.0,0.0,0.0,0.0,0.0,anger:0.6000|disgust:0.2000|fear:0.2000,0.9502705392332347,0.39629359547644394,0.6,3
5641,5,0,0.8,0.0,0.0,0.0,0.0,0.0,0.0,0.0,0.0,0.2,0.0,anger:0.8000|surprise:0.2000,0.5004024235381879,0.20868401936261904,0.8,2
5642,5,0,0.6,0.0,0.0,0.0,0.0,0.0,0.0,0.2,0.2,0.0,0.0,anger:0.6000|sadness:0.2000|shame:0.2000,0.9502705392332347,0.39629359547644394,0.6,3
5680,5,0,0.0,1.0,0.0,0.0,0.0,0.0,0.0,0.0,0.0,0.0,0.0,disgust:1.0000,-0.0,-0.0,1.0,1
5688,4,1,0.25,0.75,0.0,0.0,0.0,0.0,0.0,0.0,0.0,0.0,0.0,anger:0.2500|disgust:0.7500,0.5623351446188083,0.234511970142281,0.75,2
5691,5,0,0.4,0.2,0.0,0.0,0.0,0.0,0.0,0.4,0.0,0.0,0.0,anger:0.4000|disgust:0.2000|sadness:0.4000,1.0549201679861442,0.4399358804169293,0.4,3
5704,5,0,0.0,1.0,0.0,0.0,0.0,0.0,0.0,0.0,0.0,0.0,0.0,disgust:1.0000,-0.0,-0.0,1.0,1
5720,3,2,0.0,1.0,0.0,0.0,0.0,0.0,0.0,0.0,0.0,0.0,0.0,disgust:1.0000,-0.0,-0.0,1.0,1
5725,5,0,0.4,0.0,0.6,0.0,0.0,0.0,0.0,0.0,0.0,0.0,0.0,anger:0.4000|fear:0.6000,0.6730116670092565,0.2806676649492888,0.6,2
5730,5,0,0.0,0.0,1.0,0.0,0.0,0.0,0.0,0.0,0.0,0.0,0.0,fear:1.0000,-0.0,-0.0,1.0,1
5802,5,0,0.0,0.0,0.2,0.6,0.0,0.0,0.0,0.0,0.2,0.0,0.0,fear:0.2000|guilt:0.6000|shame:0.2000,0.9502705392332347,0.39629359547644394,0.6,3
5830,5,0,0.0,0.2,0.8,0.0,0.0,0.0,0.0,0.0,0.0,0.0,0.0,disgust:0.2000|fear:0.8000,0.5004024235381879,0.20868401936261904,0.8,2
5856,5,0,0.0,0.0,1.0,0.0,0.0,0.0,0.0,0.0,0.0,0.0,0.0,fear:1.0000,-0.0,-0.0,1.0,1
588,5,0,0.6,0.0,0.0,0.0,0.0,0.0,0.0,0.2,0.0,0.0,0.2,anger:0.6000|sadness:0.2000|trust:0.2000,0.9502705392332347,0.39629359547644394,0.6,3
5880,5,0,0.0,0.0,1.0,0.0,0.0,0.0,0.0,0.0,0.0,0.0,0.0,fear:1.0000,-0.0,-0.0,1.0,1
5914,5,0,0.0,0.0,0.8,0.0,0.0,0.0,0.2,0.0,0.0,0.0,0.0,fear:0.8000|relief:0.2000,0.5004024235381879,0.20868401936261904,0.8,2
594,5,0,0.0,0.0,0.0,0.0,0.0,0.0,0.0,0.8,0.0,0.2,0.0,sadness:0.8000|surprise:0.2000,0.5004024235381879,0.20868401936261904,0.8,2
5951,5,0,0.0,0.2,0.6,0.0,0.0,0.2,0.0,0.0,0.0,0.0,0.0,disgust:0.2000|fear:0.6000|pride:0.2000,0.9502705392332347,0.39629359547644394,0.6,3
5986,5,0,0.0,0.0,0.0,0.8,0.0,0.0,0.0,0.2,0.0,0.0,0.0,guilt:0.8000|sadness:0.2000,0.5004024235381879,0.20868401936261904,0.8,2
61021,5,0,0.2,0.0,0.0,0.0,0.0,0.0,0.0,0.6,0.2,0.0,0.0,anger:0.2000|sadness:0.6000|shame:0.2000,0.9502705392332347,0.39629359547644394,0.6,3
61031,5,0,0.0,0.0,0.0,0.0,0.0,0.0,0.0,0.0,0.0,0.0,1.0,trust:1.0000,-0.0,-0.0,1.0,1
61055,4,1,0.0,0.0,0.5,0.0,0.0,0.0,0.0,0.0,0.25,0.0,0.25,fear:0.5000|shame:0.2500|trust:0.2500,1.0397207708399179,0.4335972394768317,0.5,3
61071,5,0,0.0,0.0,0.0,0.0,0.0,0.0,0.2,0.0,0.0,0.0,0.8,relief:0.2000|trust:0.8000,0.5004024235381879,0.20868401936261904,0.8,2
61094,5,0,0.0,0.0,0.6,0.2,0.2,0.0,0.0,0.0,0.0,0.0,0.0,fear:0.6000|guilt:0.2000|joy:0.2000,0.9502705392332347,0.39629359547644394,0.6,3
61099,5,0,0.0,0.0,0.2,0.0,0.0,0.0,0.0,0.0,0.0,0.0,0.8,fear:0.2000|trust:0.8000,0.5004024235381879,0.20868401936261904,0.8,2
61101,5,0,0.0,0.0,0.0,0.0,0.0,0.0,0.4,0.0,0.2,0.4,0.0,relief:0.4000|shame:0.2000|surprise:0.4000,1.0549201679861442,0.4399358804169293,0.4,3
612,5,0,0.8,0.2,0.0,0.0,0.0,0.0,0.0,0.0,0.0,0.0,0.0,anger:0.8000|disgust:0.2000,0.5004024235381879,0.20868401936261904,0.8,2
6218,5,0,0.0,0.0,0.0,0.8,0.0,0.0,0.0,0.0,0.2,0.0,0.0,guilt:0.8000|shame:0.2000,0.5004024235381879,0.20868401936261904,0.8,2
6221,5,0,1.0,0.0,0.0,0.0,0.0,0.0,0.0,0.0,0.0,0.0,0.0,anger:1.0000,-0.0,-0.0,1.0,1
6228,5,0,0.0,1.0,0.0,0.0,0.0,0.0,0.0,0.0,0.0,0.0,0.0,disgust:1.0000,-0.0,-0.0,1.0,1
623,5,0,0.2,0.2,0.0,0.0,0.0,0.0,0.0,0.6,0.0,0.0,0.0,anger:0.2000|disgust:0.2000|sadness:0.6000,0.9502705392332347,0.39629359547644394,0.6,3
6288,5,0,0.0,1.0,0.0,0.0,0.0,0.0,0.0,0.0,0.0,0.0,0.0,disgust:1.0000,-0.0,-0.0,1.0,1
6304,5,0,0.0,0.6,0.2,0.0,0.0,0.0,0.0,0.2,0.0,0.0,0.0,disgust:0.6000|fear:0.2000|sadness:0.2000,0.9502705392332347,0.39629359547644394,0.6,3
6306,5,0,0.4,0.2,0.0,0.0,0.0,0.0,0.0,0.0,0.2,0.2,0.0,anger:0.4000|disgust:0.2000|shame:0.2000|surprise:0.2000,1.3321790402101223,0.5555618109440845,0.4,4
6337,4,1,0.0,0.0,0.75,0.0,0.25,0.0,0.0,0.0,0.0,0.0,0.0,fear:0.7500|joy:0.2500,0.5623351446188083,0.234511970142281,0.75,2
6403,4,1,0.75,0.0,0.0,0.0,0.0,0.0,0.0,0.0,0.25,0.0,0.0,anger:0.7500|shame:0.2500,0.5623351446188083,0.234511970142281,0.75,2
6407,4,1,0.0,0.0,0.0,0.25,0.0,0.0,0.0,0.0,0.25,0.5,0.0,guilt:0.2500|shame:0.2500|surprise:0.5000,1.0397207708399179,0.4335972394768317,0.5,3
641,5,0,0.8,0.0,0.0,0.0,0.0,0.0,0.0,0.0,0.2,0.0,0.0,anger:0.8000|shame:0.2000,0.5004024235381879,0.20868401936261904,0.8,2
6440,5,0,0.0,0.0,0.0,0.0,1.0,0.0,0.0,0.0,0.0,0.0,0.0,joy:1.0000,-0.0,-0.0,1.0,1
6450,5,0,0.0,0.0,0.0,0.0,0.4,0.0,0.0,0.0,0.0,0.6,0.0,joy:0.4000|surprise:0.6000,0.6730116670092565,0.2806676649492888,0.6,2
6499,5,0,0.0,0.0,0.0,0.0,0.0,1.0,0.0,0.0,0.0,0.0,0.0,pride:1.0000,-0.0,-0.0,1.0,1
6524,5,0,0.0,0.0,0.0,0.0,0.8,0.0,0.0,0.2,0.0,0.0,0.0,joy:0.8000|sadness:0.2000,0.5004024235381879,0.20868401936261904,0.8,2
657,4,1,0.5,0.5,0.0,0.0,0.0,0.0,0.0,0.0,0.0,0.0,0.0,anger:0.5000|disgust:0.5000,0.6931471805599453,0.2890648263178878,0.5,2
6649,5,0,0.0,0.0,0.0,0.0,0.6,0.0,0.0,0.0,0.0,0.4,0.0,joy:0.6000|surprise:0.4000,0.6730116670092565,0.2806676649492888,0.6,2
6696,5,0,0.0,0.0,0.0,0.0,0.4,0.6,0.0,0.0,0.0,0.0,0.0,joy:0.4000|pride:0.6000,0.6730116670092565,0.2806676649492888,0.6,2
6732,5,0,0.0,0.0,0.0,0.0,0.0,0.8,0.2,0.0,0.0,0.0,0.0,pride:0.8000|relief:0.2000,0.5004024235381879,0.20868401936261904,0.8,2
6761,5,0,0.0,0.0,0.2,0.0,0.0,0.0,0.8,0.0,0.0,0.0,0.0,fear:0.2000|relief:0.8000,0.5004024235381879,0.20868401936261904,0.8,2
6768,5,0,0.0,0.0,0.0,0.0,0.0,0.0,1.0,0.0,0.0,0.0,0.0,relief:1.0000,-0.0,-0.0,1.0,1
6789,5,0,0.0,0.0,0.0,0.0,0.2,0.0,0.8,0.0,0.0,0.0,0.0,joy:0.2000|relief:0.8000,0.5004024235381879,0.20868401936261904,0.8,2
6804,5,0,0.2,0.0,0.2,0.0,0.0,0.0,0.6,0.0,0.0,0.0,0.0,anger:0.2000|fear:0.2000|relief:0.6000,0.9502705392332347,0.39629359547644394,0.6,3
6829,5,0,0.0,0.0,0.0,0.2,0.0,0.0,0.0,0.8,0.0,0.0,0.0,guilt:0.2000|sadness:0.8000,0.5004024235381879,0.20868401936261904,0.8,2
6848,5,0,0.0,0.0,0.0,0.0,0.0,0.0,0.0,1.0,0.0,0.0,0.0,sadness:1.0000,-0.0,-0.0,1.0,1
6869,5,0,0.6,0.0,0.0,0.0,0.0,0.0,0.0,0.4,0.0,0.0,0.0,anger:0.6000|sadness:0.4000,0.6730116670092565,0.2806676649492888,0.6,2
6938,5,0,0.0,0.0,0.0,0.8,0.0,0.0,0.0,0.0,0.2,0.0,0.0,guilt:0.8000|shame:0.2000,0.5004024235381879,0.20868401936261904,0.8,2
6957,5,0,0.0,0.0,0.0,0.8,0.0,0.0,0.0,0.0,0.2,0.0,0.0,guilt:0.8000|shame:0.2000,0.5004024235381879,0.20868401936261904,0.8,2
6997,5,0,0.0,0.0,0.0,0.0,0.0,0.0,0.0,0.0,0.0,1.0,0.0,surprise:1.0000,-0.0,-0.0,1.0,1
7134,5,0,0.0,0.0,0.0,0.0,0.0,1.0,0.0,0.0,0.0,0.0,0.0,pride:1.0000,-0.0,-0.0,1.0,1
7147,5,0,0.0,0.4,0.0,0.0,0.0,0.0,0.0,0.2,0.2,0.2,0.0,disgust:0.4000|sadness:0.2000|shame:0.2000|surprise:0.2000,1.3321790402101223,0.5555618109440845,0.4,4
7160,5,0,0.0,0.0,0.0,0.2,0.0,0.0,0.0,0.4,0.4,0.0,0.0,guilt:0.2000|sadness:0.4000|shame:0.4000,1.0549201679861442,0.4399358804169293,0.4,3
7164,5,0,0.0,0.0,0.0,0.0,0.0,0.0,0.0,1.0,0.0,0.0,0.0,sadness:1.0000,-0.0,-0.0,1.0,1
7179,5,0,0.2,0.0,0.2,0.2,0.0,0.0,0.0,0.2,0.0,0.0,0.2,anger:0.2000|fear:0.2000|guilt:0.2000|sadness:0.2000|trust:0.2000,1.6094379124341005,0.6711877414712396,0.2,5
7180,5,0,1.0,0.0,0.0,0.0,0.0,0.0,0.0,0.0,0.0,0.0,0.0,anger:1.0000,-0.0,-0.0,1.0,1
7193,5,0,0.0,0.0,0.0,0.0,0.0,0.0,0.0,0.8,0.2,0.0,0.0,sadness:0.8000|shame:0.2000,0.5004024235381879,0.20868401936261904,0.8,2
7198,5,0,0.0,0.0,0.0,0.0,0.4,0.6,0.0,0.0,0.0,0.0,0.0,joy:0.4000|pride:0.6000,0.6730116670092565,0.2806676649492888,0.6,2
7200,4,1,0.0,0.0,0.75,0.0,0.0,0.0,0.0,0.0,0.0,0.25,0.0,fear:0.7500|surprise:0.2500,0.5623351446188083,0.234511970142281,0.75,2
762,5,0,0.0,0.0,1.0,0.0,0.0,0.0,0.0,0.0,0.0,0.0,0.0,fear:1.0000,-0.0,-0.0,1.0,1
783,5,0,0.0,0.0,0.0,0.0,0.8,0.0,0.0,0.0,0.0,0.2,0.0,joy:0.8000|surprise:0.2000,0.5004024235381879,0.20868401936261904,0.8,2
825,5,0,0.0,0.0,0.0,0.0,0.4,0.2,0.0,0.4,0.0,0.0,0.0,joy:0.4000|pride:0.2000|sadness:0.4000,1.0549201679861442,0.4399358804169293,0.4,3
922,5,0,0.4,0.0,0.0,0.0,0.2,0.2,0.0,0.0,0.0,0.0,0.2,anger:0.4000|joy:0.2000|pride:0.2000|trust:0.2000,1.3321790402101223,0.5555618109440845,0.4,4
99,5,0,0.0,0.2,0.0,0.4,0.0,0.0,0.0,0.0,0.4,0.0,0.0,disgust:0.2000|guilt:0.4000|shame:0.4000,1.0549201679861442,0.4399358804169293,0.4,3
