form_id,item_index,emotion
form_b2_01,1,Relief
form_b2_01,2,Anger
form_b2_01,3,Sadness
form_b2_01,4,Joy
form_b2_01,5,Sadness
form_b2_01,6,Joy
form_b2_01,7,Sadness
form_b2_01,8,Joy
form_b2_01,9,Joy
form_b2_01,10,Anger
form_b2_01,11,Joy
form_b2_01,12,Sadness
form_b2_01,13,Trust
form_b2_01,14,Guilt
form_b2_01,15,Trust
form_b2_01,16,Surprise
form_b2_01,17,Pride
form_b2_01,18,Guilt
form_b2_01,19,Shame
form_b2_01,20,Surprise
form_b2_01,21,Relief
form_b2_01,22,Joy
form_b2_01,23,Anger
form_b2_01,24,Guilt
form_b2_01,25,Joy
form_b2_01,26,Sadness
form_b2_01,27,Fear
form_b2_01,28,Trust
form_b2_01,29,Disgust
form_b2_02,1,Anger
form_b2_02,2,Fear
form_b2_02,3,Shame
form_b2_02,4,Pride
form_b2_02,5,Disgust
form_b2_02,6,Joy
form_b2_02,7,Anger
form_b2_02,8,Guilt
form_b2_02,9,Fear
form_b2_02,10,Surprise
form_b2_02,11,Surprise
form_b2_02,12,Anger
form_b2_02,13,Anger
form_b2_02,14,Relief
form_b2_02,15,Relief
form_b2_02,16,Relief
form_b2_02,17,Joy
form_b2_02,18,Joy
form_b2_02,19,Pride
form_b2_02,20,Fear
form_b2_02,21,Trust
form_b2_02,22,Fear
form_b2_02,23,Trust
form_b2_02,24,Guilt
form_b2_02,25,Trust
form_b2_02,26,Trust
form_b2_02,27,Fear
form_b2_02,28,Surprise
form_b2_02,29,Surprise
form_b2_03,1,Anger
form_b2_03,2,Relief
form_b2_03,3,Joy
form_b2_03,4,Shame
form_b2_03,5,Disgust
form_b2_03,6,Guilt
form_b2_03,7,Surprise
form_b2_03,8,Trust
form_b2_03,9,Relief
form_b2_03,10,Joy
form_b2_03,11,Anger
form_b2_03,12,Guilt
form_b2_03,13,Relief
form_b2_03,14,Relief
form_b2_03,15,Joy
form_b2_03,16,Relief
form_b2_03,17,Relief
form_b2_03,18,Guilt
form_b2_03,19,Trust
form_b2_03,20,Disgust
form_b2_03,21,Sadness
form_b2_03,22,Anger
form_b2_03,23,Pride
form_b2_03,24,Joy
form_b2_03,25,Shame
form_b2_03,26,Anger
form_b2_03,27,Anger
form_b2_03,28,Relief
form_b2_03,29,Pride
form_b2_04,1,Anger
form_b2_04,2,Pride
form_b2_04,3,Sadness
form_b2_04,4,Joy
form_b2_04,5,Fear
form_b2_04,6,Joy
form_b2_04,7,Guilt
form_b2_04,8,Joy
form_b2_04,9,Joy
form_b2_04,10,Fear
form_b2_04,11,Joy
form_b2_04,12,Disgust
form_b2_04,13,Guilt
form_b2_04,14,Surprise
form_b2_04,15,Sadness
form_b2_04,16,Relief
form_b2_04,17,Disgust
form_b2_04,18,Anger
form_b2_04,19,Pride
form_b2_04,20,Anger
form_b2_04,21,Trust
form_b2_04,22,Shame
form_b2_04,23,Pride
form_b2_04,24,Joy
form_b2_04,25,Trust
form_b2_04,26,Guilt
form_b2_04,27,Guilt
form_b2_04,28,Fear
form_b2_04,29,Fear
form_b2_05,1,Sadness
form_b2_05,2,Sadness
form_b2_05,3,Joy
form_b2_05,4,Joy
form_b2_05,5,Pride
form_b2_05,6,Trust
form_b2_05,7,Surprise
form_b2_05,8,Joy
form_b2_05,9,Joy
form_b2_05,10,Sadness
form_b2_05,11,Relief
form_b2_05,12,Trust
form_b2_05,13,Fear
form_b2_05,14,Pride
form_b2_05,15,Anger
form_b2_05,16,Pride
form_b2_05,17,Guilt
form_b2_05,18,Surprise
form_b2_05,19,Sadness
form_b2_05,20,Guilt
form_b2_05,21,Relief
form_b2_05,22,Fear
form_b2_05,23,Relief
form_b2_05,24,Joy
form_b2_05,25,Shame
form_b2_05,26,Relief
form_b2_05,27,Anger
form_b2_05,28,Sadness
form_b2_05,29,Disgust
form_b2_05,1,Disgust
form_b2_05,2,Guilt
form_b2_05,3,Joy
form_b2_05,4,Relief
form_b2_05,5,Pride
form_b2_05,6,Fear
form_b2_05,7,Joy
form_b2_05,8,Joy
form_b2_05,9,Surprise
form_b2_05,10,Relief
form_b2_05,11,Fear
form_b2_05,12,Relief
form_b2_05,13,Anger
form_b2_05,14,Pride
form_b2_05,15,Anger
form_b2_05,16,Surprise
form_b2_05,17,Shame
form_b2_05,18,Joy
form_b2_05,19,Anger
form_b2_05,20,Shame
form_b2_05,21,Joy
form_b2_05,22,Relief
form_b2_05,23,Joy
form_b2_05,24,Joy
form_b2_05,25,Guilt
form_b2_05,26,Anger
form_b2_05,27,Shame
form_b2_05,28,Anger
form_b2_05,29,Fear
form_b2_05,1,Shame
form_b2_05,2,Relief
form_b2_05,3,Joy
form_b2_05,4,Joy
form_b2_05,5,Pride
form_b2_05,6,Relief
form_b2_05,7,Disgust
form_b2_05,8,Guilt
form_b2_05,9,Guilt
form_b2_05,10,Guilt
form_b2_05,11,Guilt
form_b2_05,12,Relief
form_b2_05,13,Joy
form_b2_05,14,Joy
form_b2_05,15,Relief
form_b2_05,16,Joy
form_b2_05,17,Sadness
form_b2_05,18,Relief
form_b2_05,19,Shame
form_b2_05,20,Sadness
form_b2_05,21,Sadness
form_b2_05,22,Sadness
form_b2_05,23,Sadness
form_b2_05,24,Sadness
form_b2_05,25,Sadness
form_b2_05,26,Sadness
form_b2_05,27,Sadness
form_b2_05,28,Sadness
form_b2_05,29,Sadness
form_b2_06,1,Anger
form_b2_06,2,Anger
form_b2_06,3,Surprise
form_b2_06,4,Relief
form_b2_06,5,Trust
form_b2_06,6,Disgust
form_b2_06,7,Shame
form_b2_06,8,Pride
form_b2_06,9,Anger
form_b2_06,10,Trust
form_b2_06,11,Relief
form_b2_06,12,Shame
form_b2_06,13,Joy
form_b2_06,14,Fear
form_b2_06,15,Guilt
form_b2_06,16,Pride
form_b2_06,17,Joy
form_b2_06,18,Trust
form_b2_06,19,Fear
form_b2_06,20,Disgust
form_b2_06,21,Surprise
form_b2_06,22,Pride
form_b2_06,23,Joy
form_b2_06,24,Joy
form_b2_06,25,Relief
form_b2_06,26,Sadness
form_b2_06,27,Relief
form_b2_06,28,Guilt
form_b2_06,29,Fear